<?xml version="1.0"?>
<COLLADA xmlns="http://www.collada.org/2005/11/COLLADASchema" version="1.4.1">
	<asset>
		<contributor>
			<author>Assimp</author>
			<authoring_tool>Assimp Exporter</authoring_tool>
		</contributor>
		<created>2020-11-21T20:40:26</created>
		<modified>2020-11-21T20:40:26</modified>
		<unit name="meter" meter="1.000000" />
		<up_axis>Y_UP</up_axis>
	</asset>
	<library_effects>
		<effect id="Material1-fx" name="Material1">
			<profile_COMMON>
				<technique sid="standard">
					<phong>
						<diffuse>
							<color sid="diffuse">0.800000   0.800000   0.800000   1.000000</color>
						</diffuse>
					</phong>
				</technique>
			</profile_COMMON>
		</effect>
		<effect id="Material2-fx" name="Material2">
			<profile_COMMON>
				<technique sid="standard">
					<phong>
						<diffuse>
							<color sid="diffuse">0.800000   0.800000   0.800000   1.000000</color>
						</diffuse>
					</phong>
				</technique>
			</profile_COMMON>
		</effect>
		<effect id="Material3-fx" name="Material3">
			<profile_COMMON>
				<technique sid="standard">
					<phong>
						<diffuse>
							<color sid="diffuse">0.800000   0.800000   0.800000   1.000000</color>
						</diffuse>
					</phong>
				</technique>
			</profile_COMMON>
		</effect>
		<effect id="Material4-fx" name="Material4">
			<profile_COMMON>
				<technique sid="standard">
					<phong>
						<diffuse>
							<color sid="diffuse">0.800000   0.800000   0.800000   1.000000</color>
						</diffuse>
					</phong>
				</technique>
			</profile_COMMON>
		</effect>
		<effect id="Material5-fx" name="Material5">
			<profile_COMMON>
				<technique sid="standard">
					<phong>
						<diffuse>
							<color sid="diffuse">0.800000   0.800000   0.800000   1.000000</color>
						</diffuse>
					</phong>
				</technique>
			</profile_COMMON>
		</effect>
	</library_effects>
	<library_materials>
		<material id="Material1" name="Material1">
			<instance_effect url="#Material1-fx"/>
		</material>
		<material id="Material2" name="Material2">
			<instance_effect url="#Material2-fx"/>
		</material>
		<material id="Material3" name="Material3">
			<instance_effect url="#Material3-fx"/>
		</material>
		<material id="Material4" name="Material4">
			<instance_effect url="#Material4-fx"/>
		</material>
		<material id="Material5" name="Material5">
			<instance_effect url="#Material5-fx"/>
		</material>
	</library_materials>
	<library_geometries>
		<geometry id="meshId0" name="meshId0_name" >
			<mesh>
				<source id="meshId0-positions" name="meshId0-positions">
					<float_array id="meshId0-positions-array" count="1410"> 
						-1.285943 13.279995 3.216880 -0.980681 13.274164 0.265772 -0.949084 13.064190 0.390449 -1.203120 12.792808 2.924889 -0.762269 13.798619 3.224322 -0.756463 13.501236 0.272363 -0.949084 13.484120 0.390449 -1.203120 13.754721 2.924889 -0.243703 13.273771 3.241352 -0.529901 13.276855 0.275587 -0.562983 13.485195 0.385731 -0.323197 13.752273 2.914138 -0.762269 12.748925 3.224321 -0.756463 13.047092 0.272363 -0.562983 13.063117 0.385731 -0.323197 12.795255 2.914138 -0.764868 13.273825 3.848328 -0.762269 12.748925 3.224321 -0.243703 13.273771 3.241352 -0.764868 13.273825 3.848328 -0.762269 13.798619 3.224322 -0.764868 13.273825 3.848328 -0.762269 13.798619 3.224322 -1.203120 13.754721 2.924889 -0.755343 13.274186 0.004146 -0.529901 13.276855 0.275587 -0.562983 13.063117 0.385731 -0.756463 13.047092 0.272363 -0.980681 13.274164 0.265772 -0.755343 13.274186 0.004146 -0.756463 13.047092 0.272363 -0.949084 13.064190 0.390449 -0.323197 12.795255 2.914138 -0.243703 13.273771 3.241352 -0.323197 13.752273 2.914138 -0.562983 13.485195 0.385731 -0.949084 13.484120 0.390449 -0.756463 13.501236 0.272363 -0.949084 13.484120 0.390449 -0.529901 13.276855 0.275587 -0.755343 13.274186 0.004146 -1.203120 12.792808 2.924889 -0.949084 13.064190 0.390449 -5.997027 13.270162 0.012092 -5.997027 13.987805 0.711801 -5.497027 13.770161 0.953768 -5.279384 13.270162 0.711801 -6.714673 13.270162 0.711801 -6.497028 13.770161 0.953768 -5.997027 13.987805 0.711801 -5.997027 13.270162 0.012092 -5.997027 12.552516 0.711801 -5.997027 13.270162 0.012092 -5.279384 13.270162 0.711801 -5.497027 12.770161 0.953768 -6.497028 12.770161 0.953768 -5.997027 12.552516 0.711801 -5.997027 13.270163 3.994059 -5.279384 13.270162 3.294349 -5.497027 13.770161 3.052382 -5.997027 13.987805 3.294349 -6.714673 13.270162 3.294349 -5.997027 13.270163 3.994059 -5.997027 13.987805 3.294349 
						-6.497028 13.770161 3.052382 -5.997027 12.552516 3.294349 -5.497027 12.770161 3.052382 -6.497028 12.770161 3.052382 -5.997027 12.552516 3.294349 -5.997027 12.552516 3.294349 -6.497028 12.770161 3.052382 -6.497028 12.770161 0.953768 -5.997027 12.552516 0.711801 -5.497027 12.770161 3.052382 -5.497027 12.770161 0.953768 -5.279384 13.270162 3.294349 -5.497027 12.770161 3.052382 -5.279384 13.270162 0.711801 -5.497027 13.770161 0.953768 -5.997027 13.987805 3.294349 -5.497027 13.770161 3.052382 -6.497028 13.770161 3.052382 -6.497028 13.770161 0.953768 -6.497028 13.770161 0.953768 -6.714673 13.270162 0.711801 -6.497028 12.770161 0.953768 -3.924333 13.270162 1.141336 -4.287607 13.770156 1.141339 -4.450063 13.270162 2.131845 -4.287607 12.770165 1.141339 -4.875384 12.961148 1.141339 -4.680602 13.102667 0.303117 -4.362006 12.999146 0.303117 -4.287607 13.770156 1.141339 -4.875384 13.579172 1.141339 -4.450063 13.270162 2.131845 -4.362006 13.541176 0.303117 -4.680602 13.437656 0.303116 -4.875384 13.579172 1.141339 -4.875384 12.961148 1.141339 -4.450063 13.270162 2.131845 -3.924333 13.270162 1.141336 -4.287607 12.770165 1.141339 -4.362006 12.999146 0.303117 -4.165099 13.270162 0.303115 -4.450063 13.270162 2.131845 -4.875384 12.961148 1.141339 -4.875384 13.579172 1.141339 -4.680602 13.437656 0.303116 -4.680602 13.102667 0.303117 -4.287607 12.770165 1.141339 -3.924333 13.270162 1.141336 -4.165099 13.270162 0.303115 -4.680602 13.102667 0.303117 -4.450064 13.270162 0.039460 -4.450064 13.270162 0.039460 -4.362006 13.541176 0.303117 -4.362006 13.541176 0.303117 -3.719085 13.314312 3.160184 -3.520561 13.273210 4.066745 -3.374434 13.727670 3.884384 -3.542548 13.867199 3.114041 -2.821665 13.943154 3.210134 -2.826116 13.752426 4.066745 -2.277799 13.727670 3.884384 -2.114661 13.854798 3.059221 -1.942991 13.272857 3.312260 -2.139327 13.273210 4.066745 
						-2.277799 12.818747 3.884384 -2.114661 12.690916 3.059221 -2.821665 12.602560 3.210134 -2.826116 12.793989 4.066745 -3.374434 12.818747 3.884384 -3.542548 12.678516 3.114041 -2.829944 13.273210 5.044877 -3.520561 13.273210 4.066745 -2.139327 13.273210 4.066745 -2.277799 12.818747 3.884384 -2.277799 13.727670 3.884384 -2.826116 13.752426 4.066745 -2.829944 13.273210 5.044877 -3.374434 13.727670 3.884384 -3.520561 13.273210 4.066745 -2.829944 13.273210 5.044877 -2.333219 13.273208 0.674887 -2.435454 13.551442 0.662168 -2.114661 13.854798 3.059221 -2.682566 12.965049 0.675327 -2.989951 12.944748 0.661402 -3.542548 13.867199 3.114041 -2.989951 13.601668 0.661402 -3.027095 13.273208 0.676347 -3.719085 13.314312 3.160184 -2.114661 12.690916 3.059221 -2.435454 12.994972 0.662168 -2.333219 13.273208 0.674887 -1.942991 13.272857 3.312260 -2.114661 12.690916 3.059221 -2.435454 12.994972 0.662168 -3.542548 13.867199 3.114041 -2.435454 13.551442 0.662168 -2.682566 13.581366 0.675327 -2.989951 13.601668 0.661402 -3.542548 12.678516 3.114041 -3.374434 12.818747 3.884384 -2.691105 13.273208 0.014085 -2.691105 13.273208 0.014085 -2.989951 12.944748 0.661402 -3.542548 12.678516 3.114041 -2.691105 13.273208 0.014085 -2.691105 13.273208 0.014085 -2.435454 13.551442 0.662168 1.696174 13.720562 2.687385 1.696174 13.720562 1.367267 1.438884 13.720562 1.106583 0.909438 13.720562 1.532121 0.909438 13.720562 2.564214 1.383978 13.720562 3.428907 1.307365 13.273825 4.220414 0.690371 13.280002 3.592294 0.909438 12.782896 2.703073 1.332710 12.753884 2.908323 1.915241 13.318439 3.134557 1.696174 12.784840 2.694533 1.696174 13.720562 2.687385 1.383978 13.720562 3.428907 1.307365 13.273825 4.220414 1.915241 13.318439 3.134557 0.690371 13.280002 3.592294 1.307365 13.273825 4.220414 1.317605 13.273824 -0.004145 1.806767 13.197432 0.650335 
						1.696174 12.769028 1.357516 1.342629 12.672016 1.202269 0.690371 13.273771 0.601263 1.317605 13.273824 -0.004145 1.342629 12.672016 1.202269 0.909438 12.702415 1.412207 1.317605 13.273824 -0.004145 0.690371 13.273771 0.601263 1.806767 13.197432 0.650335 1.696174 12.769028 1.357516 1.806767 13.197432 0.650335 1.696174 13.720562 1.367267 0.909438 13.720562 2.564214 0.909438 13.720562 1.532121 0.690371 13.273771 0.601263 0.690371 13.280002 3.592294 1.915241 13.318439 3.134557 1.696174 12.784840 2.694533 0.909438 12.702415 1.412207 0.909438 12.782896 2.703073 3.232536 13.270162 2.092196 2.985301 13.610446 2.092197 2.965642 13.270162 2.539050 2.985301 12.929876 2.092197 2.585274 13.059856 2.092197 2.412096 12.987725 0.475692 2.949327 12.813164 0.475692 2.985301 13.610446 2.092197 2.585274 13.480467 2.092197 2.965642 13.270162 2.539050 2.949327 13.727159 0.475692 2.412096 13.552600 0.475692 2.585274 13.480467 2.092197 2.585274 13.059856 2.092197 2.965642 13.270162 2.539050 3.232536 13.270162 2.092196 2.985301 12.929876 2.092197 2.949327 12.813164 0.475692 3.281360 13.270162 0.475689 2.965642 13.270162 2.539050 2.412096 13.552600 0.475692 2.412096 12.987725 0.475692 2.985301 12.929876 2.092197 3.281360 13.270162 0.475689 2.949327 13.727159 0.475692 2.949327 12.813164 0.475692 2.412096 12.987725 0.475692 2.896247 13.270162 0.020379 2.412096 13.552600 0.475692 2.949327 13.727159 0.475692 2.896247 13.270162 0.020379 2.949327 13.727159 0.475692 4.186002 13.276731 2.039484 5.499315 13.337269 0.002760 5.558722 13.092205 0.002760 4.390316 12.951275 1.911758 4.568070 13.623189 2.356134 6.037768 13.982795 0.002760 5.558722 13.624785 0.002760 4.390316 13.593863 1.911758 4.941671 13.272573 2.675556 6.099658 13.342304 0.002760 6.037768 13.982795 0.002760 5.043715 13.592226 2.429718 
						4.568070 12.921958 2.356134 5.938108 13.070518 0.002760 5.043715 12.952909 2.429718 4.259894 13.272608 2.733046 4.186002 13.276731 2.039484 4.390316 12.951275 1.911758 4.941671 13.272573 2.675556 5.043715 13.592226 2.429718 4.259894 13.272608 2.733046 4.941671 13.272573 2.675556 4.186002 13.276731 2.039484 5.043715 12.952909 2.429718 5.938108 13.070518 0.002760 4.390316 13.593863 1.911758 5.558722 13.624785 0.002760 5.558722 13.092205 0.002760 5.568181 13.314312 3.160184 5.766706 13.273210 4.066745 5.912832 13.727670 3.884384 5.744718 13.867199 3.114041 6.465601 13.943154 3.210134 6.461150 13.752426 4.066745 7.009467 13.727670 3.884385 7.172606 13.854798 3.059221 7.344275 13.272857 3.312260 7.147940 13.273210 4.066745 7.009467 12.818747 3.884384 7.172606 12.690916 3.059221 6.465601 12.602560 3.210134 6.461150 12.793989 4.066745 5.912833 12.818747 3.884384 5.744718 12.678516 3.114041 6.457322 13.273210 5.044877 5.766706 13.273210 4.066745 7.147940 13.273210 4.066745 7.009467 12.818747 3.884384 7.009467 13.727670 3.884385 6.461150 13.752426 4.066745 6.457322 13.273210 5.044877 5.912832 13.727670 3.884384 5.766706 13.273210 4.066745 6.457322 13.273210 5.044877 7.610571 12.960354 0.002760 7.311358 14.280124 0.002760 7.172606 13.854798 3.059221 6.621339 12.774173 0.002760 6.037768 12.735629 0.002760 6.037768 13.982795 0.002760 6.099658 13.342304 0.002760 7.172606 12.690916 3.059221 7.116796 12.760040 0.002760 7.610571 12.960354 0.002760 7.344275 13.272857 3.312260 5.744718 13.867199 3.114041 7.311358 14.280124 0.002760 6.727582 14.035639 0.002760 6.037768 13.982795 0.002760 5.744718 12.678516 3.114041 5.912833 12.818747 3.884384 6.037768 12.735629 0.002760 7.874526 13.279995 3.082989 6.728267 13.362654 0.002760 7.804514 12.792808 2.787664 8.335400 13.798619 2.834226 
						7.311358 14.280124 0.002760 6.728267 13.362654 0.002760 7.804514 13.754721 2.787664 8.796490 13.273771 2.596325 7.563481 13.366138 0.002760 7.610571 13.761670 0.002760 8.567580 13.752273 2.349365 8.335400 12.748925 2.834226 7.116796 12.760040 0.002760 7.610571 12.960354 0.002760 8.567580 12.795255 2.349365 8.637300 13.273824 3.380348 8.335400 12.748925 2.834226 8.796490 13.273771 2.596325 8.637300 13.273824 3.380348 8.567580 13.752273 2.349365 8.335400 13.798619 2.834226 8.637300 13.273824 3.380348 8.796490 13.273771 2.596325 8.335400 13.798619 2.834226 7.804514 13.754721 2.787664 8.567580 12.795255 2.349365 7.610571 12.960354 0.002760 8.567580 13.752273 2.349365 7.610571 13.761670 0.002760 7.804514 12.792808 2.787664 6.728267 13.362654 0.002760 7.166265 14.679127 3.224669 6.728267 13.362654 0.002760 7.545683 14.402719 3.012685 6.953796 15.118589 2.834748 6.490793 13.777281 0.002760 6.728267 13.362654 0.002760 6.728056 14.757890 2.901024 7.628390 15.174819 2.576303 7.311358 14.280124 0.002760 6.727582 14.035639 0.002760 7.108236 15.162875 2.330123 7.846040 14.731004 2.956599 7.223658 13.458929 0.002760 7.610571 13.761670 0.002760 7.921705 14.809512 2.441215 7.549466 15.212524 3.357917 7.166265 14.679127 3.224669 7.545683 14.402719 3.012685 7.846040 14.731004 2.956599 7.628390 15.174819 2.576303 7.921705 14.809512 2.441215 6.953796 15.118589 2.834748 7.549466 15.212524 3.357917 7.166265 14.679127 3.224669 7.549466 15.212524 3.357917 7.921705 14.809512 2.441215 7.610571 13.761670 0.002760 6.490793 13.777281 0.002760 6.728056 14.757890 2.901024 5.289194 15.605397 2.172470 6.728267 13.362654 0.002760 5.749591 15.711260 1.878245 4.694124 15.390960 1.839851 5.938108 13.070518 0.002760 5.060636 15.117163 2.083813 4.843765 15.826940 1.292512 6.037768 13.982795 0.002760 
						5.558722 13.624785 0.002760 4.698298 15.279780 1.328644 5.445952 16.039272 1.615523 6.728267 13.362654 0.002760 6.357805 13.918879 0.002760 5.383746 15.870852 1.124122 4.758581 16.165356 1.985279 5.445952 16.039272 1.615523 4.843765 15.826940 1.292512 4.758581 16.165356 1.985279 4.694124 15.390960 1.839851 4.758581 16.165356 1.985279 4.694124 15.390960 1.839851 5.060636 15.117163 2.083813 5.289194 15.605397 2.172470 4.758581 16.165356 1.985279 5.383746 15.870852 1.124122 6.357805 13.918879 0.002760 4.698298 15.279780 1.328644 5.558722 13.624785 0.002760 6.728267 13.362654 0.002760 5.289194 15.605397 2.172470 5.749591 15.711260 1.878245 5.298635 11.239683 0.872652 6.037768 12.735629 0.002760 6.825906 12.463675 0.002760 5.789465 11.286185 0.950364 4.889671 11.643228 1.156672 6.099658 13.342304 0.002760 5.938108 13.070518 0.002760 5.068624 11.647223 0.727533 5.258618 11.646617 1.681740 6.728267 13.362654 0.002760 6.099658 13.342304 0.002760 5.046553 12.012869 1.399350 5.676297 11.249243 1.399838 6.728267 13.362654 0.002760 5.763727 11.653669 1.621047 5.008553 11.027322 1.487115 5.298635 11.239683 0.872652 5.789465 11.286185 0.950364 5.676297 11.249243 1.399838 5.258618 11.646617 1.681740 5.008553 11.027322 1.487115 5.046553 12.012869 1.399350 4.889671 11.643228 1.156672 5.008553 11.027322 1.487115 5.258618 11.646617 1.681740 5.298635 11.239683 0.872652 5.008553 11.027322 1.487115 5.763727 11.653669 1.621047 4.889671 11.643228 1.156672 6.037768 12.735629 0.002760 5.789465 11.286185 0.950364 6.825906 12.463675 0.002760 7.966688 11.861845 0.433117 6.825906 12.463675 0.002760 7.116796 12.760040 0.002760 8.062298 12.147484 0.244833 7.842990 11.907545 0.869777 6.825906 12.463675 0.002760 7.659045 11.885325 0.595587 8.159892 12.231745 0.925168 6.728267 13.362654 0.002760 
						7.807755 12.210062 1.006696 8.283043 12.193626 0.487013 6.728267 13.362654 0.002760 7.116796 12.760040 0.002760 8.208957 12.470885 0.657726 8.325310 11.787227 0.783163 8.283043 12.193626 0.487013 8.159892 12.231745 0.925168 8.325310 11.787227 0.783163 8.283043 12.193626 0.487013 8.208957 12.470885 0.657726 7.807755 12.210062 1.006696 7.842990 11.907545 0.869777 7.842990 11.907545 0.869777 7.659045 11.885325 0.595587 7.966688 11.861845 0.433117 8.325310 11.787227 0.783163 8.159892 12.231745 0.925168 8.208957 12.470885 0.657726 6.728267 13.362654 0.002760 6.825906 12.463675 0.002760 6.728267 13.362654 0.002760 
					</float_array>
					<technique_common>
						<accessor count="470" offset="0" source="#meshId0-positions-array" stride="3">
							<param name="X" type="float" />
							<param name="Y" type="float" />
							<param name="Z" type="float" />
						</accessor>
					</technique_common>
				</source>
				<source id="meshId0-normals" name="meshId0-normals">
					<float_array id="meshId0-normals-array" count="1410"> 
						-0.907238 0.005402 0.420582 -0.863083 0.000397 -0.505062 -0.656842 -0.699051 -0.282642 -0.682021 -0.725207 0.094458 -0.000641 0.898389 0.439200 0.000092 0.861322 -0.508059 -0.656252 0.699681 -0.282454 -0.680337 0.726909 0.093511 0.899400 0.000153 0.437126 0.870739 0.004669 -0.491723 0.657629 0.696968 -0.285935 0.682966 0.725083 0.088385 -0.003510 -0.897904 0.440178 0.002686 -0.860616 -0.509247 0.659062 -0.695350 -0.286575 0.683180 -0.724900 0.088232 -0.003937 -0.000214 0.999992 -0.003510 -0.897904 0.440178 0.899400 0.000153 0.437126 -0.003937 -0.000214 0.999992 -0.000641 0.898389 0.439200 -0.003937 -0.000214 0.999992 -0.000641 0.898389 0.439200 -0.680337 0.726909 0.093511 0.003601 -0.000214 -0.999994 0.870739 0.004669 -0.491723 0.659062 -0.695350 -0.286575 0.002686 -0.860616 -0.509247 -0.863083 0.000397 -0.505062 0.003601 -0.000214 -0.999994 0.002686 -0.860616 -0.509247 -0.656842 -0.699051 -0.282642 0.683180 -0.724900 0.088232 0.899400 0.000153 0.437126 0.682966 0.725083 0.088385 0.657629 0.696968 -0.285935 -0.656252 0.699681 -0.282454 0.000092 0.861322 -0.508059 -0.656252 0.699681 -0.282454 0.870739 0.004669 -0.491723 0.003601 -0.000214 -0.999994 -0.682021 -0.725207 0.094458 -0.656842 -0.699051 -0.282642 0.000000 0.000000 -1.000000 0.000000 0.898539 -0.438893 0.689225 0.689225 -0.223465 0.898539 0.000000 -0.438893 -0.898539 0.000000 -0.438893 -0.689225 0.689225 -0.223465 0.000000 0.898539 -0.438893 0.000000 0.000000 -1.000000 0.000000 -0.898539 -0.438893 0.000000 0.000000 -1.000000 0.898539 0.000000 -0.438893 0.689225 -0.689225 -0.223465 -0.689225 -0.689225 -0.223465 0.000000 -0.898539 -0.438893 0.000000 0.000000 1.000000 0.898539 -0.000000 0.438893 0.689225 0.689225 0.223465 0.000000 0.898539 0.438893 -0.898539 -0.000000 0.438893 0.000000 0.000000 1.000000 0.000000 0.898539 0.438893 
						-0.689225 0.689225 0.223465 0.000000 -0.898539 0.438893 0.689225 -0.689225 0.223465 -0.689225 -0.689225 0.223465 0.000000 -0.898539 0.438893 0.000000 -0.898539 0.438893 -0.689225 -0.689225 0.223465 -0.689225 -0.689225 -0.223465 0.000000 -0.898539 -0.438893 0.689225 -0.689225 0.223465 0.689225 -0.689225 -0.223465 0.898539 -0.000000 0.438893 0.689225 -0.689225 0.223465 0.898539 0.000000 -0.438893 0.689225 0.689225 -0.223465 0.000000 0.898539 0.438893 0.689225 0.689225 0.223465 -0.689225 0.689225 0.223465 -0.689225 0.689225 -0.223465 -0.689225 0.689225 -0.223465 -0.898539 0.000000 -0.438893 -0.689225 -0.689225 -0.223465 0.995772 -0.000000 0.091862 0.307694 0.947040 0.091863 0.000000 0.000000 1.000000 0.307694 -0.947040 0.091863 -0.805593 -0.585304 0.091864 -0.708206 -0.514529 -0.483430 0.270488 -0.832553 -0.483418 0.307694 0.947040 0.091863 -0.805593 0.585304 0.091864 0.000000 0.000000 1.000000 0.270488 0.832552 -0.483418 -0.708206 0.514529 -0.483430 -0.805593 0.585304 0.091864 -0.805593 -0.585304 0.091864 0.000000 0.000000 1.000000 0.995772 -0.000000 0.091862 0.307694 -0.947040 0.091863 0.270488 -0.832553 -0.483418 0.875385 0.000000 -0.483426 0.000000 0.000000 1.000000 -0.805593 -0.585304 0.091864 -0.805593 0.585304 0.091864 -0.708206 0.514529 -0.483430 -0.708206 -0.514529 -0.483430 0.307694 -0.947040 0.091863 0.995772 -0.000000 0.091862 0.875385 0.000000 -0.483426 -0.708206 -0.514529 -0.483430 0.000000 0.000000 -1.000000 0.000000 0.000000 -1.000000 0.270488 0.832552 -0.483418 0.270488 0.832552 -0.483418 -0.999852 0.017090 0.002197 -0.866591 0.001160 0.499018 -0.560943 0.753397 0.343127 -0.649638 0.760241 -0.002197 0.017854 0.998394 0.053774 0.005066 0.904458 0.426532 0.561809 0.755732 0.336512 0.645362 0.763869 -0.003449 0.995312 -0.000092 0.096714 0.862509 0.000031 0.506042 
						0.561838 -0.755547 0.336877 0.645297 -0.763925 -0.003327 0.017854 -0.998375 0.054111 0.005066 -0.904301 0.426866 -0.569761 -0.748298 0.339739 -0.657689 -0.753275 -0.004700 -0.001190 -0.000000 0.999999 -0.866591 0.001160 0.499018 0.862509 0.000031 0.506042 0.561838 -0.755547 0.336877 0.561809 0.755732 0.336512 0.005066 0.904458 0.426532 -0.001190 -0.000000 0.999999 -0.560943 0.753397 0.343127 -0.866591 0.001160 0.499018 -0.001190 -0.000000 0.999999 0.952720 -0.000000 -0.303850 0.597966 0.729200 -0.332722 0.645362 0.763869 -0.003449 0.057467 -0.959329 -0.276379 -0.580453 -0.721729 -0.377070 -0.649638 0.760241 -0.002197 -0.576582 0.725061 -0.376616 -0.936242 0.003479 -0.351339 -0.999852 0.017090 0.002197 0.645297 -0.763925 -0.003327 0.597955 -0.729156 -0.332838 0.952720 -0.000000 -0.303850 0.995312 -0.000092 0.096714 0.645297 -0.763925 -0.003327 0.597955 -0.729156 -0.332838 -0.649638 0.760241 -0.002197 0.597966 0.729200 -0.332722 0.057498 0.959362 -0.276257 -0.576582 0.725061 -0.376616 -0.657689 -0.753275 -0.004700 -0.569761 -0.748298 0.339739 0.015779 0.000000 -0.999875 0.015779 0.000000 -0.999875 -0.580453 -0.721729 -0.377070 -0.657689 -0.753275 -0.004700 0.015779 0.000000 -0.999875 0.015779 0.000000 -0.999875 0.597966 0.729200 -0.332722 0.566678 0.822092 0.055148 0.588137 0.802230 -0.102575 0.124123 0.947390 -0.295033 -0.520409 0.850532 -0.075962 -0.524654 0.849866 0.049655 0.138800 0.926159 0.350663 0.055759 -0.017549 0.998290 -0.865677 -0.015565 0.500362 -0.547936 -0.827520 0.122381 0.111152 -0.952818 0.282458 0.943515 -0.024721 0.330406 0.608286 -0.783164 0.129006 0.566678 0.822092 0.055148 0.138800 0.926159 0.350663 0.055759 -0.017549 0.998290 0.943515 -0.024721 0.330406 -0.865677 -0.015565 0.500362 0.055759 -0.017549 0.998290 0.048373 0.043978 -0.997861 0.873448 -0.075442 -0.481037 
						0.612765 -0.782452 -0.110846 0.032533 -0.961474 -0.272963 -0.834555 0.057499 -0.547916 0.048373 0.043978 -0.997861 0.032533 -0.961474 -0.272963 -0.540377 -0.834736 -0.105872 0.048373 0.043978 -0.997861 -0.834555 0.057499 -0.547916 0.873448 -0.075442 -0.481037 0.612765 -0.782452 -0.110846 0.873448 -0.075442 -0.481037 0.588137 0.802230 -0.102575 -0.524654 0.849866 0.049655 -0.520409 0.850532 -0.075962 -0.834555 0.057499 -0.547916 -0.865677 -0.015565 0.500362 0.943515 -0.024721 0.330406 0.608286 -0.783164 0.129006 -0.540377 -0.834736 -0.105872 -0.547936 -0.827520 0.122381 0.966158 0.000000 0.257951 0.287154 0.905165 0.313400 0.136604 0.000000 0.990626 0.287154 -0.905165 0.313400 -0.747226 -0.541193 0.385699 -0.771983 -0.545439 -0.326403 0.272014 -0.910771 -0.310651 0.287154 0.905165 0.313400 -0.747226 0.541193 0.385699 0.136604 0.000000 0.990626 0.272014 0.910772 -0.310651 -0.771983 0.545439 -0.326403 -0.747226 0.541193 0.385699 -0.747226 -0.541193 0.385699 0.136604 0.000000 0.990626 0.966158 0.000000 0.257951 0.287154 -0.905165 0.313400 0.272014 -0.910771 -0.310651 0.955770 0.000000 -0.294114 0.136604 0.000000 0.990626 -0.771983 0.545439 -0.326403 -0.771983 -0.545439 -0.326403 0.287154 -0.905165 0.313400 0.955770 0.000000 -0.294114 0.272014 0.910772 -0.310651 0.272014 -0.910771 -0.310651 -0.771983 -0.545439 -0.326403 0.114048 0.000000 -0.993475 -0.771983 0.545439 -0.326403 0.272014 0.910772 -0.310651 0.114048 0.000000 -0.993475 0.272014 0.910772 -0.310651 -0.993324 -0.000336 -0.115361 -0.844809 -0.001434 -0.535067 -0.431174 -0.841503 -0.325517 -0.591120 -0.776523 -0.218149 -0.331592 0.882100 0.334583 -0.335432 0.786590 -0.518422 -0.903764 0.233044 -0.359028 -0.710209 0.662905 -0.236981 0.430751 -0.042849 0.901453 -0.349109 0.567169 0.745951 -0.335432 0.786590 -0.518422 0.523252 0.664342 0.533720 
						-0.261523 -0.913180 0.312583 -0.452414 -0.883862 0.118780 0.493927 -0.760422 0.421657 -0.632967 0.000092 0.774179 -0.993324 -0.000336 -0.115361 -0.591120 -0.776523 -0.218149 0.430751 -0.042849 0.901453 0.523252 0.664342 0.533720 -0.632967 0.000092 0.774179 0.430751 -0.042849 0.901453 -0.993324 -0.000336 -0.115361 0.493927 -0.760422 0.421657 -0.452414 -0.883862 0.118780 -0.710209 0.662905 -0.236981 -0.903764 0.233044 -0.359028 -0.431174 -0.841503 -0.325517 -0.998114 0.012360 0.060122 -0.866591 0.001160 0.499018 -0.560943 0.753397 0.343127 -0.684798 0.723619 0.086187 -0.039552 0.990145 0.134343 0.005066 0.904458 0.426532 0.561809 0.755732 0.336512 0.601564 0.783641 0.155007 0.980300 -0.073429 0.183358 0.862509 0.000031 0.506042 0.561838 -0.755547 0.336877 0.506735 -0.856542 0.097752 0.012330 -0.995242 0.096652 0.005066 -0.904301 0.426866 -0.569761 -0.748298 0.339739 -0.672123 -0.737739 0.063175 -0.001190 -0.000000 0.999999 -0.866591 0.001160 0.499018 0.862509 0.000031 0.506042 0.561838 -0.755547 0.336877 0.561809 0.755732 0.336512 0.005066 0.904458 0.426532 -0.001190 -0.000000 0.999999 -0.560943 0.753397 0.343127 -0.866591 0.001160 0.499018 -0.001190 -0.000000 0.999999 0.859354 -0.490593 -0.144324 0.305678 0.944838 -0.117651 0.601564 0.783641 0.155007 0.016816 -0.999147 -0.037721 -0.430472 -0.611451 -0.663944 -0.335432 0.786590 -0.518422 -0.349109 0.567169 0.745951 0.506735 -0.856542 0.097752 0.301677 -0.905123 -0.299571 0.859354 -0.490593 -0.144324 0.980300 -0.073429 0.183358 -0.684798 0.723619 0.086187 0.305678 0.944838 -0.117651 -0.331161 0.936808 -0.112798 -0.335432 0.786590 -0.518422 -0.672123 -0.737739 0.063175 -0.569761 -0.748298 0.339739 -0.430472 -0.611451 -0.663944 -0.600832 0.005097 0.799359 -0.207864 -0.133490 0.969006 -0.699931 -0.553590 0.451259 0.201610 0.853165 0.481105 
						0.305678 0.944838 -0.117651 -0.207864 -0.133490 0.969006 -0.714036 0.507541 0.482240 0.999970 -0.000458 0.007721 0.913803 0.002808 -0.406148 0.963612 0.173105 -0.203685 0.843832 0.506806 -0.176341 0.148719 -0.880807 0.449513 0.301677 -0.905123 -0.299571 0.859354 -0.490593 -0.144324 0.730865 -0.660366 -0.172492 0.483976 -0.000214 0.875081 0.148719 -0.880807 0.449513 0.999970 -0.000458 0.007721 0.483976 -0.000214 0.875081 0.843832 0.506806 -0.176341 0.201610 0.853165 0.481105 0.483976 -0.000214 0.875081 0.999970 -0.000458 0.007721 0.201610 0.853165 0.481105 -0.714036 0.507541 0.482240 0.730865 -0.660366 -0.172492 0.859354 -0.490593 -0.144324 0.843832 0.506806 -0.176341 0.963612 0.173105 -0.203685 -0.699931 -0.553590 0.451259 -0.207864 -0.133490 0.969006 -0.338554 -0.362878 0.868160 -0.207864 -0.133490 0.969006 0.159399 -0.813170 0.559774 -0.677528 0.671912 0.299150 -0.965876 0.258194 -0.020478 -0.207864 -0.133490 0.969006 -0.837471 -0.288435 0.464163 0.438681 0.892773 -0.102544 0.305678 0.944838 -0.117651 -0.331161 0.936808 -0.112798 -0.398766 0.889609 -0.222669 0.830240 -0.249096 0.498651 0.578667 -0.791200 0.197854 0.963612 0.173105 -0.203685 0.999205 0.034975 -0.019136 0.250931 0.585577 0.770800 -0.338554 -0.362878 0.868160 0.159399 -0.813170 0.559774 0.830240 -0.249096 0.498651 0.438681 0.892773 -0.102544 0.999205 0.034975 -0.019136 -0.677528 0.671912 0.299150 0.250931 0.585577 0.770800 -0.338554 -0.362878 0.868160 0.250931 0.585577 0.770800 0.999205 0.034975 -0.019136 0.963612 0.173105 -0.203685 -0.965876 0.258194 -0.020478 -0.837471 -0.288435 0.464163 0.165904 0.053134 0.984709 -0.207864 -0.133490 0.969006 0.810113 0.327323 0.486391 -0.893320 -0.196298 0.404285 -0.452414 -0.883862 0.118780 -0.261154 -0.547608 0.794937 -0.573861 0.594829 -0.562905 -0.335432 0.786590 -0.518422 
						-0.903764 0.233044 -0.359028 -0.936058 -0.080479 -0.342518 0.442896 0.896534 -0.008393 -0.207864 -0.133490 0.969006 0.618080 0.605476 -0.501374 0.276201 0.733628 -0.620889 -0.514615 0.744394 0.425499 0.442896 0.896534 -0.008393 -0.573861 0.594829 -0.562905 -0.514615 0.744394 0.425499 -0.893320 -0.196298 0.404285 -0.514615 0.744394 0.425499 -0.893320 -0.196298 0.404285 -0.261154 -0.547608 0.794937 0.165904 0.053134 0.984709 -0.514615 0.744394 0.425499 0.276201 0.733628 -0.620889 0.618080 0.605476 -0.501374 -0.936058 -0.080479 -0.342518 -0.903764 0.233044 -0.359028 -0.207864 -0.133490 0.969006 0.165904 0.053134 0.984709 0.810113 0.327323 0.486391 -0.284316 -0.747352 -0.600524 -0.430472 -0.611451 -0.663944 0.342880 -0.847815 0.404528 0.591100 -0.785509 -0.183239 -0.998971 0.024964 -0.037874 -0.349109 0.567169 0.745951 -0.452414 -0.883862 0.118780 -0.751809 -0.099309 -0.651859 -0.244978 0.147286 0.958276 -0.207864 -0.133490 0.969006 -0.349109 0.567169 0.745951 -0.633465 0.602549 0.485445 0.545252 -0.687410 0.479758 -0.207864 -0.133490 0.969006 0.569056 0.035341 0.821539 -0.505493 -0.772081 0.385186 -0.284316 -0.747352 -0.600524 0.591100 -0.785509 -0.183239 0.545252 -0.687410 0.479758 -0.244978 0.147286 0.958276 -0.505493 -0.772081 0.385186 -0.633465 0.602549 0.485445 -0.998971 0.024964 -0.037874 -0.505493 -0.772081 0.385186 -0.244978 0.147286 0.958276 -0.284316 -0.747352 -0.600524 -0.505493 -0.772081 0.385186 0.569056 0.035341 0.821539 -0.998971 0.024964 -0.037874 -0.430472 -0.611451 -0.663944 0.591100 -0.785509 -0.183239 0.342880 -0.847815 0.404528 0.144112 -0.827376 -0.542845 0.342880 -0.847815 0.404528 0.301677 -0.905123 -0.299571 0.452290 -0.094517 -0.886849 -0.293168 -0.698495 0.652807 0.342880 -0.847815 0.404528 -0.502317 -0.859302 0.096319 0.412159 0.166695 0.895733 -0.207864 -0.133490 0.969006 
						-0.440425 -0.117500 0.890067 0.989406 0.017518 -0.144112 -0.207864 -0.133490 0.969006 0.301677 -0.905123 -0.299571 0.282030 0.522921 0.804371 0.679481 -0.681709 0.271255 0.989406 0.017518 -0.144112 0.412159 0.166695 0.895733 0.679481 -0.681709 0.271255 0.989406 0.017518 -0.144112 0.282030 0.522921 0.804371 -0.440425 -0.117500 0.890067 -0.293168 -0.698495 0.652807 -0.293168 -0.698495 0.652807 -0.502317 -0.859302 0.096319 0.144112 -0.827376 -0.542845 0.679481 -0.681709 0.271255 0.412159 0.166695 0.895733 0.282030 0.522921 0.804371 -0.207864 -0.133490 0.969006 0.342880 -0.847815 0.404528 -0.207864 -0.133490 0.969006 
					</float_array>
					<technique_common>
						<accessor count="470" offset="0" source="#meshId0-normals-array" stride="3">
							<param name="X" type="float" />
							<param name="Y" type="float" />
							<param name="Z" type="float" />
						</accessor>
					</technique_common>
				</source>
				<source id="meshId0-tangents" name="meshId0-tangents">
					<float_array id="meshId0-tangents-array" count="1410"> 
						-0.051983 -0.993692 -0.099369 0.058656 -0.993154 -0.101016 0.753954 -0.603633 -0.259193 0.628043 -0.646968 -0.432429 -0.972545 0.101648 -0.209342 -0.986041 -0.084516 -0.143460 -0.698360 -0.704968 -0.123745 -0.694779 -0.599066 -0.397997 0.111022 0.967129 -0.228768 -0.197235 0.919313 -0.340533 -0.753058 0.618602 -0.224130 -0.640462 0.652611 -0.404855 0.980278 -0.090066 -0.175906 0.959183 0.146219 -0.242048 0.676251 0.714646 -0.178792 0.694506 0.607642 -0.385269 -0.028707 -0.999588 -0.000327 0.397430 -0.405176 -0.823336 0.280198 0.767340 -0.576783 0.838464 0.544946 0.003417 -0.413264 0.399702 -0.818200 -0.434886 0.900484 -0.001520 -0.582564 -0.357310 0.730034 -0.700761 -0.682556 0.207490 0.529889 0.848065 0.001727 0.026944 0.998000 0.057189 0.681695 0.713266 -0.162925 0.577673 0.417018 -0.701705 -0.505062 0.000778 0.863083 -0.999994 0.000227 -0.003601 -0.858313 -0.263290 0.440428 -0.574292 0.220895 0.788285 0.653532 0.660837 0.369040 -0.069820 0.987212 0.143312 -0.679886 0.675255 -0.285983 -0.745660 0.548151 -0.378841 -0.618122 -0.283829 0.733053 -0.784693 0.315000 0.533884 -0.710691 -0.698926 -0.080128 -0.258147 0.855428 -0.449001 -0.812607 0.582804 -0.003051 0.663413 -0.667856 -0.337420 0.725133 -0.482842 -0.490964 0.804447 -0.594024 -0.000000 0.996335 0.037539 0.076854 0.723343 -0.636762 0.267038 0.297238 -0.735757 0.608532 -0.399214 -0.415502 0.817304 -0.699559 -0.552715 0.452905 -0.983018 0.080542 0.164892 -0.859122 -0.511771 -0.000000 -0.424986 -0.397286 0.813358 -0.393128 -0.919484 -0.000000 0.122044 -0.960560 0.249860 -0.519923 -0.685273 0.509982 -0.255192 -0.057740 0.965165 -0.501329 -0.379755 0.777467 0.183068 -0.983100 -0.000000 0.108823 -0.968773 -0.222791 0.673397 -0.723168 0.153506 0.728094 -0.300852 0.615929 -0.044266 0.994901 -0.090625 -0.062386 0.998052 0.000000 0.403340 0.401609 -0.822208 
						0.504976 0.678114 -0.534005 -0.256035 -0.424264 -0.868589 -0.424490 -0.634057 -0.646359 -0.594821 0.714345 0.368644 -0.554797 0.365153 0.747572 0.999997 -0.001065 -0.002181 0.719785 -0.686620 0.102290 0.716449 -0.694282 -0.068368 0.999997 0.001051 -0.002151 0.720213 0.685388 -0.107408 0.715864 0.695374 0.063196 -0.248488 -0.824289 0.508726 -0.710625 -0.582858 0.394067 0.077981 -0.984089 0.159650 0.688068 -0.719246 -0.096161 0.979079 -0.089307 0.182836 0.675560 -0.722779 0.145636 0.722186 0.628610 0.288611 0.679818 0.721839 0.129604 0.705098 0.567046 -0.425788 0.042026 0.995405 -0.086040 -0.724462 0.660264 0.198004 -0.041914 0.889842 0.454341 -0.951353 0.304603 0.046315 -0.229563 0.973294 -0.000000 0.821045 0.313063 0.477364 0.518648 -0.621738 0.586895 0.491185 -0.850940 0.186113 0.771653 -0.112763 0.625968 -0.642857 0.135740 0.753863 -0.291094 -0.526068 0.799072 -0.736552 -0.676381 -0.000000 -0.564388 0.543929 0.620973 -0.587804 -0.050435 0.807430 0.581535 0.810814 -0.066314 -0.581535 0.810814 0.066314 0.000000 1.000000 -0.000000 -0.032635 -0.934766 0.353760 -0.924145 -0.274479 0.265738 -0.674791 -0.522099 0.521603 -0.077196 -0.987168 -0.139787 0.995721 -0.092409 -0.000000 0.581535 -0.810814 -0.066314 -0.581535 -0.810814 0.066312 -0.353160 -0.851094 -0.388479 0.424964 -0.857473 0.290078 0.384794 0.212154 0.898290 -0.048931 0.846329 0.530409 0.111677 0.972951 0.202224 -0.437176 -0.218064 0.872539 -0.461852 -0.886957 -0.000000 -0.166465 -0.986047 0.000000 -0.164463 -0.454794 -0.875279 0.218922 -0.542172 -0.811247 0.002984 0.046164 0.998930 0.498621 0.041972 0.865803 0.417871 -0.100124 0.902972 0.170565 0.148566 0.974082 -0.839599 0.044175 -0.541408 -0.843135 0.233206 -0.484498 -0.628653 0.654423 -0.420149 -0.605720 0.508988 -0.611583 0.010587 0.994093 -0.108014 0.068596 0.990763 -0.116975 
						0.592360 0.651701 0.473704 0.722121 0.608552 0.328947 0.993777 0.023671 0.108840 0.997639 0.033807 0.059778 0.821730 -0.512961 0.248256 0.745787 -0.652004 0.136722 0.999977 -0.006632 0.001190 0.379739 -0.647253 0.660956 0.137364 0.962439 -0.234183 0.803336 0.595511 -0.004181 -0.547916 0.644686 -0.533074 -0.482623 0.375784 -0.791114 -0.616619 0.787261 -0.000734 -0.743073 -0.275496 -0.609872 -0.381301 -0.646634 -0.660662 -0.966621 -0.256208 -0.001150 -0.165604 0.838423 -0.519251 -0.800267 0.519946 -0.298712 -0.702499 0.591728 -0.395416 0.994650 0.031212 0.098478 0.810007 -0.559215 -0.176543 0.728941 0.623707 0.282197 0.682156 0.680902 0.266523 0.079112 0.976361 -0.201148 0.016448 0.984621 -0.173927 0.758180 0.639899 0.125266 0.799172 0.510537 0.317295 0.062253 0.978787 0.195193 -0.008614 0.995942 0.089587 0.755532 0.637551 0.150664 0.715257 0.672824 -0.188987 -0.596412 -0.511432 -0.618651 -0.664015 0.218189 -0.715177 -0.839025 -0.103529 -0.534152 -0.610977 -0.688666 -0.390443 0.121122 -0.111906 0.986310 0.316329 0.181857 0.931055 -0.978926 -0.203631 -0.015448 0.999051 0.040594 0.015766 -0.379544 0.649483 -0.658876 -0.568945 0.500819 -0.652290 0.139863 0.990169 0.002207 0.081742 0.996653 0.001290 -0.367392 0.618295 0.694791 0.815274 -0.569142 0.106795 0.803342 -0.564821 0.188727 0.986233 -0.085049 0.141815 0.845717 0.525666 0.091853 0.844921 0.512692 0.152494 0.981255 -0.080818 -0.174949 -0.996373 -0.065341 0.054503 -0.406004 0.606553 -0.683560 -0.836331 0.545032 -0.059089 -0.993798 -0.105602 0.034847 -0.125489 -0.949585 0.287300 -0.793336 -0.604949 0.068226 0.712528 -0.522564 0.468220 0.608185 -0.359169 0.707891 0.472110 -0.880546 -0.041848 -0.136122 -0.938090 0.318525 0.441701 0.446642 0.778081 0.878467 0.476067 -0.040698 0.702835 0.708350 0.065290 -0.033260 0.976373 -0.213518 
						0.738667 0.616947 -0.271565 0.656236 0.226541 -0.719746 -0.364404 0.688289 0.627270 -0.911959 0.409446 -0.026164 -0.999160 -0.024480 -0.032858 -0.841029 0.539684 0.037579 0.998585 -0.024215 0.047341 0.431217 0.687157 -0.584694 0.241367 -0.790919 0.562307 -0.789269 -0.612981 -0.036160 0.106763 -0.934210 0.340372 0.808102 -0.577792 0.114578 -0.677254 -0.452012 0.580528 -0.741586 -0.406056 0.534013 -0.073205 -0.997293 0.006846 0.064054 -0.994745 0.079876 0.095184 0.975401 -0.198829 0.793630 0.602547 -0.084192 0.835413 -0.517239 -0.185874 0.740890 -0.548000 -0.388300 0.021439 -0.996540 -0.080302 0.791080 -0.408585 0.455248 0.144344 -0.989327 -0.019905 0.942762 0.209157 -0.259719 0.640479 -0.741294 0.200675 0.628891 -0.730041 -0.267461 0.959934 0.234224 0.153839 0.939435 -0.202219 -0.276710 0.637194 0.748298 0.184483 0.928385 0.348873 -0.128022 0.960818 -0.239186 0.140067 0.630112 0.724262 -0.280006 0.480906 0.840899 -0.248231 -0.480906 0.840899 0.248231 -0.000000 1.000000 0.000000 0.074328 0.957586 -0.278395 0.935291 0.335591 0.112293 0.880505 0.365808 -0.301489 0.077606 0.964560 0.252194 0.931960 -0.339021 -0.128514 0.502380 0.838151 0.212411 -0.502379 0.838151 -0.212412 -0.444731 -0.415762 -0.793320 0.139147 -0.881006 0.452180 0.962293 -0.257335 0.088149 -0.920709 -0.340199 0.191204 -0.556838 0.332658 0.761098 -0.993263 0.020671 -0.114024 -0.542189 -0.297017 0.786010 -0.900808 0.354544 0.250687 0.289628 0.956562 0.033249 -0.241503 0.377103 0.894131 -0.000519 0.999999 0.001558 0.004939 0.999933 -0.010479 -0.545144 0.530447 -0.649186 -0.571808 0.594194 -0.565659 -0.414999 0.182111 -0.891410 -0.322364 -0.612921 -0.721394 0.060231 -0.761202 -0.645712 -0.164956 -0.483954 -0.859406 -0.072950 0.993950 0.082104 0.248834 0.823566 -0.509726 0.231050 0.602187 0.764190 -0.586090 0.735206 -0.340544 
						-0.467244 -0.163599 -0.868861 -0.438452 0.104463 -0.892663 -0.292005 -0.601841 -0.743317 -0.758869 -0.197959 -0.620427 0.110568 0.282478 -0.952880 -0.237130 0.425817 -0.873183 -0.071641 -0.997344 -0.013174 -0.238331 0.715392 -0.656820 -0.748728 0.254226 -0.612189 -0.028984 0.997700 0.061274 0.100688 -0.490593 -0.865552 0.437261 0.636387 0.635464 -0.163877 0.213316 0.963141 0.477591 0.701005 0.529621 0.147662 0.957047 0.249515 -0.297376 0.473156 -0.829271 -0.013431 -0.999758 -0.017443 -0.010231 -0.999828 -0.015443 -0.579455 -0.653335 0.487223 -0.653675 -0.662232 0.366276 0.365729 -0.110773 0.924106 0.365730 -0.398663 0.841017 0.173261 -0.505243 0.845405 0.252269 -0.370477 0.893928 -0.049524 -0.990051 -0.131706 0.038712 -0.997074 -0.065922 -0.477470 -0.628723 -0.613783 -0.646215 -0.452442 -0.614574 0.251873 0.096634 0.962924 0.244848 0.414999 0.876256 0.058917 0.375145 0.925092 0.156169 -0.057842 0.986035 0.513934 0.857829 0.000611 0.403090 0.591131 0.698629 -0.187162 0.929109 0.318947 0.204630 0.521504 0.828348 0.665812 -0.654485 0.358251 0.637293 -0.331616 0.695621 0.679190 -0.733962 0.000808 0.309067 -0.193925 0.931059 0.454383 -0.411560 0.790034 0.685962 -0.727637 0.000816 -0.475075 -0.870332 0.129714 0.928834 -0.323082 -0.181346 0.750673 -0.620909 0.225747 0.247300 -0.032398 0.968397 -0.095528 -0.700593 0.707138 -0.245780 -0.604315 -0.757889 -0.194606 -0.822562 0.534342 0.296127 0.279427 0.913362 0.364958 -0.180647 0.913330 0.276126 0.207608 0.938431 -0.080321 0.699899 0.709711 0.227108 0.099538 0.968769 0.329090 0.011107 0.944233 0.315987 0.222745 0.922246 0.204783 0.598026 0.774873 0.680081 -0.648823 -0.341348 0.573029 -0.658072 -0.488446 0.173156 -0.777868 0.604101 -0.094755 -0.993384 -0.064888 -0.040642 -0.988610 -0.144909 0.351248 -0.816951 -0.457402 0.310259 -0.521525 0.794828 
						0.366380 -0.002672 0.930462 0.883442 0.399649 0.244565 0.462263 -0.175530 0.869196 0.000433 -0.993371 -0.114953 -0.052491 -0.990774 -0.124950 0.162023 -0.984300 -0.070011 0.413755 -0.823762 -0.387586 0.219293 0.472626 0.853543 0.375073 -0.176205 0.910095 0.129829 -0.063675 0.989490 0.349625 0.145183 0.925572 -0.036525 -0.999133 0.019957 0.286918 -0.396580 -0.872011 -0.005593 0.646699 0.762725 -0.255330 0.956451 0.141447 0.531944 -0.746808 0.399140 0.534170 -0.507489 0.676105 0.192900 -0.975375 -0.106924 -0.004412 -0.853718 0.520718 -0.552099 -0.306735 0.775307 -0.446230 -0.860692 0.245131 -0.622594 -0.748605 0.227963 -0.507709 -0.852260 -0.126030 0.247135 -0.075347 0.966047 0.241578 -0.237782 0.940798 0.531823 0.017754 0.846670 0.756842 0.605625 0.245783 -0.872837 0.465755 -0.145699 -0.976541 0.085259 -0.197735 -0.977068 -0.211035 -0.028339 -0.298378 -0.622857 0.723201 -0.258930 -0.960680 0.100246 0.520201 -0.854022 -0.006060 0.524094 -0.664533 0.532656 0.287398 -0.031263 0.957301 0.302014 0.020967 0.953073 0.409824 0.250481 0.877100 0.317949 0.361867 0.876334 -0.392589 -0.896376 0.205873 -0.811007 -0.583854 0.037188 0.094511 -0.933408 -0.346147 0.035273 -0.999259 0.015431 0.641142 -0.697118 0.320879 0.120850 -0.931772 -0.342339 0.269753 -0.509568 -0.817052 0.040977 -0.864895 -0.500277 0.896969 -0.441965 -0.010640 0.033950 -0.998096 -0.051497 0.465258 0.076522 0.881862 0.282925 -0.805873 0.520117 0.506127 -0.848032 -0.157092 0.127585 -0.809337 0.573319 0.013335 0.159138 0.987166 0.225762 -0.119046 0.966881 0.141027 0.590587 0.794556 -0.490327 0.771626 -0.405182 -0.380957 -0.917576 0.113695 -0.583529 -0.778137 -0.232370 -0.095025 -0.745353 0.659863 0.440224 -0.201142 0.875069 0.106521 0.078680 0.991193 0.462857 0.651632 0.600948 -0.798759 -0.558231 0.224416 -0.696234 -0.577701 -0.426052 
						-0.251086 -0.967957 0.003749 -0.142274 -0.803773 0.577674 -0.184638 0.082044 -0.979376 -0.957032 -0.177018 -0.229682 -0.537209 -0.140308 -0.831697 -0.428750 -0.484123 -0.762757 -0.152450 -0.567784 0.808938 0.275174 -0.127017 0.952967 -0.071739 -0.721217 -0.688984 -0.648367 -0.013116 -0.761215 0.420443 -0.682813 0.597489 -0.245264 -0.603318 0.758850 -0.048187 -0.852547 -0.520424 -0.344364 -0.716477 -0.606691 -0.456236 -0.881119 0.124411 -0.834857 -0.548119 -0.050795 -0.597592 -0.374867 -0.708772 -0.380592 -0.327579 -0.864779 -0.216606 -0.635334 0.741237 -0.418185 -0.301863 0.856738 0.407184 0.888923 0.209804 0.197833 0.976454 -0.086020 0.372520 0.353237 -0.858168 0.651236 -0.610237 0.451114 0.699721 -0.690727 0.182447 0.930535 0.247594 -0.269817 0.380124 0.070918 0.922213 0.003252 0.872205 0.489129 0.780172 -0.265041 0.566644 -0.771547 0.454716 0.444914 -0.391137 0.863047 0.319628 -0.357267 0.905126 -0.230451 -0.529617 0.848231 0.003242 -0.301524 0.685711 -0.662483 -0.449948 0.223551 -0.864622 0.121643 0.631143 0.766069 -0.334374 0.940663 0.057858 -0.377547 0.898774 0.222853 0.334472 0.236173 0.912333 -0.129933 -0.590558 0.796466 0.108482 -0.147690 0.983066 -0.348452 0.334670 0.875544 -0.293286 0.930828 -0.218044 -0.468172 0.620422 0.629199 -0.229241 0.453066 -0.861499 0.044432 0.706667 -0.706150 -0.791968 0.238005 -0.562263 -0.560998 0.784590 -0.264007 -0.709047 0.585512 -0.392974 -0.771899 0.604137 0.197965 0.171812 0.971915 -0.160819 0.013074 -0.641053 -0.767385 -0.744070 0.656786 -0.122436 0.612604 0.289416 0.735497 -0.168427 0.368170 0.914376 0.560833 0.520252 -0.644053 0.880943 0.439722 0.174883 0.936578 0.340123 -0.084482 0.221617 0.975091 0.009102 0.024088 0.677196 0.735408 0.334147 0.512546 0.790976 -0.362266 0.310285 0.878912 0.810155 0.382756 -0.444012 0.445244 0.869153 0.215245 
						0.578535 0.720967 0.381449 0.076106 0.782757 0.617656 0.270427 0.944190 0.188081 0.564218 -0.083795 0.821363 -0.658583 0.715191 -0.234031 0.729146 0.668523 -0.146368 -0.014214 0.999613 0.023928 -0.336337 0.941520 -0.020455 0.412428 0.660662 0.627240 0.012717 0.978418 0.206242 -0.508996 0.792240 -0.336569 0.087224 0.981109 0.172679 -0.240031 0.714714 0.656939 -0.041766 -0.672801 -0.738644 -0.059424 -0.076823 -0.995272 0.066781 0.555452 -0.828862 0.212690 -0.170819 -0.962073 0.330260 0.888926 -0.317393 0.133538 0.808849 -0.572653 -0.178499 0.979186 0.096602 0.469976 -0.218040 -0.855325 0.022803 0.989714 0.141234 
					</float_array>
					<technique_common>
						<accessor count="470" offset="0" source="#meshId0-tangents-array" stride="3">
							<param name="X" type="float" />
							<param name="Y" type="float" />
							<param name="Z" type="float" />
						</accessor>
					</technique_common>
				</source>
				<source id="meshId0-bitangents" name="meshId0-bitangents">
					<float_array id="meshId0-bitangents-array" count="1410"> 
						0.417393 -0.112014 0.901796 -0.501645 -0.116810 0.857151 0.010578 -0.383348 0.923543 0.374712 -0.235602 0.896707 -0.232714 -0.427276 0.873659 -0.166505 0.500980 0.849291 -0.285703 0.116047 0.951266 -0.233289 -0.335742 0.912608 -0.422793 0.254284 0.869819 0.450457 0.393500 0.801403 0.020668 0.362720 0.931669 -0.351234 0.219895 0.910099 0.197592 0.430879 0.880512 0.282772 -0.487811 0.825882 0.329123 -0.075962 0.941227 0.225668 0.324486 0.918577 0.999580 -0.028708 0.003929 0.917626 0.172050 0.358276 -0.335512 0.641241 0.690103 -0.544942 0.838471 -0.001966 -0.910611 -0.182030 0.371016 -0.900477 -0.434889 -0.003638 0.812785 -0.255394 0.523598 0.214653 0.075634 0.973758 0.848059 -0.529892 0.003167 0.491007 -0.063046 0.868872 0.317694 -0.087979 0.944103 0.816264 -0.292294 0.498275 0.000736 1.000000 -0.000471 0.000228 1.000000 -0.000213 -0.513119 0.435910 -0.739386 -0.488617 0.680098 -0.546553 -0.325824 -0.194458 0.925216 -0.431514 -0.159415 0.887909 -0.267043 0.135225 0.954150 -0.107305 0.462347 0.880182 0.432734 0.655659 0.618751 0.619885 0.398621 0.675902 -0.253479 0.148154 0.955928 0.418537 0.517900 0.746060 0.582801 0.812613 0.001925 0.307783 -0.167463 0.936603 0.206737 -0.527439 0.824056 -0.594024 -0.804447 0.000000 0.085532 -0.437285 -0.895247 0.041756 -0.345691 -0.937419 -0.322919 -0.677246 -0.661106 -0.182361 0.909592 0.373345 0.188641 0.468481 0.863099 0.183511 0.431440 0.883280 -0.511771 0.859122 0.000000 -0.905200 0.186523 -0.381866 -0.919484 0.393128 0.000000 -0.421583 -0.278073 -0.863101 -0.504627 -0.235308 -0.830652 -0.678119 0.722243 -0.136089 -0.865257 0.220030 -0.450464 0.983100 0.183068 -0.000000 0.425188 0.247948 -0.870481 0.267403 0.044681 -0.962548 0.685478 0.319555 -0.654221 -0.436655 -0.100858 -0.893957 -0.998052 -0.062386 0.000000 -0.915050 0.177023 -0.362417 
						-0.519584 -0.255205 -0.815416 0.966667 -0.112372 -0.230058 0.587176 0.350628 -0.729578 -0.413710 0.121157 -0.902311 -0.831986 -0.243496 -0.498507 0.002428 0.438892 0.898537 0.082934 0.231348 0.969330 -0.108026 -0.207222 0.972311 0.002394 -0.438892 0.898537 -0.079132 0.234971 0.968776 0.111835 -0.203527 0.972661 0.361775 -0.566170 -0.740656 -0.141353 -0.430401 -0.891501 -0.431910 -0.177677 -0.884242 -0.227003 -0.087482 -0.969957 0.203482 0.429711 -0.879741 0.261892 0.050588 -0.963771 0.058446 0.360301 -0.931003 0.250632 -0.062589 -0.966057 -0.166749 -0.451029 -0.876794 0.436876 -0.095755 -0.894410 0.011077 0.298361 -0.954389 -0.081743 -0.456270 0.886079 0.015881 -0.101645 0.994694 -0.973294 -0.229563 0.000000 -0.480842 -0.071459 0.873891 -0.286397 0.520444 0.804434 -0.507130 -0.105647 0.855370 -0.575663 -0.542348 0.611941 0.701469 -0.291014 0.650578 0.516026 0.616987 0.594175 0.676381 -0.736552 0.000000 0.779938 0.104869 0.617009 0.391064 0.855988 0.338161 -0.113298 -0.000000 -0.993561 -0.113298 -0.000000 -0.993561 -1.000000 0.000000 0.000000 0.085869 -0.355263 -0.930814 -0.226451 -0.166661 -0.959659 -0.686653 0.185119 -0.703021 -0.477223 0.159686 -0.864152 0.092409 0.995721 0.000000 0.113298 0.000000 0.993561 0.113297 -0.000002 0.993561 -0.611328 -0.104395 0.784461 -0.563782 -0.000005 0.825924 -0.870206 -0.241050 0.429693 -0.077745 -0.532661 0.842750 0.470350 -0.231012 0.851707 -0.554366 0.829282 -0.070505 -0.886957 0.461852 0.000000 -0.986047 0.166465 0.000000 -0.948572 0.316257 0.013908 -0.937502 0.113602 -0.328916 0.016971 0.998788 -0.046208 -0.019941 0.999118 -0.036951 0.714652 0.649899 -0.258659 0.740863 0.632426 -0.226184 -0.542914 -0.035483 0.839038 -0.537678 -0.357170 0.763762 -0.537741 0.024495 0.842754 -0.465414 0.396782 0.791173 -0.096133 0.108532 0.989434 -0.501371 0.135605 0.854540 
						-0.577449 -0.066592 0.813707 -0.249266 -0.214670 0.944343 -0.109944 0.051831 0.992585 -0.068488 0.425555 0.902337 -0.011497 0.420620 0.907164 -0.106054 0.086415 0.990598 0.006632 0.999978 0.000008 0.323757 0.762275 0.560463 -0.487042 0.271497 0.830108 -0.197455 0.272974 0.941539 -0.619805 0.115106 0.776268 -0.875814 -0.201846 0.438416 -0.787260 -0.616620 -0.000937 -0.364946 -0.597072 0.714366 0.321916 -0.762800 0.560809 0.256208 -0.966622 0.000305 0.254755 0.545020 0.798783 -0.044823 0.444886 0.894465 -0.300005 0.257609 0.918496 -0.085847 -0.280559 0.955990 -0.083447 -0.407904 0.909203 0.215908 0.181724 -0.959354 0.449684 -0.103238 -0.887201 0.342334 -0.216118 -0.914385 -0.005136 -0.173865 -0.984756 -0.093565 -0.083356 0.992118 -0.061431 -0.455723 0.887999 0.297404 -0.204879 0.932510 -0.096330 -0.090000 0.991272 -0.112975 -0.099736 0.988579 0.361742 -0.125059 0.923852 -0.471448 -0.400589 0.785663 -0.448911 0.648584 0.614669 -0.541046 0.262499 0.798976 -0.542458 0.004981 0.840068 -0.743488 0.648116 0.164837 -0.758491 0.637948 0.133093 -0.203606 0.979048 -0.003213 0.040589 -0.999176 0.000641 0.720431 -0.239332 -0.650923 0.493708 -0.426330 -0.757955 0.990045 -0.139880 0.015623 0.996529 -0.081752 0.015726 0.712362 -0.293222 0.637622 0.119182 -0.015557 -0.992751 0.093466 -0.193401 -0.976658 0.109262 -0.308574 -0.944904 0.118054 -0.016441 -0.992871 0.104142 0.121961 -0.987056 -0.133690 0.368373 -0.920016 0.064273 -0.997709 -0.021128 -0.292856 -0.794891 -0.531398 -0.017804 -0.134728 -0.990723 -0.003374 -0.284579 -0.958647 0.306646 -0.312534 -0.899050 0.024610 -0.143846 -0.989294 0.413738 -0.226036 -0.881889 0.781566 0.115012 -0.613129 0.879774 0.473637 -0.040813 0.302076 -0.345508 -0.888467 -0.235594 0.894577 -0.379773 -0.474539 0.879234 0.041961 0.709706 -0.704490 0.003356 0.485780 0.202496 0.850302 
						0.280873 0.084528 0.956015 0.753854 -0.155712 0.638324 0.413192 0.723154 -0.553462 0.407420 0.911274 0.059913 0.024910 0.273803 -0.961463 0.025769 0.109348 -0.993670 -0.022081 -0.998739 -0.045088 0.342885 -0.724230 -0.598265 -0.422883 -0.607253 -0.672617 -0.039653 0.109645 -0.993180 -0.475069 -0.348654 -0.807930 0.032651 -0.150279 -0.988104 0.515815 0.270947 0.812725 0.423350 0.334237 0.842057 -0.546039 0.045823 0.836505 0.496489 0.101197 0.862124 -0.317363 0.219048 0.922659 -0.011796 0.153596 0.988063 0.100395 -0.188889 0.976853 0.388391 -0.122093 0.913371 0.257059 0.083114 -0.962815 0.540125 0.117198 -0.833384 0.980053 0.145710 -0.135146 0.169539 0.370041 0.913415 0.177312 0.396982 0.900537 -0.092404 -0.411747 0.906601 -0.067350 -0.340050 0.937992 -0.187093 0.373878 -0.908412 -0.188777 0.383615 -0.903993 -0.345602 0.937170 0.047658 0.053266 -0.336579 -0.940148 0.083675 -0.421830 -0.902806 -0.458674 0.000000 -0.888605 -0.458674 0.000000 -0.888604 -0.990626 -0.000000 0.136604 -0.247011 0.288146 0.925180 -0.206818 0.260875 0.942958 0.388226 -0.191520 0.901444 0.283690 -0.263865 0.921898 0.335843 0.940779 -0.046312 0.389432 -0.000000 -0.921055 0.389432 -0.000000 -0.921055 0.848385 0.088426 -0.521943 -0.259116 -0.473106 -0.842039 0.000343 -0.322915 -0.946428 -0.279826 0.234009 -0.931095 -0.306552 0.769308 -0.560527 0.020536 0.999786 0.002357 0.331773 0.783758 0.525023 0.338457 0.211646 0.916871 0.950320 -0.291530 0.109094 0.931496 -0.168193 0.322531 0.115360 0.001607 -0.993322 0.535046 -0.011495 -0.844745 0.718962 -0.102459 -0.687456 0.568870 -0.209633 -0.795262 -0.847244 -0.434437 0.305684 -0.885193 -0.074858 0.459162 -0.423772 -0.605196 0.673910 -0.684392 -0.571267 0.453059 -0.899517 -0.101127 0.425020 -0.903440 0.007668 -0.428646 0.913292 0.136552 -0.383734 -0.618632 -0.134618 0.774062 
						0.844564 -0.373280 -0.383892 0.776583 -0.455933 -0.434791 0.819005 0.244019 -0.519312 0.153199 -0.980210 0.125371 0.032907 -0.959274 -0.280555 0.770938 -0.464427 -0.435846 0.899623 -0.058906 -0.432677 -0.818172 0.216480 0.532664 -0.196873 -0.967145 -0.160848 -0.902005 -0.052521 0.428519 -0.056305 -0.871389 0.487352 -0.751558 -0.129499 0.646831 -0.876622 0.416273 -0.241352 0.517213 0.262962 -0.814458 0.401754 0.172488 -0.899356 0.851855 -0.260759 -0.454256 0.059892 -0.018217 0.998039 0.498915 -0.018488 0.866454 0.591249 0.074477 0.803043 0.322120 0.194487 0.926506 0.929880 0.085683 -0.357744 0.930707 0.151735 -0.332807 0.808920 -0.416652 -0.414789 0.757945 -0.498651 -0.420554 0.191205 0.120030 -0.974184 0.504559 0.076448 -0.859986 0.675545 0.183998 -0.713992 0.570636 0.248258 -0.782779 -0.967682 0.012472 0.251866 -0.969548 0.100078 0.223519 -0.819696 0.547098 -0.169655 -0.723783 0.672603 0.154089 -0.857829 0.513934 -0.001021 -0.294175 0.806575 -0.512736 -0.470158 -0.369806 0.801370 -0.801539 -0.396462 0.447609 0.490983 0.022785 -0.870871 0.770605 0.268302 -0.578085 0.733962 0.679190 0.000874 0.767998 0.628320 -0.124069 0.206292 0.911382 0.356127 0.727637 0.685962 0.000866 -0.189247 -0.042905 -0.980992 -0.209353 -0.053844 -0.976357 0.273150 -0.019442 -0.961775 -0.968793 -0.025613 0.246545 -0.897534 0.367828 0.243175 -0.909438 -0.126802 0.396035 0.916652 0.041377 0.397539 -0.809647 -0.433885 0.395241 -0.880793 -0.384862 0.275835 -0.430425 -0.846296 0.313874 -0.180445 -0.710457 0.680213 0.692441 0.682985 -0.232503 0.893454 -0.327349 -0.307541 0.889092 0.269769 -0.369783 0.919538 0.153753 -0.361677 0.292815 -0.186464 0.937812 0.589076 -0.083618 0.803740 -0.885839 0.145083 0.440727 0.793740 -0.114730 0.597339 0.977313 -0.069504 0.200072 0.621870 -0.161646 0.766256 0.929028 -0.010978 -0.369847 
						0.878821 -0.327527 -0.346986 -0.419909 0.906897 0.034858 0.525800 0.843559 -0.109283 0.007723 0.114953 -0.993341 -0.402752 0.135498 -0.905224 -0.212606 0.034462 -0.976530 -0.341694 0.254095 -0.904810 -0.964258 -0.028363 0.263443 -0.876534 -0.386916 0.286330 -0.494627 -0.869059 0.008973 -0.586174 -0.736776 0.336990 0.874319 -0.041621 -0.483564 0.946341 0.258658 0.193740 -0.005342 -0.762745 0.646677 -0.837003 -0.291891 0.462845 0.070594 -0.430611 -0.899773 0.820985 0.120682 -0.558050 0.853556 0.220551 -0.472017 0.006353 -0.520736 -0.853694 0.809036 -0.421927 0.409191 0.539473 -0.040158 0.841044 -0.279667 -0.059217 -0.958269 -0.061172 0.181579 -0.981472 0.476311 -0.858761 -0.188830 0.114424 -0.955769 -0.270947 -0.476720 0.832600 0.281986 -0.619664 0.784474 -0.024857 -0.351478 -0.807089 -0.474416 -0.056221 -0.987376 -0.148080 0.141176 -0.542419 -0.828161 0.672255 0.400729 0.622486 0.006210 0.102128 0.994752 0.828362 0.502819 0.246962 0.154815 0.689349 0.707694 0.851447 -0.449420 -0.270296 0.902966 -0.326866 -0.278945 0.849928 0.244234 -0.466875 0.860171 0.278654 -0.427151 0.395696 -0.366689 -0.842000 0.086094 -0.181980 -0.979526 -0.250041 0.314300 -0.915803 -0.018582 -0.016094 -0.999698 0.725238 0.413674 -0.550367 0.933154 -0.010983 0.359308 0.949645 0.281238 0.138130 0.555898 0.435783 -0.707863 -0.054820 -0.087311 -0.994672 -0.020900 0.050807 -0.998490 0.569642 0.736667 -0.364458 0.925736 0.087565 -0.367893 0.793232 0.386215 0.470766 0.959560 -0.045521 -0.277799 0.037572 -0.986637 0.158545 0.143124 -0.977682 -0.153795 0.217244 0.764554 -0.606846 -0.241292 -0.566920 -0.787642 0.909586 -0.393995 -0.131987 0.785039 -0.613745 0.083852 0.578522 -0.580783 -0.572716 -0.090455 0.959692 0.266099 -0.885423 0.461082 0.058554 -0.847091 0.524882 0.083288 -0.180742 0.578409 0.795472 -0.634621 0.218032 0.741430 
						-0.346650 0.093535 0.933319 -0.321798 0.589468 0.740927 -0.877355 0.435311 0.201871 0.202192 -0.975113 -0.090958 -0.573919 0.783398 0.238546 -0.860166 0.476881 0.180828 0.843760 0.351424 0.405672 0.853301 -0.424374 -0.302958 -0.815804 -0.355000 0.456551 -0.561063 -0.667612 0.489390 0.158765 0.703728 0.692503 0.821594 0.286156 0.493049 0.446830 -0.484387 0.752139 0.901783 -0.432187 -0.001466 0.874257 -0.469900 -0.121939 0.195413 -0.381370 0.903532 -0.752726 0.566802 0.334871 -0.687842 0.725322 0.027969 -0.277268 0.768032 0.577277 0.091281 0.924429 0.370268 -0.889378 0.438174 -0.130421 -0.966094 0.209079 0.151486 -0.452709 0.876404 0.164227 -0.703602 -0.262824 0.660202 -0.570161 -0.386037 0.725184 0.128596 0.468942 0.873817 -0.711411 -0.614774 0.340510 0.045245 0.488502 -0.871389 0.519090 0.779790 -0.349961 -0.447254 0.109641 -0.887662 0.530843 0.495265 -0.687690 -0.901302 -0.398816 -0.169116 -0.822374 -0.512528 -0.247015 -0.887246 -0.456201 -0.068373 -0.629499 -0.766133 0.129504 -0.829399 -0.359341 0.427751 -0.919232 -0.311984 -0.240166 -0.730502 -0.436985 0.524796 -0.795365 0.590012 0.138856 -0.949885 0.304476 0.070799 -0.799270 -0.600969 -0.002086 -0.762418 -0.644565 -0.057050 -0.924104 -0.334465 -0.184836 -0.724770 0.137723 -0.675086 -0.739033 -0.657013 -0.148872 0.009136 -0.707106 -0.707049 0.342437 -0.589275 -0.731773 -0.790738 -0.602267 -0.109580 0.645304 0.314071 -0.696378 -0.385550 -0.197255 -0.901356 -0.804149 0.232665 0.547002 -0.043436 -0.767091 0.640067 0.510933 0.441316 -0.737691 -0.524707 -0.547005 0.652279 -0.924157 -0.381655 -0.016557 0.815290 -0.211630 0.538994 -0.326148 0.296402 0.897649 0.178358 -0.255086 0.950326 0.863898 -0.200657 0.461971 -0.955757 0.231323 -0.181707 -0.877940 -0.136038 0.459036 -0.785137 0.406600 -0.467157 -0.416862 0.908686 0.022708 -0.870948 0.476186 -0.121230 
						-0.686529 0.682935 -0.249554 -0.123625 0.622080 -0.773132 -0.940033 0.301141 -0.160164 0.768537 0.416810 -0.485407 0.697659 0.463741 -0.546092 -0.081560 0.297239 0.951313 0.144476 -0.021626 0.989272 -0.846760 -0.292837 0.444122 -0.606802 -0.314324 0.730062 0.144615 -0.205890 0.967830 -0.813254 -0.314499 0.489600 -0.893542 0.153687 -0.421856 -0.925439 0.035899 -0.377192 0.955148 -0.243812 0.168071 0.862639 -0.505666 -0.012474 0.987306 0.083197 0.135301 0.702189 0.711403 0.028924 -0.849148 0.426641 0.311327 -0.950067 0.268920 0.158290 -0.961733 -0.152886 -0.227366 0.813361 0.483392 0.323692 -0.977892 0.051454 -0.202682 
					</float_array>
					<technique_common>
						<accessor count="470" offset="0" source="#meshId0-bitangents-array" stride="3">
							<param name="X" type="float" />
							<param name="Y" type="float" />
							<param name="Z" type="float" />
						</accessor>
					</technique_common>
				</source>
				<source id="meshId0-tex0" name="meshId0-tex0">
					<float_array id="meshId0-tex0-array" count="940"> 
						0.875046 0.556917 0.881393 0.502864 0.886934 0.506662 0.889184 0.553987 0.158435 0.820487 0.170276 0.749849 0.177755 0.753947 0.177755 0.816264 0.961588 0.435819 0.972818 0.382386 0.978343 0.385716 0.976235 0.431822 0.158551 0.720739 0.171626 0.650955 0.179010 0.655162 0.177837 0.716819 0.873153 0.581152 0.889184 0.569767 0.179010 0.725662 0.154978 0.736040 0.978343 0.448140 0.961773 0.459921 0.859898 0.566999 0.862347 0.551451 0.716753 0.904230 0.720989 0.914737 0.714919 0.917573 0.710714 0.910857 0.439817 0.271953 0.428498 0.271931 0.431960 0.265861 0.440289 0.266249 0.708430 0.971936 0.720989 0.976255 0.141752 0.810130 0.161952 0.751257 0.440289 0.277983 0.431960 0.278550 0.875218 0.505555 0.161529 0.748317 0.171816 0.743341 0.141806 0.710253 0.163197 0.652283 0.642706 0.219698 0.646762 0.202589 0.667588 0.199774 0.674521 0.207064 0.935521 0.116130 0.926459 0.128317 0.904712 0.127635 0.903003 0.105096 0.710245 0.883301 0.688219 0.897478 0.681041 0.864874 0.698376 0.865471 0.935521 0.101879 0.917719 0.089689 0.760035 0.502924 0.772074 0.530899 0.757318 0.535854 0.744309 0.523170 0.111195 0.659647 0.107632 0.629894 0.128982 0.642157 
						0.124925 0.658481 0.781990 0.510662 0.783571 0.527139 0.097060 0.661462 0.088987 0.646435 0.812118 0.782168 0.791069 0.776542 0.791069 0.725822 0.812118 0.719752 0.832696 0.776609 0.832696 0.725889 0.695648 0.819458 0.710245 0.828565 0.783571 0.582541 0.766661 0.577819 0.655293 0.140728 0.674521 0.149505 0.633410 0.143754 0.626476 0.194023 0.128982 0.701675 0.116187 0.712801 0.101116 0.704656 0.964955 0.471481 0.982742 0.469941 0.982742 0.498075 0.024660 0.938639 0.001062 0.945835 0.002953 0.924325 0.015744 0.920425 0.881789 0.362466 0.901951 0.347972 0.901951 0.377044 0.872830 0.343726 0.883758 0.335870 0.572047 0.253572 0.554727 0.253572 0.563328 0.223913 0.945328 0.963951 0.965236 0.968019 0.960619 0.987257 0.949828 0.985052 0.024660 0.964214 0.739635 0.996345 0.722333 0.996345 0.726946 0.978785 0.736324 0.978785 0.959315 0.484631 0.870213 0.370176 0.866555 0.347905 0.965236 0.995645 0.955886 0.996593 0.731654 0.967278 0.723698 0.967523 0.947776 0.992077 0.830322 0.480989 0.853314 0.478811 0.853314 0.491374 0.833933 0.496146 0.028804 0.492735 0.022182 0.512212 0.002490 0.500074 0.002838 0.478996 0.383267 0.675337 0.382064 0.695079 
						0.370685 0.694043 0.368724 0.673486 0.172972 0.485430 0.173963 0.506338 0.150869 0.503435 0.142796 0.485133 0.174885 0.530531 0.144635 0.508787 0.202013 0.505098 0.196425 0.500506 0.395815 0.694975 0.398611 0.711092 0.382586 0.730528 0.045092 0.516091 0.050347 0.522382 0.015219 0.534448 0.392683 0.630658 0.400903 0.632996 0.400903 0.674681 0.174342 0.424380 0.161571 0.424840 0.879336 0.007302 0.879336 0.058920 0.869994 0.059106 0.862731 0.003408 0.202013 0.480012 0.184557 0.423439 0.253303 0.650913 0.257773 0.708839 0.240528 0.704868 0.244462 0.650524 0.057813 0.501092 0.036390 0.429410 0.045804 0.433316 0.057813 0.437489 0.832305 0.462938 0.852069 0.465981 0.052509 0.418483 0.172624 0.408838 0.861248 0.062241 0.846607 0.013312 0.246572 0.630155 0.873367 0.079138 0.257773 0.645925 0.622239 0.179579 0.620081 0.211426 0.609000 0.216970 0.587771 0.205171 0.589458 0.180272 0.610522 0.160787 0.468061 0.417859 0.493753 0.433071 0.484099 0.455131 0.466447 0.450178 0.442808 0.444011 0.451351 0.455285 0.038315 0.760892 0.036976 0.738827 0.049631 0.720310 0.051381 0.756014 0.581013 0.155124 0.607575 0.141762 0.428290 0.868033 0.435244 0.892695 
						0.421115 0.906153 0.411746 0.895301 0.493753 0.505367 0.467645 0.519959 0.465950 0.491506 0.484015 0.486424 0.601095 0.243706 0.576110 0.227284 0.622239 0.229383 0.451337 0.487617 0.051381 0.804267 0.036929 0.787898 0.749463 0.902126 0.747669 0.880866 0.757881 0.855784 0.762909 0.917415 0.435244 0.940057 0.418709 0.930571 0.775858 0.875628 0.775858 0.902438 0.975429 0.099916 0.963522 0.097500 0.970795 0.085546 0.228236 0.952978 0.211450 0.952518 0.205692 0.913130 0.228236 0.913746 0.136518 0.926742 0.119618 0.927334 0.134577 0.916267 0.136518 0.965749 0.113822 0.966544 0.991355 0.519250 0.979568 0.519250 0.985288 0.501799 0.562581 0.965482 0.548769 0.964777 0.542395 0.935786 0.560944 0.936733 0.226659 0.964127 0.993066 0.556404 0.977236 0.556404 0.981649 0.092418 0.981649 0.133522 0.965658 0.130278 0.264570 0.967020 0.283598 0.971309 0.260641 0.979262 0.283598 0.987092 0.264570 0.992559 0.550325 0.920721 0.562581 0.924504 0.948504 0.502693 0.949342 0.575058 0.942541 0.577139 0.939461 0.511518 0.730718 0.224076 0.733933 0.140276 0.747551 0.155871 0.743748 0.222769 0.323457 0.710729 0.313033 0.630989 0.331117 0.629805 0.331116 0.702263 
						0.802886 0.519855 0.808705 0.599810 0.788577 0.533590 0.804302 0.503668 0.819033 0.512286 0.815871 0.521236 0.786789 0.525998 0.716665 0.210230 0.732782 0.240166 0.715551 0.217710 0.747551 0.231627 0.313607 0.704767 0.307005 0.635508 0.957451 0.511567 0.957451 0.577180 0.819033 0.587855 0.614161 0.814055 0.615013 0.837090 0.602447 0.836365 0.598792 0.816778 0.219324 0.314245 0.236057 0.302242 0.245010 0.323544 0.232448 0.340491 0.576220 0.473034 0.573249 0.453479 0.584592 0.452111 0.590828 0.471800 0.083530 0.240395 0.102545 0.249222 0.089252 0.268292 0.069263 0.266935 0.124445 0.259634 0.091109 0.276287 0.114462 0.223848 0.107794 0.226657 0.559825 0.456458 0.553706 0.441284 0.565292 0.418927 0.219677 0.285791 0.219066 0.277623 0.254675 0.288190 0.592109 0.544775 0.553322 0.544775 0.559113 0.477366 0.015250 0.203363 0.005359 0.225463 0.597153 0.758777 0.615138 0.760273 0.092199 0.212206 0.023618 0.184532 0.032094 0.166078 0.101075 0.209014 0.200590 0.290613 0.175074 0.387173 0.161104 0.366713 0.145064 0.342887 0.632103 0.817073 0.627918 0.836591 0.632103 0.759087 0.720273 0.092955 0.729434 0.004972 0.734828 0.087176 0.254675 0.383476 
						0.175074 0.387173 0.159785 0.365737 0.241389 0.365764 0.907397 0.382528 0.912559 0.463118 0.901866 0.463217 0.897964 0.394955 0.106913 0.165944 0.023618 0.184532 0.032094 0.166078 0.100132 0.152455 0.718010 0.115472 0.734828 0.099709 0.109775 0.146879 0.124445 0.160591 0.941103 0.600958 0.939432 0.585887 0.956772 0.581411 0.956151 0.600958 0.705660 0.095897 0.708099 0.083683 0.921949 0.391561 0.921949 0.460375 0.250203 0.397948 0.180958 0.396704 0.096934 0.185708 0.017433 0.200164 0.346567 0.543237 0.365054 0.622306 0.330593 0.548997 0.923780 0.462282 0.927613 0.384039 0.940473 0.383447 0.931129 0.454773 0.235888 0.364663 0.175074 0.387173 0.161104 0.366713 0.218902 0.350063 0.318467 0.550203 0.344538 0.622592 0.328754 0.622544 0.315665 0.562624 0.649792 0.235429 0.658058 0.224588 0.672238 0.231730 0.669167 0.242156 0.657760 0.251237 0.672238 0.254295 0.225387 0.337866 0.249847 0.351447 0.940473 0.468188 0.932165 0.484552 0.239225 0.376042 0.180958 0.396704 0.155122 0.358178 0.365054 0.550608 0.530151 0.659419 0.530151 0.760085 0.518798 0.671190 0.801011 0.344829 0.801647 0.273077 0.815514 0.336904 0.663834 0.348145 0.661559 0.270107 
						0.680845 0.275316 0.678956 0.341735 0.808470 0.444075 0.821421 0.382954 0.827913 0.395430 0.820414 0.440758 0.521076 0.641030 0.511131 0.662727 0.827913 0.462342 0.814398 0.473100 0.680845 0.349079 0.664533 0.363671 0.842247 0.593208 0.842247 0.608372 0.827163 0.607143 0.821422 0.585722 0.648122 0.333735 0.654882 0.260852 0.791832 0.336342 0.791261 0.285750 0.823514 0.248975 0.823514 0.331991 0.797368 0.436763 0.935717 0.677107 0.927417 0.623769 0.949073 0.614242 0.949073 0.666125 0.937746 0.513864 0.937746 0.588494 0.935400 0.579138 0.930105 0.522858 0.067864 0.900391 0.074507 0.824781 0.086015 0.848210 0.077225 0.904630 0.292055 0.898631 0.310936 0.825023 0.302062 0.895308 0.996425 0.645817 0.982622 0.633065 0.985921 0.612895 0.996425 0.618255 0.310936 0.904555 0.298886 0.914131 0.846325 0.680377 0.846325 0.693658 0.828111 0.701052 0.831693 0.681785 0.917613 0.520687 0.924834 0.503181 0.059953 0.880933 0.086015 0.908518 0.926013 0.575950 0.286895 0.888048 0.288300 0.836777 0.952355 0.836940 0.946304 0.795978 0.959226 0.801645 0.961801 0.834211 0.730705 0.905553 0.722456 0.947774 0.724976 0.913334 0.742491 0.903671 0.742491 0.963288 
						0.738998 0.908465 0.196393 0.822018 0.204192 0.876606 0.193413 0.860826 0.204192 0.824231 0.956409 0.853020 0.966474 0.844026 0.764229 0.234182 0.749833 0.232248 0.759554 0.223434 0.768556 0.225715 0.768556 0.242786 0.759554 0.242158 0.462869 0.958988 0.467891 0.950194 0.474311 0.961960 0.469058 0.978313 0.133095 0.144782 0.139829 0.143806 0.139829 0.204931 0.474311 0.912931 0.966474 0.787907 
					</float_array>
					<technique_common>
						<accessor count="470" offset="0" source="#meshId0-tex0-array" stride="2">
							<param name="S" type="float" />
							<param name="T" type="float" />
						</accessor>
					</technique_common>
				</source>
				<vertices id="meshId0-vertices">
					<input semantic="POSITION" source="#meshId0-positions" />
				</vertices>
				<polylist count="352" material="defaultMaterial">
					<input offset="0" semantic="VERTEX" source="#meshId0-vertices" />
					<input offset="0" semantic="NORMAL" source="#meshId0-normals" />
					<input offset="0" semantic="TANGENT" source="#meshId0-tangents" />
					<input offset="0" semantic="BINORMAL" source="#meshId0-bitangents" />
					<input offset="0" semantic="TEXCOORD" source="#meshId0-tex0" set="0" />
					<vcount>
						3 3 3 3 3 3 3 3 3 3 3 3 3 3 3 3 3 3 3 3 3 3 3 3 3 3 3 3 3 3 3 3 3 3 3 3 3 3 3 3 3 3 3 3 3 3 3 3 3 3 3 3 3 3 3 3 3 3 3 3 3 3 3 3 
						3 3 3 3 3 3 3 3 3 3 3 3 3 3 3 3 3 3 3 3 3 3 3 3 3 3 3 3 3 3 3 3 3 3 3 3 3 3 3 3 3 3 3 3 3 3 3 3 3 3 3 3 3 3 3 3 3 3 3 3 3 3 3 3 
						3 3 3 3 3 3 3 3 3 3 3 3 3 3 3 3 3 3 3 3 3 3 3 3 3 3 3 3 3 3 3 3 3 3 3 3 3 3 3 3 3 3 3 3 3 3 3 3 3 3 3 3 3 3 3 3 3 3 3 3 3 3 3 3 
						3 3 3 3 3 3 3 3 3 3 3 3 3 3 3 3 3 3 3 3 3 3 3 3 3 3 3 3 3 3 3 3 3 3 3 3 3 3 3 3 3 3 3 3 3 3 3 3 3 3 3 3 3 3 3 3 3 3 3 3 3 3 3 3 
						3 3 3 3 3 3 3 3 3 3 3 3 3 3 3 3 3 3 3 3 3 3 3 3 3 3 3 3 3 3 3 3 3 3 3 3 3 3 3 3 3 3 3 3 3 3 3 3 3 3 3 3 3 3 3 3 3 3 3 3 3 3 3 3 
						3 3 3 3 3 3 3 3 3 3 3 3 3 3 3 3 3 3 3 3 3 3 3 3 3 3 3 3 3 3 3 3 
					</vcount>
					<p>
						3 0 1 1 2 3 7 4 5 5 6 7 11 8 9 9 10 11 15 12 13 13 14 15 17 16 0 0 3 17 15 18 19 19 12 15 8 11 20 20 21 8 16 22 23 23 0 16 27 24 25 25 26 27 31 28 29 29 30 31 33 32 26 26 25 33 4 34 35 35 5 4 28 36 37 37 29 28 0 23 38 38 1 0 40 5 35 35 39 40 12 41 42 42 13 12 46 43 44 44 45 46 50 47 48 48 49 50 54 51 52 52 53 54 56 55 47 47 50 56 60 57 58 58 59 60 64 61 62 62 63 64 57 65 66 66 58 57 61 67 68 68 62 61 72 69 70 70 71 72 74 73 69 69 72 74 53 75 76 76 54 53 78 59 58 58 77 78 44 79 80 80 45 44 82 81 79 79 44 82 84 61 64 64 83 84 85 67 61 61 84 85 
						86 87 88 92 89 90 90 91 92 93 94 95 97 94 93 93 96 97 98 99 100 104 101 102 102 103 104 90 89 105 109 106 107 107 108 109 110 86 88 96 93 111 111 112 96 103 113 114 109 108 115 108 116 115 104 103 114 117 104 114 121 118 119 119 120 121 125 122 123 123 124 125 129 126 127 127 128 129 133 130 131 131 132 133 131 134 135 135 132 131 137 136 134 134 131 137 127 138 139 139 140 127 143 123 141 141 142 143 126 144 145 145 146 126 148 147 130 130 133 148 152 149 150 150 151 152 130 153 137 137 131 130 154 153 130 130 147 154 126 146 138 138 127 126 158 155 156 156 157 158 122 159 141 141 123 122 122 125 160 160 161 122 162 159 122 122 161 162 118 163 164 164 119 118 162 161 165 154 147 166 161 160 165 147 148 166 168 152 151 151 167 168 
						155 158 169 151 150 170 171 155 169 167 151 170 177 172 173 177 173 174 177 174 175 175 176 177 181 178 179 179 180 181 183 182 178 178 181 183 187 184 185 185 186 187 189 177 176 176 188 189 193 190 191 191 192 193 197 194 195 195 196 197 199 175 174 174 198 199 198 174 173 173 200 198 181 180 197 181 197 196 181 196 201 201 183 181 184 187 202 202 203 184 207 204 205 205 206 207 192 191 208 208 209 192 211 207 206 206 210 211 212 213 214 218 215 216 216 217 218 219 220 221 223 220 219 219 222 223 224 225 226 230 227 228 228 229 230 216 215 231 233 225 224 224 232 233 234 212 214 236 213 212 212 235 236 237 238 239 238 240 239 240 241 239 230 229 242 243 230 242 247 244 245 245 246 247 251 248 249 249 250 251 255 252 253 253 254 255 256 257 258 256 259 260 
						260 261 256 258 262 259 259 256 258 265 263 248 248 264 265 264 248 251 251 266 264 252 267 268 268 253 252 263 249 248 244 269 270 270 245 244 256 261 271 271 257 256 275 272 273 273 274 275 279 276 277 277 278 279 283 280 281 281 282 283 287 284 285 285 286 287 285 288 289 289 286 285 291 290 288 288 285 291 281 292 293 293 294 281 297 277 295 295 296 297 280 298 299 299 300 280 302 301 284 284 287 302 272 275 303 303 304 272 284 305 291 291 285 284 306 305 284 284 301 306 280 300 292 292 281 280 306 307 308 308 305 306 276 309 295 295 277 276 276 279 310 310 311 276 312 309 276 276 311 312 272 313 314 314 273 272 313 272 304 304 315 313 316 317 318 322 319 320 320 321 322 326 323 324 324 325 326 330 327 328 328 329 330 332 331 316 316 318 332 330 333 334 
						334 327 330 338 335 336 336 337 338 331 339 340 340 316 331 323 341 342 342 324 323 319 343 344 344 320 319 340 317 316 327 345 346 346 328 327 347 348 349 353 350 351 351 352 353 357 354 355 355 356 357 361 358 359 359 360 361 365 362 363 363 364 365 367 366 362 362 365 367 354 357 368 368 369 354 371 350 353 353 370 371 354 372 373 373 355 354 368 357 356 356 374 368 375 348 347 358 349 348 348 359 358 376 377 378 379 380 381 385 382 383 383 384 385 389 386 387 387 388 389 391 390 376 376 378 391 389 392 393 393 386 389 382 385 394 394 395 382 399 396 397 397 398 399 382 400 401 401 383 382 379 402 403 403 380 379 405 381 380 380 404 405 406 387 386 410 407 408 408 409 410 414 411 412 412 413 414 418 415 416 416 417 418 419 420 421 425 422 423 423 424 425 
						421 426 427 427 419 421 431 428 429 429 430 431 433 411 414 414 432 433 434 416 415 418 417 435 432 414 413 413 436 432 419 437 438 438 420 419 442 439 440 440 441 442 443 444 445 448 446 447 447 444 448 449 450 451 449 451 452 454 453 439 439 442 454 458 455 456 456 457 458 455 459 460 460 456 455 464 461 462 462 463 464 465 466 467 448 444 443 462 468 463 454 442 441 441 469 454 
					</p>
				</polylist>
			</mesh>
		</geometry>
		<geometry id="meshId1" name="meshId1_name" >
			<mesh>
				<source id="meshId1-positions" name="meshId1-positions">
					<float_array id="meshId1-positions-array" count="1410"> 
						-1.285943 6.368418 3.216880 -0.980681 6.362586 0.265772 -0.949084 6.152613 0.390449 -1.203120 5.881231 2.924889 -0.762269 6.887043 3.224321 -0.756463 6.589658 0.272363 -0.949084 6.572543 0.390449 -1.203120 6.843143 2.924889 -0.243703 6.362195 3.241352 -0.529901 6.365279 0.275587 -0.562983 6.573618 0.385731 -0.323197 6.840696 2.914138 -0.762269 5.837347 3.224322 -0.756463 6.135515 0.272363 -0.562983 6.151539 0.385731 -0.323197 5.883678 2.914138 -0.764868 6.362247 3.848329 -0.762269 5.837347 3.224322 -0.243703 6.362195 3.241352 -0.764868 6.362247 3.848329 -0.762269 6.887043 3.224321 -0.764868 6.362247 3.848329 -0.762269 6.887043 3.224321 -1.203120 6.843143 2.924889 -0.755343 6.362609 0.004146 -0.529901 6.365279 0.275587 -0.562983 6.151539 0.385731 -0.756463 6.135515 0.272363 -0.980681 6.362586 0.265772 -0.755343 6.362609 0.004146 -0.756463 6.135515 0.272363 -0.949084 6.152613 0.390449 -0.323197 5.883678 2.914138 -0.243703 6.362195 3.241352 -0.323197 6.840696 2.914138 -0.562983 6.573618 0.385731 -0.949084 6.572543 0.390449 -0.756463 6.589658 0.272363 -0.949084 6.572543 0.390449 -0.529901 6.365279 0.275587 -0.755343 6.362609 0.004146 -1.203120 5.881231 2.924889 -0.949084 6.152613 0.390449 -5.997027 6.358584 0.012092 -5.997027 7.076229 0.711801 -5.497027 6.858584 0.953768 -5.279384 6.358584 0.711801 -6.714673 6.358584 0.711801 -6.497028 6.858584 0.953768 -5.997027 7.076229 0.711801 -5.997027 6.358584 0.012092 -5.997027 5.640939 0.711801 -5.997027 6.358584 0.012092 -5.279384 6.358584 0.711801 -5.497027 5.858584 0.953768 -6.497028 5.858584 0.953768 -5.997027 5.640939 0.711801 -5.997027 6.358584 3.994059 -5.279384 6.358584 3.294349 -5.497027 6.858584 3.052382 -5.997027 7.076229 3.294349 -6.714673 6.358584 3.294349 -5.997027 6.358584 3.994059 -5.997027 7.076229 3.294349 
						-6.497028 6.858584 3.052382 -5.997027 5.640940 3.294349 -5.497027 5.858584 3.052382 -6.497028 5.858584 3.052382 -5.997027 5.640940 3.294349 -5.997027 5.640940 3.294349 -6.497028 5.858584 3.052382 -6.497028 5.858584 0.953768 -5.997027 5.640939 0.711801 -5.497027 5.858584 3.052382 -5.497027 5.858584 0.953768 -5.279384 6.358584 3.294349 -5.497027 5.858584 3.052382 -5.279384 6.358584 0.711801 -5.497027 6.858584 0.953768 -5.997027 7.076229 3.294349 -5.497027 6.858584 3.052382 -6.497028 6.858584 3.052382 -6.497028 6.858584 0.953768 -6.497028 6.858584 0.953768 -6.714673 6.358584 0.711801 -6.497028 5.858584 0.953768 -3.924333 6.358584 1.141336 -4.287607 6.858580 1.141339 -4.450063 6.358584 2.131845 -4.287607 5.858589 1.141339 -4.875384 6.049572 1.141339 -4.680602 6.191089 0.303116 -4.362006 6.087569 0.303117 -4.287607 6.858580 1.141339 -4.875384 6.667594 1.141339 -4.450063 6.358584 2.131845 -4.362006 6.629599 0.303117 -4.680602 6.526080 0.303116 -4.875384 6.667594 1.141339 -4.875384 6.049572 1.141339 -4.450063 6.358584 2.131845 -3.924333 6.358584 1.141336 -4.287607 5.858589 1.141339 -4.362006 6.087569 0.303117 -4.165099 6.358584 0.303115 -4.450063 6.358584 2.131845 -4.875384 6.049572 1.141339 -4.875384 6.667594 1.141339 -4.680602 6.526080 0.303116 -4.680602 6.191089 0.303116 -4.287607 5.858589 1.141339 -3.924333 6.358584 1.141336 -4.165099 6.358584 0.303115 -4.680602 6.191089 0.303116 -4.450064 6.358584 0.039460 -4.450064 6.358584 0.039460 -4.362006 6.629599 0.303117 -4.362006 6.629599 0.303117 -3.719085 6.402735 3.160184 -3.520561 6.361630 4.066745 -3.374434 6.816092 3.884384 -3.542548 6.955620 3.114041 -2.821665 7.031577 3.210134 -2.826116 6.840848 4.066744 -2.277799 6.816092 3.884384 -2.114661 6.943222 3.059221 -1.942991 6.361280 3.312260 -2.139327 6.361630 4.066745 
						-2.277799 5.907168 3.884384 -2.114661 5.779339 3.059221 -2.821665 5.690984 3.210134 -2.826116 5.882411 4.066745 -3.374434 5.907168 3.884384 -3.542548 5.766940 3.114041 -2.829944 6.361630 5.044877 -3.520561 6.361630 4.066745 -2.139327 6.361630 4.066745 -2.277799 5.907168 3.884384 -2.277799 6.816092 3.884384 -2.826116 6.840848 4.066744 -2.829944 6.361630 5.044877 -3.374434 6.816092 3.884384 -3.520561 6.361630 4.066745 -2.829944 6.361630 5.044877 -2.333219 6.361630 0.674887 -2.435454 6.639865 0.662168 -2.114661 6.943222 3.059221 -2.682566 6.053472 0.675327 -2.989951 6.033170 0.661402 -3.542548 6.955620 3.114041 -2.989951 6.690090 0.661402 -3.027095 6.361630 0.676347 -3.719085 6.402735 3.160184 -2.114661 5.779339 3.059221 -2.435454 6.083395 0.662168 -2.333219 6.361630 0.674887 -1.942991 6.361280 3.312260 -2.114661 5.779339 3.059221 -2.435454 6.083395 0.662168 -3.542548 6.955620 3.114041 -2.435454 6.639865 0.662168 -2.682566 6.669788 0.675327 -2.989951 6.690090 0.661402 -3.542548 5.766940 3.114041 -3.374434 5.907168 3.884384 -2.691105 6.361630 0.014085 -2.691105 6.361630 0.014085 -2.989951 6.033170 0.661402 -3.542548 5.766940 3.114041 -2.691105 6.361630 0.014085 -2.691105 6.361630 0.014085 -2.435454 6.639865 0.662168 1.696174 6.808984 2.687385 1.696174 6.808983 1.367267 1.438884 6.808983 1.106583 0.909438 6.808983 1.532121 0.909438 6.808984 2.564214 1.383978 6.808984 3.428906 1.307365 6.362247 4.220414 0.690371 6.368425 3.592294 0.909438 5.871319 2.703074 1.332710 5.842307 2.908323 1.915241 6.406862 3.134558 1.696174 5.873262 2.694533 1.696174 6.808984 2.687385 1.383978 6.808984 3.428906 1.307365 6.362247 4.220414 1.915241 6.406862 3.134558 0.690371 6.368425 3.592294 1.307365 6.362247 4.220414 1.317605 6.362247 -0.004145 1.806767 6.285855 0.650335 
						1.696174 5.857450 1.357516 1.342629 5.760440 1.202269 0.690371 6.362195 0.601263 1.317605 6.362247 -0.004145 1.342629 5.760440 1.202269 0.909438 5.790838 1.412207 1.317605 6.362247 -0.004145 0.690371 6.362195 0.601263 1.806767 6.285855 0.650335 1.696174 5.857450 1.357516 1.806767 6.285855 0.650335 1.696174 6.808983 1.367267 0.909438 6.808984 2.564214 0.909438 6.808983 1.532121 0.690371 6.362195 0.601263 0.690371 6.368425 3.592294 1.915241 6.406862 3.134558 1.696174 5.873262 2.694533 0.909438 5.790838 1.412207 0.909438 5.871319 2.703074 3.232536 6.358584 2.092195 2.985301 6.698868 2.092197 2.965642 6.358584 2.539050 2.985301 6.018301 2.092197 2.585274 6.148279 2.092197 2.412096 6.076147 0.475692 2.949327 5.901587 0.475692 2.985301 6.698868 2.092197 2.585274 6.568889 2.092197 2.965642 6.358584 2.539050 2.949327 6.815581 0.475692 2.412096 6.641021 0.475692 2.585274 6.568889 2.092197 2.585274 6.148279 2.092197 2.965642 6.358584 2.539050 3.232536 6.358584 2.092195 2.985301 6.018301 2.092197 2.949327 5.901587 0.475692 3.281360 6.358584 0.475689 2.965642 6.358584 2.539050 2.412096 6.641021 0.475692 2.412096 6.076147 0.475692 2.985301 6.018301 2.092197 3.281360 6.358584 0.475689 2.949327 6.815581 0.475692 2.949327 5.901587 0.475692 2.412096 6.076147 0.475692 2.896247 6.358584 0.020378 2.412096 6.641021 0.475692 2.949327 6.815581 0.475692 2.896247 6.358584 0.020378 2.949327 6.815581 0.475692 4.186002 6.365154 2.039483 5.499315 6.425694 0.002760 5.558722 6.180627 0.002760 4.390316 6.039697 1.911758 4.568070 6.711612 2.356134 6.037768 7.071218 0.002760 5.558722 6.713209 0.002760 4.390316 6.682285 1.911758 4.941671 6.360996 2.675556 6.099658 6.430727 0.002760 6.037768 7.071218 0.002760 5.043715 6.680651 2.429718 
						4.568070 6.010381 2.356134 5.938108 6.158942 0.002760 5.043715 6.041331 2.429718 4.259894 6.361031 2.733046 4.186002 6.365154 2.039483 4.390316 6.039697 1.911758 4.941671 6.360996 2.675556 5.043715 6.680651 2.429718 4.259894 6.361031 2.733046 4.941671 6.360996 2.675556 4.186002 6.365154 2.039483 5.043715 6.041331 2.429718 5.938108 6.158942 0.002760 4.390316 6.682285 1.911758 5.558722 6.713209 0.002760 5.558722 6.180627 0.002760 5.568181 6.402735 3.160184 5.766706 6.361630 4.066745 5.912832 6.816092 3.884384 5.744718 6.955620 3.114041 6.465601 7.031577 3.210134 6.461150 6.840848 4.066744 7.009467 6.816092 3.884384 7.172606 6.943222 3.059221 7.344275 6.361280 3.312260 7.147940 6.361630 4.066745 7.009467 5.907168 3.884385 7.172606 5.779339 3.059221 6.465601 5.690984 3.210134 6.461150 5.882411 4.066745 5.912833 5.907168 3.884384 5.744718 5.766940 3.114041 6.457322 6.361630 5.044877 5.766706 6.361630 4.066745 7.147940 6.361630 4.066745 7.009467 5.907168 3.884385 7.009467 6.816092 3.884384 6.461150 6.840848 4.066744 6.457322 6.361630 5.044877 5.912832 6.816092 3.884384 5.766706 6.361630 4.066745 6.457322 6.361630 5.044877 7.610571 6.048777 0.002760 7.311358 7.368546 0.002760 7.172606 6.943222 3.059221 6.621339 5.862596 0.002760 6.037768 5.824051 0.002760 6.037768 7.071218 0.002760 6.099658 6.430727 0.002760 7.172606 5.779339 3.059221 7.116796 5.848463 0.002760 7.610571 6.048777 0.002760 7.344275 6.361280 3.312260 5.744718 6.955620 3.114041 7.311358 7.368546 0.002760 6.727582 7.124060 0.002760 6.037768 7.071218 0.002760 5.744718 5.766940 3.114041 5.912833 5.907168 3.884384 6.037768 5.824051 0.002760 7.874526 6.368418 3.082989 6.728267 6.451076 0.002760 7.804514 5.881231 2.787664 8.335400 6.887043 2.834226 
						7.311358 7.368546 0.002760 6.728267 6.451076 0.002760 7.804514 6.843143 2.787664 8.796490 6.362195 2.596325 7.563481 6.454561 0.002760 7.610571 6.850093 0.002760 8.567580 6.840696 2.349365 8.335400 5.837347 2.834226 7.116796 5.848463 0.002760 7.610571 6.048777 0.002760 8.567580 5.883678 2.349365 8.637300 6.362247 3.380348 8.335400 5.837347 2.834226 8.796490 6.362195 2.596325 8.637300 6.362247 3.380348 8.567580 6.840696 2.349365 8.335400 6.887043 2.834226 8.637300 6.362247 3.380348 8.796490 6.362195 2.596325 8.335400 6.887043 2.834226 7.804514 6.843143 2.787664 8.567580 5.883678 2.349365 7.610571 6.048777 0.002760 8.567580 6.840696 2.349365 7.610571 6.850093 0.002760 7.804514 5.881231 2.787664 6.728267 6.451076 0.002760 7.166265 7.767550 3.224669 6.728267 6.451076 0.002760 7.545683 7.491141 3.012685 6.953796 8.207011 2.834748 6.490793 6.865702 0.002760 6.728267 6.451076 0.002760 6.728056 7.846313 2.901025 7.628390 8.263243 2.576303 7.311358 7.368546 0.002760 6.727582 7.124060 0.002760 7.108236 8.251300 2.330123 7.846040 7.819427 2.956599 7.223658 6.547352 0.002760 7.610571 6.850093 0.002760 7.921705 7.897934 2.441215 7.549466 8.300948 3.357917 7.166265 7.767550 3.224669 7.545683 7.491141 3.012685 7.846040 7.819427 2.956599 7.628390 8.263243 2.576303 7.921705 7.897934 2.441215 6.953796 8.207011 2.834748 7.549466 8.300948 3.357917 7.166265 7.767550 3.224669 7.549466 8.300948 3.357917 7.921705 7.897934 2.441215 7.610571 6.850093 0.002760 6.490793 6.865702 0.002760 6.728056 7.846313 2.901025 5.289194 8.693819 2.172470 6.728267 6.451076 0.002760 5.749591 8.799685 1.878245 4.694124 8.479383 1.839851 5.938108 6.158942 0.002760 5.060636 8.205587 2.083813 4.843765 8.915363 1.292512 6.037768 7.071218 0.002760 
						5.558722 6.713209 0.002760 4.698298 8.368203 1.328644 5.445952 9.127696 1.615523 6.728267 6.451076 0.002760 6.357805 7.007301 0.002760 5.383746 8.959275 1.124122 4.758581 9.253779 1.985279 5.445952 9.127696 1.615523 4.843765 8.915363 1.292512 4.758581 9.253779 1.985279 4.694124 8.479383 1.839851 4.758581 9.253779 1.985279 4.694124 8.479383 1.839851 5.060636 8.205587 2.083813 5.289194 8.693819 2.172470 4.758581 9.253779 1.985279 5.383746 8.959275 1.124122 6.357805 7.007301 0.002760 4.698298 8.368203 1.328644 5.558722 6.713209 0.002760 6.728267 6.451076 0.002760 5.289194 8.693819 2.172470 5.749591 8.799685 1.878245 5.298635 4.328106 0.872652 6.037768 5.824051 0.002760 6.825906 5.552098 0.002760 5.789465 4.374609 0.950364 4.889671 4.731650 1.156672 6.099658 6.430727 0.002760 5.938108 6.158942 0.002760 5.068624 4.735645 0.727533 5.258618 4.735038 1.681740 6.728267 6.451076 0.002760 6.099658 6.430727 0.002760 5.046553 5.101291 1.399350 5.676297 4.337666 1.399838 6.728267 6.451076 0.002760 5.763727 4.742092 1.621047 5.008553 4.115744 1.487115 5.298635 4.328106 0.872652 5.789465 4.374609 0.950364 5.676297 4.337666 1.399838 5.258618 4.735038 1.681740 5.008553 4.115744 1.487115 5.046553 5.101291 1.399350 4.889671 4.731650 1.156672 5.008553 4.115744 1.487115 5.258618 4.735038 1.681740 5.298635 4.328106 0.872652 5.008553 4.115744 1.487115 5.763727 4.742092 1.621047 4.889671 4.731650 1.156672 6.037768 5.824051 0.002760 5.789465 4.374609 0.950364 6.825906 5.552098 0.002760 7.966688 4.950267 0.433117 6.825906 5.552098 0.002760 7.116796 5.848463 0.002760 8.062298 5.235907 0.244832 7.842990 4.995967 0.869777 6.825906 5.552098 0.002760 7.659045 4.973748 0.595587 8.159892 5.320167 0.925168 6.728267 6.451076 0.002760 
						7.807755 5.298484 1.006696 8.283043 5.282050 0.487013 6.728267 6.451076 0.002760 7.116796 5.848463 0.002760 8.208957 5.559309 0.657726 8.325310 4.875650 0.783163 8.283043 5.282050 0.487013 8.159892 5.320167 0.925168 8.325310 4.875650 0.783163 8.283043 5.282050 0.487013 8.208957 5.559309 0.657726 7.807755 5.298484 1.006696 7.842990 4.995967 0.869777 7.842990 4.995967 0.869777 7.659045 4.973748 0.595587 7.966688 4.950267 0.433117 8.325310 4.875650 0.783163 8.159892 5.320167 0.925168 8.208957 5.559309 0.657726 6.728267 6.451076 0.002760 6.825906 5.552098 0.002760 6.728267 6.451076 0.002760 
					</float_array>
					<technique_common>
						<accessor count="470" offset="0" source="#meshId1-positions-array" stride="3">
							<param name="X" type="float" />
							<param name="Y" type="float" />
							<param name="Z" type="float" />
						</accessor>
					</technique_common>
				</source>
				<source id="meshId1-normals" name="meshId1-normals">
					<float_array id="meshId1-normals-array" count="1410"> 
						-0.907250 0.005402 0.420557 -0.863083 0.000397 -0.505062 -0.656842 -0.699051 -0.282642 -0.682021 -0.725207 0.094458 -0.000641 0.898389 0.439200 0.000092 0.861322 -0.508059 -0.656252 0.699681 -0.282454 -0.680337 0.726909 0.093511 0.899400 0.000153 0.437126 0.870739 0.004669 -0.491723 0.657629 0.696968 -0.285935 0.682966 0.725083 0.088385 -0.003510 -0.897904 0.440178 0.002686 -0.860616 -0.509247 0.659062 -0.695350 -0.286575 0.683180 -0.724900 0.088232 -0.003937 -0.000214 0.999992 -0.003510 -0.897904 0.440178 0.899400 0.000153 0.437126 -0.003937 -0.000214 0.999992 -0.000641 0.898389 0.439200 -0.003937 -0.000214 0.999992 -0.000641 0.898389 0.439200 -0.680337 0.726909 0.093511 0.003601 -0.000214 -0.999994 0.870739 0.004669 -0.491723 0.659062 -0.695350 -0.286575 0.002686 -0.860616 -0.509247 -0.863083 0.000397 -0.505062 0.003601 -0.000214 -0.999994 0.002686 -0.860616 -0.509247 -0.656842 -0.699051 -0.282642 0.683180 -0.724900 0.088232 0.899400 0.000153 0.437126 0.682966 0.725083 0.088385 0.657629 0.696968 -0.285935 -0.656252 0.699681 -0.282454 0.000092 0.861322 -0.508059 -0.656252 0.699681 -0.282454 0.870739 0.004669 -0.491723 0.003601 -0.000214 -0.999994 -0.682021 -0.725207 0.094458 -0.656842 -0.699051 -0.282642 0.000000 0.000000 -1.000000 0.000000 0.898539 -0.438893 0.689225 0.689225 -0.223465 0.898539 0.000000 -0.438893 -0.898539 0.000000 -0.438893 -0.689225 0.689225 -0.223465 0.000000 0.898539 -0.438893 0.000000 0.000000 -1.000000 0.000000 -0.898539 -0.438893 0.000000 0.000000 -1.000000 0.898539 0.000000 -0.438893 0.689225 -0.689225 -0.223465 -0.689225 -0.689225 -0.223465 0.000000 -0.898539 -0.438893 0.000000 0.000000 1.000000 0.898539 -0.000000 0.438893 0.689225 0.689225 0.223465 0.000000 0.898539 0.438893 -0.898539 -0.000000 0.438893 0.000000 0.000000 1.000000 0.000000 0.898539 0.438893 
						-0.689225 0.689225 0.223465 0.000000 -0.898539 0.438893 0.689225 -0.689225 0.223465 -0.689225 -0.689225 0.223465 0.000000 -0.898539 0.438893 0.000000 -0.898539 0.438893 -0.689225 -0.689225 0.223465 -0.689225 -0.689225 -0.223465 0.000000 -0.898539 -0.438893 0.689225 -0.689225 0.223465 0.689225 -0.689225 -0.223465 0.898539 -0.000000 0.438893 0.689225 -0.689225 0.223465 0.898539 0.000000 -0.438893 0.689225 0.689225 -0.223465 0.000000 0.898539 0.438893 0.689225 0.689225 0.223465 -0.689225 0.689225 0.223465 -0.689225 0.689225 -0.223465 -0.689225 0.689225 -0.223465 -0.898539 0.000000 -0.438893 -0.689225 -0.689225 -0.223465 0.995772 -0.000000 0.091862 0.307694 0.947040 0.091863 0.000000 0.000000 1.000000 0.307694 -0.947040 0.091863 -0.805593 -0.585304 0.091864 -0.708206 -0.514529 -0.483430 0.270488 -0.832553 -0.483418 0.307694 0.947040 0.091863 -0.805593 0.585304 0.091864 0.000000 0.000000 1.000000 0.270488 0.832552 -0.483418 -0.708206 0.514529 -0.483430 -0.805593 0.585304 0.091864 -0.805593 -0.585304 0.091864 0.000000 0.000000 1.000000 0.995772 -0.000000 0.091862 0.307694 -0.947040 0.091863 0.270488 -0.832553 -0.483418 0.875385 0.000000 -0.483426 0.000000 0.000000 1.000000 -0.805593 -0.585304 0.091864 -0.805593 0.585304 0.091864 -0.708206 0.514529 -0.483430 -0.708206 -0.514529 -0.483430 0.307694 -0.947040 0.091863 0.995772 -0.000000 0.091862 0.875385 0.000000 -0.483426 -0.708206 -0.514529 -0.483430 0.000000 0.000000 -1.000000 0.000000 0.000000 -1.000000 0.270488 0.832552 -0.483418 0.270488 0.832552 -0.483418 -0.999852 0.017090 0.002197 -0.866591 0.001160 0.499018 -0.560943 0.753397 0.343127 -0.649638 0.760241 -0.002197 0.017854 0.998394 0.053774 0.005066 0.904458 0.426532 0.561809 0.755732 0.336512 0.645362 0.763869 -0.003449 0.995312 -0.000092 0.096714 0.862509 0.000031 0.506042 
						0.561838 -0.755547 0.336877 0.645297 -0.763925 -0.003327 0.017854 -0.998375 0.054111 0.005066 -0.904301 0.426866 -0.569761 -0.748298 0.339739 -0.657689 -0.753275 -0.004700 -0.001190 -0.000000 0.999999 -0.866591 0.001160 0.499018 0.862509 0.000031 0.506042 0.561838 -0.755547 0.336877 0.561809 0.755732 0.336512 0.005066 0.904458 0.426532 -0.001190 -0.000000 0.999999 -0.560943 0.753397 0.343127 -0.866591 0.001160 0.499018 -0.001190 -0.000000 0.999999 0.952720 -0.000000 -0.303850 0.597966 0.729200 -0.332722 0.645362 0.763869 -0.003449 0.057467 -0.959329 -0.276379 -0.580453 -0.721729 -0.377070 -0.649638 0.760241 -0.002197 -0.576582 0.725061 -0.376616 -0.936242 0.003479 -0.351339 -0.999852 0.017090 0.002197 0.645297 -0.763925 -0.003327 0.597955 -0.729156 -0.332838 0.952720 -0.000000 -0.303850 0.995312 -0.000092 0.096714 0.645297 -0.763925 -0.003327 0.597955 -0.729156 -0.332838 -0.649638 0.760241 -0.002197 0.597966 0.729200 -0.332722 0.057498 0.959362 -0.276257 -0.576582 0.725061 -0.376616 -0.657689 -0.753275 -0.004700 -0.569761 -0.748298 0.339739 0.015779 0.000000 -0.999875 0.015779 0.000000 -0.999875 -0.580453 -0.721729 -0.377070 -0.657689 -0.753275 -0.004700 0.015779 0.000000 -0.999875 0.015779 0.000000 -0.999875 0.597966 0.729200 -0.332722 0.566678 0.822092 0.055148 0.588137 0.802230 -0.102575 0.124123 0.947390 -0.295033 -0.520409 0.850532 -0.075962 -0.524654 0.849866 0.049655 0.138830 0.926155 0.350661 0.055759 -0.017549 0.998290 -0.865677 -0.015565 0.500362 -0.547936 -0.827520 0.122381 0.111152 -0.952818 0.282458 0.943515 -0.024721 0.330406 0.608286 -0.783164 0.129006 0.566678 0.822092 0.055148 0.138830 0.926155 0.350661 0.055759 -0.017549 0.998290 0.943515 -0.024721 0.330406 -0.865677 -0.015565 0.500362 0.055759 -0.017549 0.998290 0.048373 0.043978 -0.997861 0.873448 -0.075442 -0.481037 
						0.612765 -0.782452 -0.110846 0.032533 -0.961474 -0.272963 -0.834555 0.057499 -0.547916 0.048373 0.043978 -0.997861 0.032533 -0.961474 -0.272963 -0.540377 -0.834736 -0.105872 0.048373 0.043978 -0.997861 -0.834555 0.057499 -0.547916 0.873448 -0.075442 -0.481037 0.612765 -0.782452 -0.110846 0.873448 -0.075442 -0.481037 0.588137 0.802230 -0.102575 -0.524654 0.849866 0.049655 -0.520409 0.850532 -0.075962 -0.834555 0.057499 -0.547916 -0.865677 -0.015565 0.500362 0.943515 -0.024721 0.330406 0.608286 -0.783164 0.129006 -0.540377 -0.834736 -0.105872 -0.547936 -0.827520 0.122381 0.966158 0.000000 0.257951 0.287154 0.905165 0.313400 0.136604 0.000000 0.990626 0.287154 -0.905165 0.313400 -0.747226 -0.541193 0.385699 -0.771983 -0.545439 -0.326403 0.272014 -0.910771 -0.310651 0.287154 0.905165 0.313400 -0.747226 0.541193 0.385699 0.136604 0.000000 0.990626 0.272014 0.910772 -0.310651 -0.771983 0.545439 -0.326403 -0.747226 0.541193 0.385699 -0.747226 -0.541193 0.385699 0.136604 0.000000 0.990626 0.966158 0.000000 0.257951 0.287154 -0.905165 0.313400 0.272014 -0.910771 -0.310651 0.955770 0.000000 -0.294114 0.136604 0.000000 0.990626 -0.771983 0.545439 -0.326403 -0.771983 -0.545439 -0.326403 0.287154 -0.905165 0.313400 0.955770 0.000000 -0.294114 0.272014 0.910772 -0.310651 0.272014 -0.910771 -0.310651 -0.771983 -0.545439 -0.326403 0.114048 0.000000 -0.993475 -0.771983 0.545439 -0.326403 0.272014 0.910772 -0.310651 0.114048 0.000000 -0.993475 0.272014 0.910772 -0.310651 -0.993324 -0.000336 -0.115361 -0.844809 -0.001434 -0.535067 -0.431174 -0.841503 -0.325517 -0.591120 -0.776523 -0.218149 -0.331592 0.882100 0.334583 -0.335432 0.786590 -0.518422 -0.903764 0.233044 -0.359028 -0.710209 0.662905 -0.236981 0.430751 -0.042849 0.901453 -0.349109 0.567169 0.745951 -0.335432 0.786590 -0.518422 0.523252 0.664342 0.533720 
						-0.261523 -0.913180 0.312583 -0.452414 -0.883862 0.118780 0.493927 -0.760422 0.421657 -0.632967 0.000092 0.774179 -0.993324 -0.000336 -0.115361 -0.591120 -0.776523 -0.218149 0.430751 -0.042849 0.901453 0.523252 0.664342 0.533720 -0.632967 0.000092 0.774179 0.430751 -0.042849 0.901453 -0.993324 -0.000336 -0.115361 0.493927 -0.760422 0.421657 -0.452414 -0.883862 0.118780 -0.710209 0.662905 -0.236981 -0.903764 0.233044 -0.359028 -0.431174 -0.841503 -0.325517 -0.998114 0.012360 0.060122 -0.866591 0.001160 0.499018 -0.560943 0.753397 0.343127 -0.684798 0.723619 0.086187 -0.039553 0.990145 0.134347 0.005066 0.904458 0.426532 0.561809 0.755732 0.336512 0.601564 0.783641 0.155007 0.980300 -0.073429 0.183358 0.862509 0.000031 0.506042 0.561838 -0.755547 0.336877 0.506735 -0.856542 0.097752 0.012330 -0.995242 0.096652 0.005066 -0.904301 0.426866 -0.569761 -0.748298 0.339739 -0.672123 -0.737739 0.063175 -0.001190 -0.000000 0.999999 -0.866591 0.001160 0.499018 0.862509 0.000031 0.506042 0.561838 -0.755547 0.336877 0.561809 0.755732 0.336512 0.005066 0.904458 0.426532 -0.001190 -0.000000 0.999999 -0.560943 0.753397 0.343127 -0.866591 0.001160 0.499018 -0.001190 -0.000000 0.999999 0.859354 -0.490593 -0.144324 0.305678 0.944838 -0.117651 0.601564 0.783641 0.155007 0.016816 -0.999147 -0.037721 -0.430472 -0.611451 -0.663944 -0.335432 0.786590 -0.518422 -0.349109 0.567169 0.745951 0.506735 -0.856542 0.097752 0.301677 -0.905123 -0.299571 0.859354 -0.490593 -0.144324 0.980300 -0.073429 0.183358 -0.684798 0.723619 0.086187 0.305678 0.944838 -0.117651 -0.331161 0.936808 -0.112798 -0.335432 0.786590 -0.518422 -0.672123 -0.737739 0.063175 -0.569761 -0.748298 0.339739 -0.430472 -0.611451 -0.663944 -0.600832 0.005097 0.799359 -0.207864 -0.133490 0.969006 -0.699931 -0.553590 0.451259 0.201610 0.853165 0.481105 
						0.305678 0.944838 -0.117651 -0.207864 -0.133490 0.969006 -0.714036 0.507541 0.482240 0.999970 -0.000458 0.007721 0.913803 0.002808 -0.406148 0.963612 0.173105 -0.203685 0.843832 0.506806 -0.176341 0.148719 -0.880807 0.449513 0.301677 -0.905123 -0.299571 0.859354 -0.490593 -0.144324 0.730865 -0.660366 -0.172492 0.483976 -0.000214 0.875081 0.148719 -0.880807 0.449513 0.999970 -0.000458 0.007721 0.483976 -0.000214 0.875081 0.843832 0.506806 -0.176341 0.201610 0.853165 0.481105 0.483976 -0.000214 0.875081 0.999970 -0.000458 0.007721 0.201610 0.853165 0.481105 -0.714036 0.507541 0.482240 0.730865 -0.660366 -0.172492 0.859354 -0.490593 -0.144324 0.843832 0.506806 -0.176341 0.963612 0.173105 -0.203685 -0.699931 -0.553590 0.451259 -0.207864 -0.133490 0.969006 -0.338554 -0.362878 0.868160 -0.207864 -0.133490 0.969006 0.159399 -0.813170 0.559774 -0.677528 0.671912 0.299150 -0.965876 0.258194 -0.020478 -0.207864 -0.133490 0.969006 -0.837471 -0.288435 0.464163 0.438681 0.892773 -0.102544 0.305678 0.944838 -0.117651 -0.331161 0.936808 -0.112798 -0.398766 0.889609 -0.222669 0.830240 -0.249096 0.498651 0.578667 -0.791200 0.197854 0.963612 0.173105 -0.203685 0.999205 0.034975 -0.019136 0.250931 0.585577 0.770800 -0.338554 -0.362878 0.868160 0.159399 -0.813170 0.559774 0.830240 -0.249096 0.498651 0.438681 0.892773 -0.102544 0.999205 0.034975 -0.019136 -0.677528 0.671912 0.299150 0.250931 0.585577 0.770800 -0.338554 -0.362878 0.868160 0.250931 0.585577 0.770800 0.999205 0.034975 -0.019136 0.963612 0.173105 -0.203685 -0.965876 0.258194 -0.020478 -0.837471 -0.288435 0.464163 0.165904 0.053134 0.984709 -0.207864 -0.133490 0.969006 0.810113 0.327323 0.486391 -0.893320 -0.196298 0.404285 -0.452414 -0.883862 0.118780 -0.261154 -0.547608 0.794937 -0.573861 0.594829 -0.562905 -0.335432 0.786590 -0.518422 
						-0.903764 0.233044 -0.359028 -0.936058 -0.080479 -0.342518 0.442896 0.896534 -0.008393 -0.207864 -0.133490 0.969006 0.618080 0.605476 -0.501374 0.276201 0.733628 -0.620889 -0.514615 0.744394 0.425499 0.442896 0.896534 -0.008393 -0.573861 0.594829 -0.562905 -0.514615 0.744394 0.425499 -0.893320 -0.196298 0.404285 -0.514615 0.744394 0.425499 -0.893320 -0.196298 0.404285 -0.261154 -0.547608 0.794937 0.165904 0.053134 0.984709 -0.514615 0.744394 0.425499 0.276201 0.733628 -0.620889 0.618080 0.605476 -0.501374 -0.936058 -0.080479 -0.342518 -0.903764 0.233044 -0.359028 -0.207864 -0.133490 0.969006 0.165904 0.053134 0.984709 0.810113 0.327323 0.486391 -0.284316 -0.747352 -0.600524 -0.430472 -0.611451 -0.663944 0.342880 -0.847815 0.404528 0.591100 -0.785509 -0.183239 -0.998971 0.024964 -0.037874 -0.349109 0.567169 0.745951 -0.452414 -0.883862 0.118780 -0.751809 -0.099309 -0.651859 -0.244978 0.147286 0.958276 -0.207864 -0.133490 0.969006 -0.349109 0.567169 0.745951 -0.633465 0.602549 0.485445 0.545252 -0.687410 0.479758 -0.207864 -0.133490 0.969006 0.569056 0.035341 0.821539 -0.505493 -0.772081 0.385186 -0.284316 -0.747352 -0.600524 0.591100 -0.785509 -0.183239 0.545252 -0.687410 0.479758 -0.244978 0.147286 0.958276 -0.505493 -0.772081 0.385186 -0.633465 0.602549 0.485445 -0.998971 0.024964 -0.037874 -0.505493 -0.772081 0.385186 -0.244978 0.147286 0.958276 -0.284316 -0.747352 -0.600524 -0.505493 -0.772081 0.385186 0.569056 0.035341 0.821539 -0.998971 0.024964 -0.037874 -0.430472 -0.611451 -0.663944 0.591100 -0.785509 -0.183239 0.342880 -0.847815 0.404528 0.144112 -0.827376 -0.542845 0.342880 -0.847815 0.404528 0.301677 -0.905123 -0.299571 0.452290 -0.094517 -0.886849 -0.293168 -0.698495 0.652807 0.342880 -0.847815 0.404528 -0.502317 -0.859302 0.096319 0.412159 0.166695 0.895733 -0.207864 -0.133490 0.969006 
						-0.440425 -0.117500 0.890067 0.989406 0.017518 -0.144112 -0.207864 -0.133490 0.969006 0.301677 -0.905123 -0.299571 0.282030 0.522921 0.804371 0.679481 -0.681709 0.271255 0.989406 0.017518 -0.144112 0.412159 0.166695 0.895733 0.679481 -0.681709 0.271255 0.989406 0.017518 -0.144112 0.282030 0.522921 0.804371 -0.440425 -0.117500 0.890067 -0.293168 -0.698495 0.652807 -0.293168 -0.698495 0.652807 -0.502317 -0.859302 0.096319 0.144112 -0.827376 -0.542845 0.679481 -0.681709 0.271255 0.412159 0.166695 0.895733 0.282030 0.522921 0.804371 -0.207864 -0.133490 0.969006 0.342880 -0.847815 0.404528 -0.207864 -0.133490 0.969006 
					</float_array>
					<technique_common>
						<accessor count="470" offset="0" source="#meshId1-normals-array" stride="3">
							<param name="X" type="float" />
							<param name="Y" type="float" />
							<param name="Z" type="float" />
						</accessor>
					</technique_common>
				</source>
				<source id="meshId1-tangents" name="meshId1-tangents">
					<float_array id="meshId1-tangents-array" count="1410"> 
						-0.051981 -0.993692 -0.099372 0.058657 -0.993154 -0.101018 0.753954 -0.603639 -0.259178 0.628041 -0.646966 -0.432433 -0.972545 0.101648 -0.209341 -0.986041 -0.084516 -0.143460 -0.698361 -0.704968 -0.123744 -0.694780 -0.599068 -0.397992 0.111022 0.967129 -0.228769 -0.197237 0.919311 -0.340536 -0.753058 0.618600 -0.224136 -0.640462 0.652610 -0.404857 0.980278 -0.090066 -0.175906 0.959184 0.146217 -0.242046 0.676252 0.714645 -0.178789 0.694506 0.607642 -0.385269 -0.028707 -0.999588 -0.000327 0.397429 -0.405176 -0.823336 0.280198 0.767339 -0.576784 0.838464 0.544947 0.003417 -0.413263 0.399702 -0.818200 -0.434886 0.900484 -0.001520 -0.582563 -0.357311 0.730034 -0.700761 -0.682556 0.207490 0.529891 0.848064 0.001727 0.026946 0.997999 0.057193 0.681695 0.713266 -0.162924 0.577677 0.417016 -0.701702 -0.505062 0.000788 0.863083 -0.999994 0.000239 -0.003601 -0.858319 -0.263285 0.440420 -0.574298 0.220903 0.788279 0.653532 0.660837 0.369040 -0.069820 0.987212 0.143312 -0.679884 0.675254 -0.285989 -0.745660 0.548150 -0.378843 -0.618115 -0.283819 0.733063 -0.784686 0.315004 0.533891 -0.710687 -0.698929 -0.080145 -0.258147 0.855428 -0.449002 -0.812608 0.582802 -0.003051 0.663413 -0.667856 -0.337420 0.725134 -0.482845 -0.490960 0.804447 -0.594025 -0.000000 0.996335 0.037540 0.076855 0.723343 -0.636762 0.267040 0.297239 -0.735756 0.608532 -0.399214 -0.415503 0.817304 -0.699559 -0.552715 0.452905 -0.983018 0.080542 0.164892 -0.859121 -0.511772 -0.000000 -0.424984 -0.397286 0.813358 -0.393127 -0.919484 -0.000000 0.122046 -0.960559 0.249863 -0.519921 -0.685272 0.509985 -0.255189 -0.057743 0.965165 -0.501327 -0.379756 0.777468 0.183068 -0.983100 -0.000000 0.108823 -0.968773 -0.222792 0.673398 -0.723168 0.153505 0.728094 -0.300851 0.615928 -0.044267 0.994901 -0.090627 -0.062388 0.998052 0.000000 0.403340 0.401609 -0.822208 
						0.504974 0.678113 -0.534007 -0.256037 -0.424264 -0.868588 -0.424490 -0.634057 -0.646359 -0.594821 0.714345 0.368644 -0.554798 0.365153 0.747572 0.999997 -0.001065 -0.002181 0.719785 -0.686619 0.102294 0.716449 -0.694282 -0.068368 0.999997 0.001051 -0.002151 0.720213 0.685387 -0.107413 0.715864 0.695374 0.063195 -0.248488 -0.824288 0.508726 -0.710625 -0.582858 0.394068 0.077981 -0.984089 0.159650 0.688068 -0.719246 -0.096162 0.979078 -0.089307 0.182837 0.675559 -0.722779 0.145638 0.722186 0.628610 0.288611 0.679817 0.721839 0.129604 0.705099 0.567049 -0.425783 0.042025 0.995405 -0.086038 -0.724462 0.660264 0.198005 -0.041914 0.889843 0.454337 -0.951353 0.304604 0.046309 -0.229562 0.973294 -0.000000 0.821045 0.313063 0.477364 0.518649 -0.621738 0.586895 0.491190 -0.850939 0.186105 0.771656 -0.112760 0.625965 -0.642857 0.135740 0.753863 -0.291096 -0.526070 0.799070 -0.736553 -0.676380 -0.000000 -0.564387 0.543929 0.620974 -0.587803 -0.050435 0.807430 -0.505976 -0.760333 0.407285 0.587902 -0.770502 0.246368 0.115388 -0.993320 -0.000000 -0.032635 -0.934766 0.353761 -0.924145 -0.274479 0.265739 -0.674792 -0.522099 0.521602 -0.077197 -0.987168 -0.139788 0.995721 -0.092410 -0.000000 0.581535 -0.810814 -0.066314 -0.581535 -0.810814 0.066314 -0.353164 -0.851095 -0.388475 0.424961 -0.857473 0.290083 0.384794 0.212154 0.898290 -0.048931 0.846328 0.530409 0.111676 0.972951 0.202222 -0.437176 -0.218065 0.872539 -0.461853 -0.886957 -0.000000 -0.166467 -0.986047 0.000000 -0.164463 -0.454794 -0.875279 0.218916 -0.542172 -0.811249 0.002984 0.046161 0.998930 0.498621 0.041972 0.865803 0.417870 -0.100124 0.902973 0.170565 0.148566 0.974082 -0.839598 0.044175 -0.541409 -0.843136 0.233206 -0.484497 -0.628657 0.654423 -0.420145 -0.605721 0.508988 -0.611582 0.010587 0.994093 -0.108014 0.068595 0.990763 -0.116974 
						0.592363 0.651701 0.473700 0.722121 0.608552 0.328945 0.993777 0.023670 0.108839 0.997639 0.033806 0.059776 0.821730 -0.512962 0.248253 0.745787 -0.652004 0.136722 0.999977 -0.006633 0.001190 0.379739 -0.647253 0.660955 0.137365 0.962439 -0.234185 0.803337 0.595510 -0.004184 -0.547918 0.644686 -0.533071 -0.482624 0.375784 -0.791114 -0.616619 0.787262 -0.000734 -0.743073 -0.275496 -0.609873 -0.381301 -0.646635 -0.660661 -0.966621 -0.256210 -0.001150 -0.165604 0.838424 -0.519250 -0.800267 0.519947 -0.298711 -0.702499 0.591728 -0.395416 0.994650 0.031212 0.098476 0.810007 -0.559213 -0.176549 0.728941 0.623708 0.282194 0.682155 0.680903 0.266525 0.079112 0.976361 -0.201147 0.016448 0.984621 -0.173928 0.758181 0.639899 0.125263 0.799172 0.510537 0.317296 0.062253 0.978787 0.195194 -0.008614 0.995942 0.089588 0.755532 0.637551 0.150665 0.715258 0.672824 -0.188983 -0.596411 -0.511431 -0.618654 -0.664016 0.218190 -0.715176 -0.839026 -0.103528 -0.534151 -0.610977 -0.688666 -0.390444 0.121124 -0.111908 0.986309 0.316330 0.181857 0.931055 -0.978926 -0.203631 -0.015448 0.999051 0.040596 0.015766 -0.379544 0.649483 -0.658877 -0.568943 0.500818 -0.652292 0.139863 0.990168 0.002207 0.081742 0.996653 0.001290 -0.367395 0.618296 0.694788 0.815275 -0.569143 0.106785 0.803342 -0.564821 0.188730 0.986233 -0.085048 0.141816 0.845717 0.525666 0.091853 0.844921 0.512692 0.152496 0.981250 -0.080844 -0.174965 -0.996374 -0.065340 0.054503 -0.406003 0.606556 -0.683558 -0.836331 0.545032 -0.059086 -0.993798 -0.105601 0.034850 -0.125487 -0.949586 0.287295 -0.793336 -0.604948 0.068229 0.712529 -0.522564 0.468220 0.608194 -0.359184 0.707875 0.472112 -0.880545 -0.041848 -0.136122 -0.938090 0.318525 0.441702 0.446641 0.778082 0.878467 0.476066 -0.040698 0.702835 0.708350 0.065290 -0.033260 0.976372 -0.213519 
						0.738666 0.616947 -0.271569 0.656236 0.226541 -0.719745 -0.364406 0.688286 0.627272 -0.911960 0.409444 -0.026164 -0.999160 -0.024481 -0.032856 -0.841029 0.539683 0.037583 0.998585 -0.024215 0.047341 0.431218 0.687154 -0.584697 0.241366 -0.790920 0.562306 -0.789270 -0.612981 -0.036163 0.106761 -0.934212 0.340368 0.808102 -0.577793 0.114568 -0.677249 -0.452010 0.580535 -0.741585 -0.406055 0.534014 -0.073207 -0.997293 0.006848 0.064055 -0.994744 0.079878 0.095184 0.975401 -0.198830 0.793630 0.602547 -0.084190 0.835414 -0.517241 -0.185865 0.740891 -0.548000 -0.388299 0.021439 -0.996540 -0.080299 0.791078 -0.408585 0.455251 0.144343 -0.989328 -0.019904 0.942762 0.209158 -0.259718 0.640479 -0.741293 0.200676 0.628892 -0.730039 -0.267466 0.959934 0.234226 0.153835 0.939438 -0.202225 -0.276696 0.637197 0.748292 0.184497 0.928388 0.348863 -0.128022 0.960818 -0.239184 0.140071 0.630111 0.724265 -0.280001 0.480906 0.840899 -0.248231 -0.480906 0.840899 0.248231 -0.000000 1.000000 0.000000 0.074330 0.957584 -0.278404 0.935293 0.335588 0.112284 0.880503 0.365809 -0.301494 0.077605 0.964561 0.252190 0.931960 -0.339019 -0.128515 0.502379 0.838151 0.212412 -0.502379 0.838151 -0.212411 -0.444732 -0.415762 -0.793320 0.139147 -0.881005 0.452182 0.962293 -0.257334 0.088152 -0.920709 -0.340199 0.191206 -0.556837 0.332655 0.761100 -0.993263 0.020667 -0.114024 -0.542189 -0.297018 0.786009 -0.900808 0.354544 0.250687 0.289627 0.956562 0.033248 -0.241502 0.377103 0.894131 -0.000519 0.999999 0.001560 0.004938 0.999933 -0.010478 -0.545145 0.530447 -0.649186 -0.571811 0.594195 -0.565654 -0.415001 0.182110 -0.891409 -0.322364 -0.612921 -0.721394 0.060232 -0.761201 -0.645713 -0.164956 -0.483955 -0.859405 -0.072949 0.993950 0.082104 0.248834 0.823566 -0.509726 0.231050 0.602187 0.764190 -0.586090 0.735206 -0.340545 
						-0.467244 -0.163599 -0.868860 -0.438451 0.104463 -0.892664 -0.292004 -0.601841 -0.743318 -0.758869 -0.197961 -0.620426 0.110568 0.282477 -0.952881 -0.237131 0.425818 -0.873183 -0.071639 -0.997344 -0.013175 -0.238332 0.715392 -0.656819 -0.748729 0.254224 -0.612189 -0.028989 0.997700 0.061277 0.100687 -0.490597 -0.865550 0.437261 0.636387 0.635464 -0.163877 0.213316 0.963141 0.477590 0.701005 0.529623 0.147662 0.957047 0.249516 -0.297376 0.473156 -0.829271 -0.013431 -0.999758 -0.017440 -0.010230 -0.999828 -0.015442 -0.579452 -0.653334 0.487227 -0.653674 -0.662232 0.366277 0.365729 -0.110777 0.924106 0.365730 -0.398663 0.841017 0.173261 -0.505243 0.845405 0.252269 -0.370477 0.893928 -0.049524 -0.990051 -0.131708 0.038713 -0.997073 -0.065923 -0.477469 -0.628723 -0.613784 -0.646214 -0.452442 -0.614576 0.251874 0.096634 0.962923 0.244849 0.414999 0.876256 0.058919 0.375144 0.925092 0.156169 -0.057843 0.986035 0.513935 0.857829 0.000611 0.403090 0.591131 0.698629 -0.187162 0.929109 0.318947 0.204630 0.521504 0.828348 0.665814 -0.654485 0.358249 0.637294 -0.331616 0.695620 0.679189 -0.733963 0.000808 0.309067 -0.193925 0.931059 0.454383 -0.411560 0.790034 0.685962 -0.727637 0.000816 -0.475075 -0.870332 0.129714 0.928834 -0.323082 -0.181345 0.750674 -0.620909 0.225743 0.247301 -0.032398 0.968397 -0.095528 -0.700593 0.707138 -0.245777 -0.604315 -0.757890 -0.194608 -0.822561 0.534341 0.296128 0.279427 0.913361 0.364959 -0.180647 0.913330 0.276126 0.207609 0.938431 -0.080321 0.699901 0.709710 0.227108 0.099538 0.968769 0.329090 0.011107 0.944233 0.315987 0.222746 0.922245 0.204783 0.598027 0.774873 0.680082 -0.648824 -0.341343 0.573029 -0.658072 -0.488445 0.173156 -0.777868 0.604101 -0.094754 -0.993384 -0.064887 -0.040640 -0.988610 -0.144908 0.351252 -0.816952 -0.457397 0.310259 -0.521525 0.794828 
						0.366380 -0.002672 0.930462 0.883441 0.399649 0.244565 0.462263 -0.175529 0.869196 0.000433 -0.993371 -0.114952 -0.052491 -0.990774 -0.124950 0.162022 -0.984300 -0.070014 0.413755 -0.823762 -0.387586 0.219292 0.472626 0.853543 0.375073 -0.176205 0.910095 0.129829 -0.063675 0.989490 0.349625 0.145183 0.925573 -0.036525 -0.999133 0.019957 0.286920 -0.396579 -0.872010 -0.005593 0.646698 0.762726 -0.255332 0.956451 0.141449 0.531944 -0.746808 0.399140 0.534170 -0.507489 0.676105 0.192900 -0.975375 -0.106924 -0.004412 -0.853718 0.520718 -0.552094 -0.306738 0.775310 -0.446229 -0.860692 0.245132 -0.622594 -0.748605 0.227963 -0.507709 -0.852261 -0.126029 0.247135 -0.075347 0.966047 0.241578 -0.237781 0.940798 0.531822 0.017754 0.846670 0.756848 0.605617 0.245783 -0.872837 0.465755 -0.145699 -0.976541 0.085258 -0.197736 -0.977068 -0.211035 -0.028339 -0.298376 -0.622856 0.723203 -0.258930 -0.960679 0.100254 0.520204 -0.854020 -0.006059 0.524094 -0.664531 0.532658 0.287399 -0.031263 0.957301 0.302013 0.020967 0.953073 0.409824 0.250481 0.877100 0.317950 0.361867 0.876333 -0.392590 -0.896375 0.205877 -0.811007 -0.583854 0.037187 0.094514 -0.933411 -0.346138 0.035273 -0.999258 0.015448 0.641143 -0.697117 0.320879 0.120850 -0.931772 -0.342339 0.269754 -0.509568 -0.817051 0.040978 -0.864895 -0.500277 0.896969 -0.441965 -0.010644 0.033950 -0.998096 -0.051499 0.465258 0.076522 0.881861 0.282925 -0.805873 0.520118 0.506127 -0.848032 -0.157092 0.127586 -0.809337 0.573319 0.013335 0.159137 0.987166 0.225761 -0.119045 0.966882 0.141027 0.590586 0.794556 -0.490327 0.771626 -0.405182 -0.380954 -0.917577 0.113695 -0.583526 -0.778140 -0.232370 -0.095022 -0.745355 0.659861 0.440223 -0.201140 0.875069 0.106521 0.078680 0.991193 0.462858 0.651631 0.600948 -0.798759 -0.558231 0.224416 -0.696233 -0.577701 -0.426053 
						-0.251086 -0.967958 0.003748 -0.142274 -0.803774 0.577673 -0.184638 0.082044 -0.979376 -0.957031 -0.177024 -0.229682 -0.537206 -0.140312 -0.831699 -0.428751 -0.484123 -0.762757 -0.152449 -0.567784 0.808938 0.275178 -0.127019 0.952966 -0.071741 -0.721218 -0.688983 -0.648368 -0.013116 -0.761214 0.420443 -0.682813 0.597490 -0.245263 -0.603318 0.758850 -0.048186 -0.852548 -0.520423 -0.344364 -0.716477 -0.606691 -0.456238 -0.881118 0.124411 -0.834857 -0.548119 -0.050795 -0.597594 -0.374866 -0.708772 -0.380594 -0.327577 -0.864779 -0.216609 -0.635326 0.741243 -0.418185 -0.301864 0.856738 0.407184 0.888923 0.209804 0.197834 0.976454 -0.086020 0.372520 0.353237 -0.858168 0.651235 -0.610237 0.451114 0.699719 -0.690728 0.182450 0.930536 0.247594 -0.269816 0.380122 0.070916 0.922214 0.003253 0.872210 0.489121 0.780158 -0.265062 0.566653 -0.771546 0.454716 0.444916 -0.391136 0.863048 0.319626 -0.357267 0.905126 -0.230451 -0.529617 0.848231 0.003242 -0.301525 0.685711 -0.662482 -0.449946 0.223553 -0.864623 0.121643 0.631143 0.766069 -0.334377 0.940662 0.057857 -0.377548 0.898774 0.222853 0.334472 0.236172 0.912333 -0.129933 -0.590558 0.796466 0.108482 -0.147690 0.983066 -0.348452 0.334670 0.875544 -0.293286 0.930827 -0.218045 -0.468172 0.620422 0.629199 -0.229240 0.453067 -0.861498 0.044432 0.706669 -0.706148 -0.791969 0.238006 -0.562261 -0.560996 0.784591 -0.264007 -0.709047 0.585512 -0.392973 -0.771900 0.604137 0.197962 0.171812 0.971915 -0.160819 0.013074 -0.641049 -0.767389 -0.744070 0.656787 -0.122437 0.612604 0.289416 0.735496 -0.168428 0.368170 0.914376 0.560830 0.520252 -0.644055 0.880944 0.439721 0.174881 0.936579 0.340122 -0.084478 0.221617 0.975091 0.009102 0.024090 0.677196 0.735408 0.334148 0.512546 0.790975 -0.362256 0.310280 0.878918 0.810153 0.382759 -0.444012 0.445244 0.869153 0.215245 
						0.578532 0.720970 0.381447 0.076106 0.782756 0.617658 0.270428 0.944190 0.188081 0.564220 -0.083794 0.821361 -0.658582 0.715192 -0.234032 0.729146 0.668523 -0.146368 -0.014213 0.999613 0.023928 -0.336335 0.941520 -0.020456 0.412429 0.660662 0.627238 0.012716 0.978419 0.206240 -0.508994 0.792241 -0.336570 0.087225 0.981108 0.172679 -0.240029 0.714714 0.656940 -0.041764 -0.672801 -0.738644 -0.059424 -0.076823 -0.995272 0.066779 0.555452 -0.828863 0.212690 -0.170818 -0.962073 0.330258 0.888927 -0.317392 0.133536 0.808849 -0.572653 -0.178500 0.979186 0.096602 0.469977 -0.218040 -0.855325 0.022809 0.989713 0.141235 
					</float_array>
					<technique_common>
						<accessor count="470" offset="0" source="#meshId1-tangents-array" stride="3">
							<param name="X" type="float" />
							<param name="Y" type="float" />
							<param name="Z" type="float" />
						</accessor>
					</technique_common>
				</source>
				<source id="meshId1-bitangents" name="meshId1-bitangents">
					<float_array id="meshId1-bitangents-array" count="1410"> 
						0.417367 -0.112016 0.901807 -0.501645 -0.116812 0.857151 0.010565 -0.383338 0.923548 0.374715 -0.235605 0.896705 -0.232713 -0.427276 0.873659 -0.166505 0.500980 0.849291 -0.285702 0.116048 0.951266 -0.233285 -0.335739 0.912610 -0.422792 0.254286 0.869819 0.450456 0.393504 0.801401 0.020663 0.362724 0.931667 -0.351235 0.219896 0.910098 0.197592 0.430879 0.880512 0.282770 -0.487811 0.825882 0.329121 -0.075964 0.941227 0.225668 0.324485 0.918577 0.999580 -0.028708 0.003929 0.917626 0.172050 0.358275 -0.335512 0.641241 0.690102 -0.544943 0.838471 -0.001966 -0.910611 -0.182029 0.371015 -0.900477 -0.434888 -0.003638 0.812785 -0.255394 0.523597 0.214653 0.075634 0.973757 0.848058 -0.529894 0.003167 0.491006 -0.063050 0.868871 0.317693 -0.087980 0.944103 0.816261 -0.292296 0.498279 0.000741 1.000000 -0.000480 0.000240 1.000000 -0.000213 -0.513110 0.435913 -0.739390 -0.488611 0.680096 -0.546561 -0.325824 -0.194458 0.925216 -0.431514 -0.159415 0.887909 -0.267048 0.135230 0.954148 -0.107306 0.462348 0.880181 0.432744 0.655663 0.618740 0.619893 0.398618 0.675897 -0.253491 0.148141 0.955927 0.418537 0.517901 0.746060 0.582799 0.812614 0.001925 0.307783 -0.167463 0.936603 0.206734 -0.527436 0.824058 -0.594025 -0.804447 0.000000 0.085533 -0.437285 -0.895246 0.041757 -0.345692 -0.937418 -0.322918 -0.677246 -0.661106 -0.182361 0.909592 0.373345 0.188641 0.468481 0.863099 0.183511 0.431440 0.883280 -0.511772 0.859121 -0.000000 -0.905201 0.186523 -0.381865 -0.919484 0.393127 0.000000 -0.421583 -0.278077 -0.863100 -0.504629 -0.235310 -0.830650 -0.678120 0.722242 -0.136084 -0.865258 0.220029 -0.450462 0.983100 0.183068 0.000000 0.425188 0.247949 -0.870481 0.267402 0.044681 -0.962548 0.685477 0.319556 -0.654221 -0.436655 -0.100861 -0.893957 -0.998052 -0.062388 -0.000000 -0.915050 0.177023 -0.362417 
						-0.519586 -0.255207 -0.815414 0.966667 -0.112373 -0.230059 0.587176 0.350628 -0.729578 -0.413710 0.121157 -0.902311 -0.831985 -0.243497 -0.498507 0.002428 0.438892 0.898537 0.082932 0.231350 0.969329 -0.108026 -0.207222 0.972311 0.002394 -0.438892 0.898537 -0.079128 0.234974 0.968776 0.111836 -0.203526 0.972661 0.361775 -0.566170 -0.740655 -0.141353 -0.430401 -0.891501 -0.431910 -0.177677 -0.884242 -0.227003 -0.087482 -0.969957 0.203483 0.429711 -0.879741 0.261893 0.050587 -0.963770 0.058446 0.360301 -0.931003 0.250632 -0.062589 -0.966057 -0.166745 -0.451025 -0.876797 0.436876 -0.095753 -0.894411 0.011076 0.298362 -0.954388 -0.081743 -0.456266 0.886081 0.015875 -0.101643 0.994694 -0.973294 -0.229562 0.000000 -0.480842 -0.071459 0.873890 -0.286396 0.520443 0.804435 -0.507126 -0.105655 0.855372 -0.575659 -0.542348 0.611944 0.701469 -0.291014 0.650578 0.516025 0.616985 0.594178 0.676380 -0.736553 0.000000 0.779938 0.104869 0.617008 0.391065 0.855989 0.338160 0.308232 0.281625 0.908669 -0.073419 0.252479 0.964813 0.993320 0.115388 0.000000 0.085869 -0.355263 -0.930814 -0.226451 -0.166661 -0.959658 -0.686653 0.185119 -0.703021 -0.477222 0.159687 -0.864152 0.092410 0.995721 0.000000 0.113298 0.000000 0.993561 0.113298 -0.000000 0.993561 -0.611326 -0.104391 0.784463 -0.563784 -0.000000 0.825922 -0.870206 -0.241050 0.429694 -0.077745 -0.532661 0.842750 0.470350 -0.231009 0.851708 -0.554366 0.829281 -0.070504 -0.886957 0.461853 0.000000 -0.986047 0.166467 0.000000 -0.948572 0.316257 0.013908 -0.937503 0.113605 -0.328910 0.016971 0.998788 -0.046206 -0.019941 0.999118 -0.036951 0.714652 0.649899 -0.258658 0.740863 0.632426 -0.226184 -0.542914 -0.035483 0.839038 -0.537677 -0.357170 0.763762 -0.537738 0.024491 0.842757 -0.465413 0.396781 0.791173 -0.096133 0.108531 0.989434 -0.501372 0.135603 0.854540 
						-0.577446 -0.066589 0.813709 -0.249265 -0.214670 0.944343 -0.109943 0.051831 0.992585 -0.068486 0.425555 0.902337 -0.011494 0.420619 0.907165 -0.106054 0.086416 0.990598 0.006633 0.999978 0.000008 0.323758 0.762274 0.560463 -0.487042 0.271499 0.830108 -0.197453 0.272977 0.941539 -0.619804 0.115104 0.776270 -0.875813 -0.201847 0.438417 -0.787261 -0.616619 -0.000937 -0.364946 -0.597072 0.714366 0.321917 -0.762799 0.560810 0.256210 -0.966621 0.000305 0.254755 0.545018 0.798783 -0.044822 0.444886 0.894465 -0.300006 0.257610 0.918495 -0.085845 -0.280559 0.955990 -0.083442 -0.407908 0.909202 0.215906 0.181722 -0.959355 0.449686 -0.103237 -0.887201 0.342334 -0.216118 -0.914385 -0.005136 -0.173866 -0.984756 -0.093563 -0.083354 0.992118 -0.061432 -0.455724 0.887999 0.297404 -0.204881 0.932510 -0.096330 -0.090002 0.991272 -0.112976 -0.099737 0.988579 0.361739 -0.125062 0.923853 -0.471450 -0.400590 0.785661 -0.448909 0.648584 0.614670 -0.541045 0.262499 0.798977 -0.542458 0.004981 0.840068 -0.743488 0.648115 0.164841 -0.758490 0.637948 0.133094 -0.203606 0.979048 -0.003213 0.040591 -0.999176 0.000641 0.720431 -0.239332 -0.650922 0.493709 -0.426331 -0.757953 0.990045 -0.139880 0.015623 0.996529 -0.081752 0.015726 0.712360 -0.293219 0.637625 0.119174 -0.015552 -0.992752 0.093468 -0.193402 -0.976657 0.109263 -0.308574 -0.944904 0.118054 -0.016441 -0.992871 0.104143 0.121962 -0.987056 -0.133695 0.368377 -0.920013 0.064272 -0.997709 -0.021128 -0.292858 -0.794888 -0.531401 -0.017807 -0.134726 -0.990723 -0.003377 -0.284580 -0.958647 0.306647 -0.312529 -0.899051 0.024608 -0.143848 -0.989294 0.413738 -0.226035 -0.881889 0.781554 0.114996 -0.613147 0.879773 0.473638 -0.040813 0.302076 -0.345508 -0.888467 -0.235593 0.894578 -0.379771 -0.474538 0.879234 0.041961 0.709706 -0.704490 0.003356 0.485780 0.202497 0.850301 
						0.280876 0.084530 0.956014 0.753854 -0.155712 0.638324 0.413190 0.723158 -0.553459 0.407418 0.911275 0.059913 0.024908 0.273803 -0.961463 0.025766 0.109350 -0.993669 -0.022081 -0.998739 -0.045088 0.342883 -0.724233 -0.598262 -0.422884 -0.607251 -0.672618 -0.039651 0.109646 -0.993179 -0.475069 -0.348650 -0.807931 0.032642 -0.150273 -0.988106 0.515821 0.270952 0.812720 0.423351 0.334238 0.842056 -0.546039 0.045826 0.836505 0.496489 0.101199 0.862124 -0.317363 0.219048 0.922659 -0.011798 0.153595 0.988063 0.100387 -0.188884 0.976855 0.388390 -0.122093 0.913371 0.257059 0.083112 -0.962815 0.540128 0.117197 -0.833383 0.980053 0.145709 -0.135146 0.169537 0.370041 0.913415 0.177311 0.396982 0.900536 -0.092400 -0.411751 0.906600 -0.067346 -0.340049 0.937993 -0.187078 0.373875 -0.908416 -0.188767 0.383627 -0.903990 -0.345593 0.937174 0.047656 0.053270 -0.336580 -0.940147 0.083678 -0.421826 -0.902807 -0.458674 0.000000 -0.888605 -0.458674 0.000000 -0.888604 -0.990626 -0.000000 0.136604 -0.247010 0.288156 0.925177 -0.206809 0.260878 0.942959 0.388231 -0.191518 0.901442 0.283691 -0.263861 0.921899 0.335841 0.940780 -0.046311 0.389432 0.000000 -0.921055 0.389432 0.000000 -0.921055 0.848385 0.088426 -0.521943 -0.259116 -0.473107 -0.842038 0.000345 -0.322915 -0.946428 -0.279828 0.234008 -0.931094 -0.306554 0.769309 -0.560525 0.020532 0.999786 0.002357 0.331773 0.783758 0.525024 0.338458 0.211646 0.916871 0.950321 -0.291529 0.109094 0.931496 -0.168193 0.322531 0.115360 0.001610 -0.993322 0.535046 -0.011494 -0.844745 0.718961 -0.102458 -0.687457 0.568866 -0.209630 -0.795265 -0.847243 -0.434437 0.305686 -0.885193 -0.074858 0.459162 -0.423772 -0.605197 0.673910 -0.684392 -0.571266 0.453060 -0.899518 -0.101127 0.425020 -0.903440 0.007668 -0.428645 0.913292 0.136552 -0.383735 -0.618633 -0.134617 0.774062 
						0.844564 -0.373280 -0.383893 0.776584 -0.455933 -0.434790 0.819005 0.244019 -0.519312 0.153201 -0.980210 0.125372 0.032907 -0.959274 -0.280554 0.770938 -0.464426 -0.435847 0.899623 -0.058904 -0.432677 -0.818172 0.216479 0.532664 -0.196871 -0.967145 -0.160847 -0.902005 -0.052527 0.428518 -0.056305 -0.871387 0.487355 -0.751558 -0.129499 0.646831 -0.876622 0.416273 -0.241352 0.517214 0.262963 -0.814457 0.401754 0.172489 -0.899356 0.851855 -0.260760 -0.454255 0.059892 -0.018215 0.998039 0.498915 -0.018487 0.866454 0.591252 0.074481 0.803040 0.322121 0.194488 0.926506 0.929881 0.085686 -0.357743 0.930707 0.151735 -0.332807 0.808920 -0.416652 -0.414789 0.757945 -0.498651 -0.420554 0.191205 0.120033 -0.974183 0.504559 0.076450 -0.859986 0.675545 0.183999 -0.713991 0.570637 0.248258 -0.782778 -0.967682 0.012472 0.251867 -0.969548 0.100078 0.223519 -0.819695 0.547099 -0.169653 -0.723783 0.672603 0.154090 -0.857828 0.513936 -0.001021 -0.294175 0.806575 -0.512736 -0.470158 -0.369807 0.801370 -0.801539 -0.396462 0.447608 0.490982 0.022787 -0.870872 0.770604 0.268302 -0.578085 0.733963 0.679189 0.000874 0.767998 0.628320 -0.124069 0.206292 0.911382 0.356127 0.727637 0.685962 0.000866 -0.189247 -0.042906 -0.980992 -0.209353 -0.053845 -0.976357 0.273147 -0.019439 -0.961776 -0.968793 -0.025613 0.246545 -0.897534 0.367829 0.243175 -0.909439 -0.126804 0.396032 0.916652 0.041375 0.397539 -0.809647 -0.433885 0.395241 -0.880793 -0.384862 0.275836 -0.430425 -0.846296 0.313875 -0.180445 -0.710456 0.680215 0.692441 0.682985 -0.232503 0.893454 -0.327349 -0.307542 0.889092 0.269769 -0.369784 0.919538 0.153753 -0.361677 0.292812 -0.186461 0.937813 0.589075 -0.083617 0.803741 -0.885839 0.145083 0.440727 0.793740 -0.114728 0.597340 0.977313 -0.069501 0.200072 0.621867 -0.161641 0.766259 0.929028 -0.010978 -0.369847 
						0.878821 -0.327527 -0.346986 -0.419910 0.906896 0.034857 0.525800 0.843559 -0.109283 0.007723 0.114952 -0.993341 -0.402752 0.135499 -0.905224 -0.212607 0.034465 -0.976530 -0.341694 0.254095 -0.904810 -0.964258 -0.028363 0.263442 -0.876534 -0.386916 0.286330 -0.494627 -0.869059 0.008973 -0.586174 -0.736776 0.336989 0.874319 -0.041621 -0.483564 0.946340 0.258659 0.193742 -0.005342 -0.762746 0.646676 -0.837002 -0.291894 0.462844 0.070593 -0.430611 -0.899773 0.820985 0.120683 -0.558050 0.853555 0.220552 -0.472017 0.006353 -0.520736 -0.853694 0.809040 -0.421925 0.409186 0.539474 -0.040156 0.841044 -0.279668 -0.059217 -0.958269 -0.061173 0.181578 -0.981472 0.476311 -0.858761 -0.188830 0.114424 -0.955769 -0.270947 -0.476720 0.832600 0.281985 -0.619656 0.784480 -0.024855 -0.351479 -0.807089 -0.474416 -0.056219 -0.987376 -0.148080 0.141177 -0.542419 -0.828161 0.672256 0.400731 0.622484 0.006212 0.102136 0.994751 0.828360 0.502822 0.246962 0.154813 0.689351 0.707692 0.851447 -0.449420 -0.270296 0.902967 -0.326866 -0.278945 0.849928 0.244234 -0.466875 0.860171 0.278654 -0.427151 0.395695 -0.366693 -0.841999 0.086095 -0.181980 -0.979526 -0.250040 0.314291 -0.915806 -0.018581 -0.016111 -0.999698 0.725237 0.413675 -0.550367 0.933154 -0.010983 0.359309 0.949644 0.281239 0.138132 0.555898 0.435784 -0.707863 -0.054823 -0.087310 -0.994672 -0.020900 0.050809 -0.998490 0.569642 0.736667 -0.364458 0.925736 0.087564 -0.367893 0.793232 0.386215 0.470766 0.959560 -0.045521 -0.277799 0.037572 -0.986637 0.158544 0.143124 -0.977683 -0.153793 0.217244 0.764555 -0.606845 -0.241292 -0.566920 -0.787642 0.909588 -0.393991 -0.131988 0.785041 -0.613742 0.083853 0.578522 -0.580780 -0.572719 -0.090456 0.959693 0.266098 -0.885423 0.461082 0.058554 -0.847090 0.524883 0.083289 -0.180742 0.578409 0.795472 -0.634622 0.218031 0.741430 
						-0.346650 0.093534 0.933319 -0.321798 0.589467 0.740929 -0.877355 0.435311 0.201871 0.202197 -0.975112 -0.090957 -0.573922 0.783397 0.238541 -0.860166 0.476881 0.180828 0.843760 0.351425 0.405672 0.853300 -0.424374 -0.302962 -0.815804 -0.354998 0.456553 -0.561063 -0.667612 0.489391 0.158765 0.703729 0.692502 0.821595 0.286157 0.493049 0.446830 -0.484385 0.752140 0.901783 -0.432187 -0.001466 0.874256 -0.469902 -0.121939 0.195413 -0.381370 0.903532 -0.752725 0.566803 0.334873 -0.687841 0.725322 0.027971 -0.277266 0.768039 0.577269 0.091280 0.924429 0.370269 -0.889378 0.438174 -0.130421 -0.966094 0.209080 0.151485 -0.452709 0.876404 0.164227 -0.703603 -0.262824 0.660202 -0.570164 -0.386034 0.725183 0.128595 0.468942 0.873817 -0.711412 -0.614774 0.340508 0.045244 0.488495 -0.871393 0.519111 0.779783 -0.349946 -0.447255 0.109642 -0.887661 0.530844 0.495263 -0.687691 -0.901302 -0.398816 -0.169116 -0.822374 -0.512528 -0.247015 -0.887246 -0.456201 -0.068373 -0.629500 -0.766132 0.129501 -0.829399 -0.359341 0.427751 -0.919230 -0.311987 -0.240166 -0.730502 -0.436986 0.524796 -0.795364 0.590012 0.138856 -0.949885 0.304476 0.070799 -0.799270 -0.600969 -0.002086 -0.762418 -0.644565 -0.057050 -0.924104 -0.334465 -0.184836 -0.724770 0.137723 -0.675086 -0.739034 -0.657013 -0.148874 0.009136 -0.707104 -0.707051 0.342435 -0.589275 -0.731775 -0.790739 -0.602265 -0.109581 0.645303 0.314072 -0.696378 -0.385547 -0.197257 -0.901356 -0.804149 0.232665 0.547002 -0.043436 -0.767094 0.640063 0.510934 0.441315 -0.737691 -0.524706 -0.547005 0.652280 -0.924157 -0.381655 -0.016558 0.815292 -0.211628 0.538992 -0.326146 0.296404 0.897649 0.178354 -0.255087 0.950326 0.863898 -0.200658 0.461971 -0.955757 0.231325 -0.181706 -0.877940 -0.136037 0.459038 -0.785142 0.406604 -0.467146 -0.416865 0.908685 0.022709 -0.870948 0.476186 -0.121230 
						-0.686532 0.682932 -0.249556 -0.123625 0.622082 -0.773130 -0.940033 0.301142 -0.160164 0.768536 0.416810 -0.485410 0.697660 0.463740 -0.546092 -0.081560 0.297239 0.951313 0.144476 -0.021627 0.989272 -0.846761 -0.292835 0.444122 -0.606802 -0.314322 0.730064 0.144615 -0.205888 0.967831 -0.813255 -0.314497 0.489600 -0.893542 0.153688 -0.421856 -0.925440 0.035901 -0.377191 0.955148 -0.243811 0.168072 0.862639 -0.505666 -0.012474 0.987306 0.083198 0.135299 0.702189 0.711403 0.028925 -0.849149 0.426639 0.311327 -0.950067 0.268918 0.158291 -0.961733 -0.152887 -0.227366 0.813361 0.483392 0.323692 -0.977892 0.051460 -0.202681 
					</float_array>
					<technique_common>
						<accessor count="470" offset="0" source="#meshId1-bitangents-array" stride="3">
							<param name="X" type="float" />
							<param name="Y" type="float" />
							<param name="Z" type="float" />
						</accessor>
					</technique_common>
				</source>
				<source id="meshId1-tex0" name="meshId1-tex0">
					<float_array id="meshId1-tex0-array" count="940"> 
						0.886711 0.757219 0.893058 0.703166 0.898598 0.706964 0.900848 0.754289 0.698029 0.812476 0.709871 0.741838 0.717350 0.745935 0.717350 0.808252 0.948591 0.192703 0.959821 0.139270 0.965346 0.142601 0.963238 0.188706 0.754560 0.073613 0.767635 0.003829 0.775019 0.008036 0.773846 0.069693 0.884818 0.781454 0.900848 0.770069 0.775019 0.078536 0.750987 0.088914 0.965346 0.205025 0.948776 0.216806 0.871562 0.767301 0.874011 0.751752 0.977199 0.614654 0.981435 0.625161 0.975365 0.627998 0.971160 0.621281 0.401262 0.271953 0.389942 0.271931 0.393404 0.265861 0.401733 0.266249 0.968876 0.682361 0.981435 0.686680 0.681347 0.802119 0.701547 0.743245 0.401733 0.277983 0.393404 0.278551 0.886883 0.705857 0.701124 0.740305 0.711410 0.735329 0.737815 0.063127 0.759207 0.005157 0.634704 0.082524 0.638759 0.065415 0.659585 0.062600 0.666518 0.069890 0.552484 0.250757 0.543422 0.262944 0.521676 0.262262 0.519967 0.239723 0.903184 0.678767 0.881157 0.692944 0.873979 0.660340 0.891314 0.660937 0.552484 0.236506 0.534683 0.224316 0.653625 0.705365 0.665665 0.733339 0.650909 0.738294 0.637900 0.725610 0.660140 0.644896 0.656577 0.615144 0.677927 0.627407 
						0.673870 0.643731 0.675580 0.713102 0.677162 0.729579 0.646005 0.646711 0.637933 0.631685 0.814696 0.850202 0.793647 0.844575 0.793647 0.793855 0.814696 0.787786 0.835274 0.844643 0.835274 0.793923 0.888586 0.614924 0.903184 0.624031 0.677162 0.784981 0.660251 0.780259 0.647291 0.003554 0.666518 0.012331 0.625407 0.006580 0.618474 0.056849 0.677927 0.686925 0.665132 0.698051 0.650062 0.689906 0.843842 0.948836 0.861629 0.947296 0.861629 0.975430 0.310956 0.938325 0.287358 0.945521 0.289250 0.924011 0.302041 0.920111 0.633139 0.114526 0.653301 0.100032 0.653301 0.129105 0.624179 0.095787 0.635108 0.087930 0.850890 0.210010 0.867527 0.205204 0.867527 0.236081 0.977420 0.560330 0.997328 0.564398 0.992711 0.583637 0.981920 0.581432 0.310956 0.963900 0.697807 0.996345 0.680505 0.996345 0.685118 0.978785 0.694497 0.978785 0.838202 0.961985 0.621563 0.122236 0.617905 0.099966 0.997328 0.592024 0.987978 0.592973 0.689826 0.967278 0.681870 0.967523 0.979868 0.588456 0.180651 0.802911 0.203643 0.800732 0.203643 0.813295 0.184261 0.818068 0.089107 0.492735 0.082484 0.512212 0.062792 0.500074 0.063141 0.478996 0.418342 0.675337 0.417139 0.695079 
						0.405760 0.694043 0.403799 0.673486 0.486798 0.082068 0.487788 0.102975 0.464695 0.100073 0.456622 0.081770 0.488710 0.127169 0.458460 0.105425 0.515839 0.101736 0.510250 0.097144 0.430889 0.694975 0.433685 0.711092 0.417661 0.730528 0.105394 0.516091 0.110650 0.522382 0.075522 0.534448 0.427758 0.630658 0.435978 0.632996 0.435978 0.674681 0.488168 0.021017 0.475397 0.021477 0.868771 0.709732 0.868771 0.761350 0.859430 0.761537 0.852166 0.705839 0.515839 0.076650 0.498383 0.020077 0.941235 0.024300 0.945705 0.082225 0.928460 0.078254 0.932393 0.023910 0.118115 0.501092 0.096692 0.429410 0.106106 0.433316 0.118115 0.437489 0.182634 0.784859 0.202398 0.787902 0.112812 0.418483 0.486450 0.005476 0.850684 0.764672 0.836042 0.715742 0.934503 0.003541 0.862803 0.781569 0.945705 0.019311 0.644574 0.298631 0.642416 0.330478 0.631336 0.336022 0.610106 0.324222 0.611793 0.299324 0.632857 0.279838 0.526106 0.286705 0.551798 0.301918 0.542144 0.323978 0.524492 0.319024 0.500853 0.312858 0.509396 0.324132 0.581618 0.783603 0.580279 0.761538 0.592933 0.743021 0.594684 0.778725 0.603348 0.274175 0.629910 0.260813 0.825454 0.856252 0.832408 0.880913 
						0.818279 0.894371 0.808910 0.883519 0.551798 0.374213 0.525690 0.388805 0.523995 0.360352 0.542060 0.355270 0.623430 0.362757 0.598445 0.346336 0.644574 0.348435 0.509382 0.356464 0.594684 0.826978 0.580232 0.810609 0.780190 0.902126 0.778395 0.880866 0.788608 0.855784 0.793635 0.917415 0.832408 0.928276 0.815874 0.918790 0.806584 0.875628 0.806584 0.902438 0.981189 0.016529 0.969281 0.014114 0.976555 0.002159 0.964784 0.365453 0.947997 0.364994 0.942239 0.325605 0.964784 0.326222 0.190131 0.924903 0.173231 0.925495 0.188190 0.914428 0.190131 0.963910 0.167434 0.964705 0.983556 0.264570 0.971769 0.264570 0.977489 0.247118 0.381373 0.976091 0.367560 0.975386 0.361186 0.946395 0.379736 0.947342 0.963207 0.376602 0.985268 0.301724 0.969437 0.301724 0.987409 0.009031 0.987409 0.050136 0.971418 0.046891 0.784649 0.350605 0.803677 0.354894 0.780720 0.362848 0.803677 0.370678 0.784649 0.376144 0.369116 0.931330 0.381373 0.935113 0.937631 0.707139 0.938469 0.779503 0.931668 0.781585 0.928588 0.715963 0.457123 0.723967 0.460338 0.640167 0.473955 0.655762 0.470152 0.722660 0.043742 0.905892 0.033318 0.826153 0.051401 0.824968 0.051401 0.897427 
						0.794242 0.020513 0.800061 0.100469 0.779933 0.034248 0.795658 0.004326 0.810389 0.012944 0.807227 0.021895 0.778145 0.026656 0.443070 0.710121 0.459187 0.740057 0.441955 0.717601 0.473955 0.731518 0.033892 0.899930 0.027290 0.830671 0.946578 0.716012 0.946578 0.781625 0.810389 0.088513 0.560067 0.804197 0.560919 0.827232 0.548353 0.826507 0.544698 0.806920 0.338800 0.324147 0.355534 0.312144 0.364486 0.333445 0.351924 0.350393 0.598677 0.059770 0.595706 0.040215 0.607050 0.038847 0.613285 0.058536 0.083531 0.099340 0.102545 0.108167 0.089252 0.127236 0.069263 0.125880 0.124445 0.118579 0.091109 0.135232 0.114462 0.082793 0.107794 0.085602 0.582283 0.043193 0.576163 0.028020 0.587749 0.005663 0.339154 0.295693 0.338542 0.287525 0.374152 0.298092 0.614567 0.131511 0.575779 0.131511 0.581571 0.064102 0.015250 0.062308 0.005359 0.084407 0.543059 0.748920 0.561044 0.750416 0.092199 0.071151 0.023618 0.043477 0.032094 0.025023 0.101075 0.067959 0.320066 0.300515 0.294550 0.397075 0.280580 0.376615 0.264540 0.352789 0.578009 0.807215 0.573824 0.826733 0.578009 0.749229 0.704427 0.471852 0.713588 0.383870 0.718982 0.466073 0.374152 0.393378 
						0.294550 0.397075 0.279262 0.375639 0.360865 0.375665 0.912052 0.003631 0.917215 0.084221 0.906521 0.084320 0.902619 0.016058 0.106914 0.024889 0.023618 0.043477 0.032094 0.025023 0.100132 0.011399 0.702164 0.494369 0.718982 0.478606 0.109776 0.005823 0.124445 0.019535 0.123683 0.533993 0.122012 0.518922 0.139351 0.514446 0.138731 0.533993 0.689814 0.474795 0.692253 0.462580 0.926604 0.012664 0.926604 0.081478 0.369679 0.407850 0.300434 0.406606 0.096934 0.044653 0.017433 0.059108 0.086959 0.543237 0.105446 0.622306 0.070985 0.548997 0.120227 0.365496 0.124061 0.287253 0.136921 0.286660 0.127577 0.357986 0.355364 0.374565 0.294550 0.397075 0.280580 0.376615 0.338378 0.359965 0.058859 0.550204 0.084930 0.622593 0.069147 0.622544 0.056057 0.562624 0.625325 0.235429 0.633591 0.224588 0.647771 0.231730 0.644700 0.242156 0.633293 0.251237 0.647771 0.254295 0.344864 0.347768 0.369323 0.361349 0.136921 0.371402 0.128613 0.387765 0.358701 0.385944 0.300434 0.406606 0.274598 0.368080 0.105446 0.550608 0.530151 0.789189 0.530151 0.889856 0.518798 0.800961 0.063233 0.816700 0.063868 0.744948 0.077736 0.808775 0.653317 0.591260 0.651042 0.513223 
						0.670328 0.518431 0.668439 0.584851 0.489458 0.809730 0.502409 0.748609 0.508901 0.761085 0.501402 0.806413 0.521076 0.770800 0.511131 0.792498 0.508901 0.827997 0.495386 0.838755 0.670328 0.592194 0.654016 0.606786 0.864946 0.593208 0.864946 0.608372 0.849863 0.607143 0.844121 0.585722 0.637605 0.576851 0.644365 0.503968 0.054054 0.808213 0.053483 0.757621 0.085736 0.720845 0.085736 0.803862 0.478356 0.802418 0.882097 0.935712 0.873797 0.882374 0.895453 0.872847 0.895453 0.924730 0.925537 0.625936 0.925537 0.700566 0.923191 0.691210 0.917896 0.634930 0.096272 0.900391 0.102915 0.824781 0.114422 0.848210 0.105633 0.904630 0.239327 0.897180 0.258208 0.823572 0.249333 0.893857 0.996425 0.681702 0.982622 0.668950 0.985921 0.648780 0.996425 0.654140 0.258208 0.903104 0.246158 0.912680 0.687714 0.113002 0.687714 0.126283 0.669500 0.133677 0.673082 0.114410 0.905404 0.632759 0.912625 0.615252 0.088360 0.880933 0.114422 0.908518 0.913804 0.688022 0.234167 0.886597 0.235571 0.835326 0.954346 0.755750 0.948295 0.714788 0.961217 0.720455 0.963792 0.753020 0.688878 0.905553 0.680628 0.947774 0.683148 0.913334 0.700664 0.903671 0.700664 0.963287 
						0.697170 0.908465 0.985317 0.138238 0.993117 0.192826 0.982337 0.177045 0.993117 0.140450 0.958400 0.771830 0.968465 0.762836 0.784637 0.234182 0.770241 0.232248 0.779962 0.223434 0.788964 0.225715 0.788964 0.242786 0.779962 0.242158 0.191667 0.961165 0.196690 0.952371 0.203110 0.964137 0.197857 0.980490 0.531310 0.639399 0.538043 0.638423 0.538043 0.699548 0.203110 0.915108 0.968465 0.706717 
					</float_array>
					<technique_common>
						<accessor count="470" offset="0" source="#meshId1-tex0-array" stride="2">
							<param name="S" type="float" />
							<param name="T" type="float" />
						</accessor>
					</technique_common>
				</source>
				<vertices id="meshId1-vertices">
					<input semantic="POSITION" source="#meshId1-positions" />
				</vertices>
				<polylist count="352" material="defaultMaterial">
					<input offset="0" semantic="VERTEX" source="#meshId1-vertices" />
					<input offset="0" semantic="NORMAL" source="#meshId1-normals" />
					<input offset="0" semantic="TANGENT" source="#meshId1-tangents" />
					<input offset="0" semantic="BINORMAL" source="#meshId1-bitangents" />
					<input offset="0" semantic="TEXCOORD" source="#meshId1-tex0" set="0" />
					<vcount>
						3 3 3 3 3 3 3 3 3 3 3 3 3 3 3 3 3 3 3 3 3 3 3 3 3 3 3 3 3 3 3 3 3 3 3 3 3 3 3 3 3 3 3 3 3 3 3 3 3 3 3 3 3 3 3 3 3 3 3 3 3 3 3 3 
						3 3 3 3 3 3 3 3 3 3 3 3 3 3 3 3 3 3 3 3 3 3 3 3 3 3 3 3 3 3 3 3 3 3 3 3 3 3 3 3 3 3 3 3 3 3 3 3 3 3 3 3 3 3 3 3 3 3 3 3 3 3 3 3 
						3 3 3 3 3 3 3 3 3 3 3 3 3 3 3 3 3 3 3 3 3 3 3 3 3 3 3 3 3 3 3 3 3 3 3 3 3 3 3 3 3 3 3 3 3 3 3 3 3 3 3 3 3 3 3 3 3 3 3 3 3 3 3 3 
						3 3 3 3 3 3 3 3 3 3 3 3 3 3 3 3 3 3 3 3 3 3 3 3 3 3 3 3 3 3 3 3 3 3 3 3 3 3 3 3 3 3 3 3 3 3 3 3 3 3 3 3 3 3 3 3 3 3 3 3 3 3 3 3 
						3 3 3 3 3 3 3 3 3 3 3 3 3 3 3 3 3 3 3 3 3 3 3 3 3 3 3 3 3 3 3 3 3 3 3 3 3 3 3 3 3 3 3 3 3 3 3 3 3 3 3 3 3 3 3 3 3 3 3 3 3 3 3 3 
						3 3 3 3 3 3 3 3 3 3 3 3 3 3 3 3 3 3 3 3 3 3 3 3 3 3 3 3 3 3 3 3 
					</vcount>
					<p>
						3 0 1 1 2 3 7 4 5 5 6 7 11 8 9 9 10 11 15 12 13 13 14 15 17 16 0 0 3 17 15 18 19 19 12 15 8 11 20 20 21 8 16 22 23 23 0 16 27 24 25 25 26 27 31 28 29 29 30 31 33 32 26 26 25 33 4 34 35 35 5 4 28 36 37 37 29 28 0 23 38 38 1 0 40 5 35 35 39 40 12 41 42 42 13 12 46 43 44 44 45 46 50 47 48 48 49 50 54 51 52 52 53 54 56 55 47 47 50 56 60 57 58 58 59 60 64 61 62 62 63 64 57 65 66 66 58 57 61 67 68 68 62 61 72 69 70 70 71 72 74 73 69 69 72 74 53 75 76 76 54 53 78 59 58 58 77 78 44 79 80 80 45 44 82 81 79 79 44 82 84 61 64 64 83 84 85 67 61 61 84 85 
						86 87 88 92 89 90 90 91 92 93 94 95 97 94 93 93 96 97 98 99 100 104 101 102 102 103 104 90 89 105 109 106 107 107 108 109 110 86 88 96 93 111 111 112 96 103 113 114 109 108 115 108 116 115 104 103 114 117 104 114 121 118 119 119 120 121 125 122 123 123 124 125 129 126 127 127 128 129 133 130 131 131 132 133 131 134 135 135 132 131 137 136 134 134 131 137 127 138 139 139 140 127 143 123 141 141 142 143 126 144 145 145 146 126 148 147 130 130 133 148 152 149 150 150 151 152 130 153 137 137 131 130 154 153 130 130 147 154 126 146 138 138 127 126 158 155 156 156 157 158 122 159 141 141 123 122 122 125 160 160 161 122 162 159 122 122 161 162 118 163 164 164 119 118 162 161 165 154 147 166 161 160 165 147 148 166 168 152 151 151 167 168 
						155 158 169 151 150 170 171 155 169 167 151 170 177 172 173 177 173 174 177 174 175 175 176 177 181 178 179 179 180 181 183 182 178 178 181 183 187 184 185 185 186 187 189 177 176 176 188 189 193 190 191 191 192 193 197 194 195 195 196 197 199 175 174 174 198 199 198 174 173 173 200 198 181 180 197 181 197 196 181 196 201 201 183 181 184 187 202 202 203 184 207 204 205 205 206 207 192 191 208 208 209 192 211 207 206 206 210 211 212 213 214 218 215 216 216 217 218 219 220 221 223 220 219 219 222 223 224 225 226 230 227 228 228 229 230 216 215 231 233 225 224 224 232 233 234 212 214 236 213 212 212 235 236 237 238 239 238 240 239 240 241 239 230 229 242 243 230 242 247 244 245 245 246 247 251 248 249 249 250 251 255 252 253 253 254 255 256 257 258 256 259 260 
						260 261 256 258 262 259 259 256 258 265 263 248 248 264 265 264 248 251 251 266 264 252 267 268 268 253 252 263 249 248 244 269 270 270 245 244 256 261 271 271 257 256 275 272 273 273 274 275 279 276 277 277 278 279 283 280 281 281 282 283 287 284 285 285 286 287 285 288 289 289 286 285 291 290 288 288 285 291 281 292 293 293 294 281 297 277 295 295 296 297 280 298 299 299 300 280 302 301 284 284 287 302 272 275 303 303 304 272 284 305 291 291 285 284 306 305 284 284 301 306 280 300 292 292 281 280 306 307 308 308 305 306 276 309 295 295 277 276 276 279 310 310 311 276 312 309 276 276 311 312 272 313 314 314 273 272 313 272 304 304 315 313 316 317 318 322 319 320 320 321 322 326 323 324 324 325 326 330 327 328 328 329 330 332 331 316 316 318 332 330 333 334 
						334 327 330 338 335 336 336 337 338 331 339 340 340 316 331 323 341 342 342 324 323 319 343 344 344 320 319 340 317 316 327 345 346 346 328 327 347 348 349 353 350 351 351 352 353 357 354 355 355 356 357 361 358 359 359 360 361 365 362 363 363 364 365 367 366 362 362 365 367 354 357 368 368 369 354 371 350 353 353 370 371 354 372 373 373 355 354 368 357 356 356 374 368 375 348 347 358 349 348 348 359 358 376 377 378 379 380 381 385 382 383 383 384 385 389 386 387 387 388 389 391 390 376 376 378 391 389 392 393 393 386 389 382 385 394 394 395 382 399 396 397 397 398 399 382 400 401 401 383 382 379 402 403 403 380 379 405 381 380 380 404 405 406 387 386 410 407 408 408 409 410 414 411 412 412 413 414 418 415 416 416 417 418 419 420 421 425 422 423 423 424 425 
						421 426 427 427 419 421 431 428 429 429 430 431 433 411 414 414 432 433 434 416 415 418 417 435 432 414 413 413 436 432 419 437 438 438 420 419 442 439 440 440 441 442 443 444 445 448 446 447 447 444 448 449 450 451 449 451 452 454 453 439 439 442 454 458 455 456 456 457 458 455 459 460 460 456 455 464 461 462 462 463 464 465 466 467 448 444 443 462 468 463 454 442 441 441 469 454 
					</p>
				</polylist>
			</mesh>
		</geometry>
		<geometry id="meshId2" name="meshId2_name" >
			<mesh>
				<source id="meshId2-positions" name="meshId2-positions">
					<float_array id="meshId2-positions-array" count="1410"> 
						-1.285943 0.009834 3.216880 -0.980681 0.004002 0.265772 -0.949084 -0.205971 0.390449 -1.203120 -0.477353 2.924889 -0.762269 0.528458 3.224322 -0.756463 0.231073 0.272363 -0.949084 0.213960 0.390449 -1.203120 0.484560 2.924889 -0.243703 0.003611 3.241352 -0.529901 0.006695 0.275587 -0.562983 0.215034 0.385731 -0.323197 0.482113 2.914138 -0.762269 -0.521236 3.224321 -0.756463 -0.223069 0.272363 -0.562983 -0.207044 0.385732 -0.323197 -0.474906 2.914138 -0.764868 0.003663 3.848328 -0.762269 -0.521236 3.224321 -0.243703 0.003611 3.241352 -0.764868 0.003663 3.848328 -0.762269 0.528458 3.224322 -0.764868 0.003663 3.848328 -0.762269 0.528458 3.224322 -1.203120 0.484560 2.924889 -0.755343 0.004025 0.004146 -0.529901 0.006695 0.275587 -0.562983 -0.207044 0.385732 -0.756463 -0.223069 0.272363 -0.980681 0.004002 0.265772 -0.755343 0.004025 0.004146 -0.756463 -0.223069 0.272363 -0.949084 -0.205971 0.390449 -0.323197 -0.474906 2.914138 -0.243703 0.003611 3.241352 -0.323197 0.482113 2.914138 -0.562983 0.215034 0.385731 -0.949084 0.213960 0.390449 -0.756463 0.231073 0.272363 -0.949084 0.213960 0.390449 -0.529901 0.006695 0.275587 -0.755343 0.004025 0.004146 -1.203120 -0.477353 2.924889 -0.949084 -0.205971 0.390449 -5.997027 0.000000 0.012092 -5.997027 0.717645 0.711801 -5.497027 0.500000 0.953768 -5.279384 0.000000 0.711801 -6.714673 0.000000 0.711801 -6.497028 0.500000 0.953768 -5.997027 0.717645 0.711801 -5.997027 0.000000 0.012092 -5.997027 -0.717645 0.711801 -5.997027 0.000000 0.012092 -5.279384 0.000000 0.711801 -5.497027 -0.500000 0.953768 -6.497028 -0.500000 0.953768 -5.997027 -0.717645 0.711801 -5.997027 0.000000 3.994059 -5.279384 0.000000 3.294349 -5.497027 0.500000 3.052382 -5.997027 0.717645 3.294349 -6.714673 0.000000 3.294349 -5.997027 0.000000 3.994059 -5.997027 0.717645 3.294349 
						-6.497028 0.500000 3.052382 -5.997027 -0.717645 3.294349 -5.497027 -0.500000 3.052382 -6.497028 -0.500000 3.052382 -5.997027 -0.717645 3.294349 -5.997027 -0.717645 3.294349 -6.497028 -0.500000 3.052382 -6.497028 -0.500000 0.953768 -5.997027 -0.717645 0.711801 -5.497027 -0.500000 3.052382 -5.497027 -0.500000 0.953768 -5.279384 0.000000 3.294349 -5.497027 -0.500000 3.052382 -5.279384 0.000000 0.711801 -5.497027 0.500000 0.953768 -5.997027 0.717645 3.294349 -5.497027 0.500000 3.052382 -6.497028 0.500000 3.052382 -6.497028 0.500000 0.953768 -6.497028 0.500000 0.953768 -6.714673 0.000000 0.711801 -6.497028 -0.500000 0.953768 -3.924333 0.000000 1.141336 -4.287607 0.499996 1.141339 -4.450063 0.000000 2.131845 -4.287607 -0.499995 1.141339 -4.875384 -0.309011 1.141339 -4.680602 -0.167495 0.303117 -4.362006 -0.271014 0.303117 -4.287607 0.499996 1.141339 -4.875384 0.309012 1.141339 -4.450063 0.000000 2.131845 -4.362006 0.271015 0.303117 -4.680602 0.167495 0.303117 -4.875384 0.309012 1.141339 -4.875384 -0.309011 1.141339 -4.450063 0.000000 2.131845 -3.924333 0.000000 1.141336 -4.287607 -0.499995 1.141339 -4.362006 -0.271014 0.303117 -4.165099 0.000000 0.303115 -4.450063 0.000000 2.131845 -4.875384 -0.309011 1.141339 -4.875384 0.309012 1.141339 -4.680602 0.167495 0.303117 -4.680602 -0.167495 0.303117 -4.287607 -0.499995 1.141339 -3.924333 0.000000 1.141336 -4.165099 0.000000 0.303115 -4.680602 -0.167495 0.303117 -4.450064 0.000000 0.039460 -4.450064 0.000000 0.039460 -4.362006 0.271015 0.303117 -4.362006 0.271015 0.303117 -3.719085 0.044151 3.160184 -3.520561 0.003046 4.066745 -3.374434 0.457508 3.884384 -3.542548 0.597037 3.114041 -2.821665 0.672993 3.210134 -2.826116 0.482265 4.066745 -2.277799 0.457508 3.884384 -2.114661 0.584638 3.059221 -1.942991 0.002697 3.312260 -2.139327 0.003046 4.066745 
						-2.277799 -0.451416 3.884384 -2.114661 -0.579245 3.059221 -2.821665 -0.667600 3.210134 -2.826116 -0.476173 4.066745 -3.374434 -0.451416 3.884384 -3.542548 -0.591644 3.114041 -2.829944 0.003046 5.044877 -3.520561 0.003046 4.066745 -2.139327 0.003046 4.066745 -2.277799 -0.451416 3.884384 -2.277799 0.457508 3.884384 -2.826116 0.482265 4.066745 -2.829944 0.003046 5.044877 -3.374434 0.457508 3.884384 -3.520561 0.003046 4.066745 -2.829944 0.003046 5.044877 -2.333219 0.003046 0.674887 -2.435454 0.281281 0.662168 -2.114661 0.584638 3.059221 -2.682566 -0.305112 0.675327 -2.989951 -0.325414 0.661402 -3.542548 0.597037 3.114041 -2.989951 0.331507 0.661402 -3.027095 0.003046 0.676347 -3.719085 0.044151 3.160184 -2.114661 -0.579245 3.059221 -2.435454 -0.275189 0.662168 -2.333219 0.003046 0.674887 -1.942991 0.002697 3.312260 -2.114661 -0.579245 3.059221 -2.435454 -0.275189 0.662168 -3.542548 0.597037 3.114041 -2.435454 0.281281 0.662168 -2.682566 0.311204 0.675327 -2.989951 0.331507 0.661402 -3.542548 -0.591644 3.114041 -3.374434 -0.451416 3.884384 -2.691105 0.003046 0.014085 -2.691105 0.003046 0.014085 -2.989951 -0.325414 0.661402 -3.542548 -0.591644 3.114041 -2.691105 0.003046 0.014085 -2.691105 0.003046 0.014085 -2.435454 0.281281 0.662168 1.696174 0.450400 2.687385 1.696174 0.450400 1.367267 1.438884 0.450400 1.106583 0.909438 0.450400 1.532121 0.909438 0.450400 2.564214 1.383978 0.450400 3.428907 1.307365 0.003663 4.220414 0.690371 0.009841 3.592294 0.909438 -0.487265 2.703073 1.332710 -0.516277 2.908323 1.915241 0.048278 3.134557 1.696174 -0.485321 2.694533 1.696174 0.450400 2.687385 1.383978 0.450400 3.428907 1.307365 0.003663 4.220414 1.915241 0.048278 3.134557 0.690371 0.009841 3.592294 1.307365 0.003663 4.220414 1.317605 0.003663 -0.004145 1.806767 -0.072729 0.650335 
						1.696174 -0.501132 1.357516 1.342629 -0.598144 1.202269 0.690371 0.003610 0.601263 1.317605 0.003663 -0.004145 1.342629 -0.598144 1.202269 0.909438 -0.567746 1.412207 1.317605 0.003663 -0.004145 0.690371 0.003610 0.601263 1.806767 -0.072729 0.650335 1.696174 -0.501132 1.357516 1.806767 -0.072729 0.650335 1.696174 0.450400 1.367267 0.909438 0.450400 2.564214 0.909438 0.450400 1.532121 0.690371 0.003610 0.601263 0.690371 0.009841 3.592294 1.915241 0.048278 3.134557 1.696174 -0.485321 2.694533 0.909438 -0.567746 1.412207 0.909438 -0.487265 2.703073 3.232536 0.000000 2.092195 2.985301 0.340284 2.092197 2.965642 0.000000 2.539050 2.985301 -0.340284 2.092197 2.585274 -0.210305 2.092197 2.412096 -0.282437 0.475692 2.949327 -0.456997 0.475692 2.985301 0.340284 2.092197 2.585274 0.210306 2.092197 2.965642 0.000000 2.539050 2.949327 0.456998 0.475692 2.412096 0.282438 0.475692 2.585274 0.210306 2.092197 2.585274 -0.210305 2.092197 2.965642 0.000000 2.539050 3.232536 0.000000 2.092195 2.985301 -0.340284 2.092197 2.949327 -0.456997 0.475692 3.281360 0.000000 0.475689 2.965642 0.000000 2.539050 2.412096 0.282438 0.475692 2.412096 -0.282437 0.475692 2.985301 -0.340284 2.092197 3.281360 0.000000 0.475689 2.949327 0.456998 0.475692 2.949327 -0.456997 0.475692 2.412096 -0.282437 0.475692 2.896247 0.000000 0.020379 2.412096 0.282438 0.475692 2.949327 0.456998 0.475692 2.896247 0.000000 0.020379 2.949327 0.456998 0.475692 4.186002 0.006570 2.039484 5.499315 0.067110 0.002760 5.558722 -0.177957 0.002760 4.390316 -0.318887 1.911758 4.568070 0.353027 2.356134 6.037768 0.712634 0.002760 5.558722 0.354625 0.002760 4.390316 0.323702 1.911758 4.941671 0.002412 2.675556 6.099658 0.072143 0.002760 6.037768 0.712634 0.002760 5.043715 0.322067 2.429718 
						4.568070 -0.348203 2.356134 5.938108 -0.199642 0.002760 5.043715 -0.317252 2.429718 4.259894 0.002447 2.733046 4.186002 0.006570 2.039484 4.390316 -0.318887 1.911758 4.941671 0.002412 2.675556 5.043715 0.322067 2.429718 4.259894 0.002447 2.733046 4.941671 0.002412 2.675556 4.186002 0.006570 2.039484 5.043715 -0.317252 2.429718 5.938108 -0.199642 0.002760 4.390316 0.323702 1.911758 5.558722 0.354625 0.002760 5.558722 -0.177957 0.002760 5.568181 0.044151 3.160184 5.766706 0.003046 4.066745 5.912832 0.457508 3.884384 5.744718 0.597037 3.114041 6.465601 0.672993 3.210134 6.461150 0.482265 4.066745 7.009467 0.457508 3.884385 7.172606 0.584638 3.059221 7.344275 0.002697 3.312260 7.147940 0.003046 4.066745 7.009467 -0.451416 3.884384 7.172606 -0.579244 3.059221 6.465601 -0.667600 3.210134 6.461150 -0.476173 4.066745 5.912833 -0.451416 3.884384 5.744718 -0.591644 3.114041 6.457322 0.003046 5.044877 5.766706 0.003046 4.066745 7.147940 0.003046 4.066745 7.009467 -0.451416 3.884384 7.009467 0.457508 3.884385 6.461150 0.482265 4.066745 6.457322 0.003046 5.044877 5.912832 0.457508 3.884384 5.766706 0.003046 4.066745 6.457322 0.003046 5.044877 7.610571 -0.309807 0.002760 7.311358 1.009962 0.002760 7.172606 0.584638 3.059221 6.621339 -0.495989 0.002760 6.037768 -0.534532 0.002760 6.037768 0.712634 0.002760 6.099658 0.072143 0.002760 7.172606 -0.579244 3.059221 7.116796 -0.510121 0.002760 7.610571 -0.309807 0.002760 7.344275 0.002697 3.312260 5.744718 0.597037 3.114041 7.311358 1.009962 0.002760 6.727582 0.765476 0.002760 6.037768 0.712634 0.002760 5.744718 -0.591644 3.114041 5.912833 -0.451416 3.884384 6.037768 -0.534532 0.002760 7.874526 0.009834 3.082989 6.728267 0.092492 0.002760 7.804514 -0.477353 2.787664 8.335400 0.528459 2.834226 
						7.311358 1.009962 0.002760 6.728267 0.092492 0.002760 7.804514 0.484560 2.787664 8.796490 0.003611 2.596325 7.563481 0.095977 0.002760 7.610571 0.491510 0.002760 8.567580 0.482113 2.349365 8.335400 -0.521236 2.834226 7.116796 -0.510121 0.002760 7.610571 -0.309807 0.002760 8.567580 -0.474906 2.349365 8.637300 0.003663 3.380347 8.335400 -0.521236 2.834226 8.796490 0.003611 2.596325 8.637300 0.003663 3.380347 8.567580 0.482113 2.349365 8.335400 0.528459 2.834226 8.637300 0.003663 3.380347 8.796490 0.003611 2.596325 8.335400 0.528459 2.834226 7.804514 0.484560 2.787664 8.567580 -0.474906 2.349365 7.610571 -0.309807 0.002760 8.567580 0.482113 2.349365 7.610571 0.491510 0.002760 7.804514 -0.477353 2.787664 6.728267 0.092492 0.002760 7.166265 1.408965 3.224669 6.728267 0.092492 0.002760 7.545683 1.132557 3.012685 6.953796 1.848427 2.834748 6.490793 0.507118 0.002760 6.728267 0.092492 0.002760 6.728056 1.487728 2.901024 7.628390 1.904658 2.576303 7.311358 1.009962 0.002760 6.727582 0.765476 0.002760 7.108236 1.892715 2.330123 7.846040 1.460844 2.956599 7.223658 0.188768 0.002760 7.610571 0.491510 0.002760 7.921705 1.539351 2.441215 7.549466 1.942364 3.357917 7.166265 1.408965 3.224669 7.545683 1.132557 3.012685 7.846040 1.460844 2.956599 7.628390 1.904658 2.576303 7.921705 1.539351 2.441215 6.953796 1.848427 2.834748 7.549466 1.942364 3.357917 7.166265 1.408965 3.224669 7.549466 1.942364 3.357917 7.921705 1.539351 2.441215 7.610571 0.491510 0.002760 6.490793 0.507118 0.002760 6.728056 1.487728 2.901024 5.289194 2.335236 2.172470 6.728267 0.092492 0.002760 5.749591 2.441099 1.878245 4.694124 2.120800 1.839851 5.938108 -0.199642 0.002760 5.060636 1.847003 2.083813 4.843765 2.556779 1.292512 6.037768 0.712634 0.002760 
						5.558722 0.354625 0.002760 4.698298 2.009619 1.328644 5.445952 2.769112 1.615523 6.728267 0.092492 0.002760 6.357805 0.648718 0.002760 5.383746 2.600692 1.124122 4.758581 2.895195 1.985279 5.445952 2.769112 1.615523 4.843765 2.556779 1.292512 4.758581 2.895195 1.985279 4.694124 2.120800 1.839851 4.758581 2.895195 1.985279 4.694124 2.120800 1.839851 5.060636 1.847003 2.083813 5.289194 2.335236 2.172470 4.758581 2.895195 1.985279 5.383746 2.600692 1.124122 6.357805 0.648718 0.002760 4.698298 2.009619 1.328644 5.558722 0.354625 0.002760 6.728267 0.092492 0.002760 5.289194 2.335236 2.172470 5.749591 2.441099 1.878245 5.298635 -2.030478 0.872652 6.037768 -0.534532 0.002760 6.825906 -0.806486 0.002760 5.789465 -1.983976 0.950364 4.889671 -1.626933 1.156672 6.099658 0.072143 0.002760 5.938108 -0.199642 0.002760 5.068624 -1.622939 0.727533 5.258618 -1.623545 1.681740 6.728267 0.092492 0.002760 6.099658 0.072143 0.002760 5.046553 -1.257292 1.399350 5.676297 -2.020918 1.399838 6.728267 0.092492 0.002760 5.763727 -1.616492 1.621047 5.008553 -2.242840 1.487115 5.298635 -2.030478 0.872652 5.789465 -1.983976 0.950364 5.676297 -2.020918 1.399838 5.258618 -1.623545 1.681740 5.008553 -2.242840 1.487115 5.046553 -1.257292 1.399350 4.889671 -1.626933 1.156672 5.008553 -2.242840 1.487115 5.258618 -1.623545 1.681740 5.298635 -2.030478 0.872652 5.008553 -2.242840 1.487115 5.763727 -1.616492 1.621047 4.889671 -1.626933 1.156672 6.037768 -0.534532 0.002760 5.789465 -1.983976 0.950364 6.825906 -0.806486 0.002760 7.966688 -1.408317 0.433117 6.825906 -0.806486 0.002760 7.116796 -0.510121 0.002760 8.062298 -1.122677 0.244833 7.842990 -1.362616 0.869777 6.825906 -0.806486 0.002760 7.659045 -1.384835 0.595587 8.159892 -1.038417 0.925168 6.728267 0.092492 0.002760 
						7.807755 -1.060099 1.006696 8.283043 -1.076534 0.487013 6.728267 0.092492 0.002760 7.116796 -0.510121 0.002760 8.208957 -0.799275 0.657726 8.325310 -1.482933 0.783163 8.283043 -1.076534 0.487013 8.159892 -1.038417 0.925168 8.325310 -1.482933 0.783163 8.283043 -1.076534 0.487013 8.208957 -0.799275 0.657726 7.807755 -1.060099 1.006696 7.842990 -1.362616 0.869777 7.842990 -1.362616 0.869777 7.659045 -1.384835 0.595587 7.966688 -1.408317 0.433117 8.325310 -1.482933 0.783163 8.159892 -1.038417 0.925168 8.208957 -0.799275 0.657726 6.728267 0.092492 0.002760 6.825906 -0.806486 0.002760 6.728267 0.092492 0.002760 
					</float_array>
					<technique_common>
						<accessor count="470" offset="0" source="#meshId2-positions-array" stride="3">
							<param name="X" type="float" />
							<param name="Y" type="float" />
							<param name="Z" type="float" />
						</accessor>
					</technique_common>
				</source>
				<source id="meshId2-normals" name="meshId2-normals">
					<float_array id="meshId2-normals-array" count="1410"> 
						-0.907250 0.005402 0.420557 -0.863083 0.000397 -0.505062 -0.656842 -0.699051 -0.282642 -0.682021 -0.725207 0.094458 -0.000641 0.898389 0.439200 0.000092 0.861322 -0.508059 -0.656252 0.699681 -0.282454 -0.680337 0.726909 0.093511 0.899400 0.000153 0.437126 0.870739 0.004669 -0.491723 0.657629 0.696968 -0.285935 0.682966 0.725083 0.088385 -0.003510 -0.897904 0.440178 0.002686 -0.860616 -0.509247 0.659062 -0.695350 -0.286575 0.683180 -0.724900 0.088232 -0.003937 -0.000214 0.999992 -0.003510 -0.897904 0.440178 0.899400 0.000153 0.437126 -0.003937 -0.000214 0.999992 -0.000641 0.898389 0.439200 -0.003937 -0.000214 0.999992 -0.000641 0.898389 0.439200 -0.680337 0.726909 0.093511 0.003601 -0.000214 -0.999994 0.870739 0.004669 -0.491723 0.659062 -0.695350 -0.286575 0.002686 -0.860616 -0.509247 -0.863083 0.000397 -0.505062 0.003601 -0.000214 -0.999994 0.002686 -0.860616 -0.509247 -0.656842 -0.699051 -0.282642 0.683180 -0.724900 0.088232 0.899400 0.000153 0.437126 0.682966 0.725083 0.088385 0.657629 0.696968 -0.285935 -0.656252 0.699681 -0.282454 0.000092 0.861322 -0.508059 -0.656252 0.699681 -0.282454 0.870739 0.004669 -0.491723 0.003601 -0.000214 -0.999994 -0.682021 -0.725207 0.094458 -0.656842 -0.699051 -0.282642 0.000000 0.000000 -1.000000 0.000000 0.898539 -0.438893 0.689225 0.689225 -0.223465 0.898539 0.000000 -0.438893 -0.898539 0.000000 -0.438893 -0.689225 0.689225 -0.223465 0.000000 0.898539 -0.438893 0.000000 0.000000 -1.000000 0.000000 -0.898539 -0.438893 0.000000 0.000000 -1.000000 0.898539 0.000000 -0.438893 0.689225 -0.689225 -0.223465 -0.689225 -0.689225 -0.223465 0.000000 -0.898539 -0.438893 0.000000 0.000000 1.000000 0.898539 -0.000000 0.438893 0.689225 0.689225 0.223465 0.000000 0.898539 0.438893 -0.898539 -0.000000 0.438893 0.000000 0.000000 1.000000 0.000000 0.898539 0.438893 
						-0.689225 0.689225 0.223465 0.000000 -0.898539 0.438893 0.689225 -0.689225 0.223465 -0.689225 -0.689225 0.223465 0.000000 -0.898539 0.438893 0.000000 -0.898539 0.438893 -0.689225 -0.689225 0.223465 -0.689225 -0.689225 -0.223465 0.000000 -0.898539 -0.438893 0.689225 -0.689225 0.223465 0.689225 -0.689225 -0.223465 0.898539 -0.000000 0.438893 0.689225 -0.689225 0.223465 0.898539 0.000000 -0.438893 0.689225 0.689225 -0.223465 0.000000 0.898539 0.438893 0.689225 0.689225 0.223465 -0.689225 0.689225 0.223465 -0.689225 0.689225 -0.223465 -0.689225 0.689225 -0.223465 -0.898539 0.000000 -0.438893 -0.689225 -0.689225 -0.223465 0.995772 -0.000000 0.091862 0.307694 0.947040 0.091863 0.000000 0.000000 1.000000 0.307694 -0.947040 0.091863 -0.805593 -0.585304 0.091864 -0.708206 -0.514529 -0.483430 0.270488 -0.832553 -0.483418 0.307694 0.947040 0.091863 -0.805593 0.585304 0.091864 0.000000 0.000000 1.000000 0.270488 0.832552 -0.483418 -0.708206 0.514529 -0.483430 -0.805593 0.585304 0.091864 -0.805593 -0.585304 0.091864 0.000000 0.000000 1.000000 0.995772 -0.000000 0.091862 0.307694 -0.947040 0.091863 0.270488 -0.832553 -0.483418 0.875385 0.000000 -0.483426 0.000000 0.000000 1.000000 -0.805593 -0.585304 0.091864 -0.805593 0.585304 0.091864 -0.708206 0.514529 -0.483430 -0.708206 -0.514529 -0.483430 0.307694 -0.947040 0.091863 0.995772 -0.000000 0.091862 0.875385 0.000000 -0.483426 -0.708206 -0.514529 -0.483430 0.000000 0.000000 -1.000000 0.000000 0.000000 -1.000000 0.270488 0.832552 -0.483418 0.270488 0.832552 -0.483418 -0.999852 0.017090 0.002197 -0.866591 0.001160 0.499018 -0.560943 0.753397 0.343127 -0.649638 0.760241 -0.002197 0.017854 0.998394 0.053774 0.005066 0.904458 0.426532 0.561809 0.755732 0.336512 0.645362 0.763869 -0.003449 0.995312 -0.000092 0.096714 0.862509 0.000031 0.506042 
						0.561838 -0.755547 0.336877 0.645297 -0.763925 -0.003327 0.017854 -0.998375 0.054111 0.005066 -0.904301 0.426866 -0.569761 -0.748298 0.339739 -0.657689 -0.753275 -0.004700 -0.001190 -0.000000 0.999999 -0.866591 0.001160 0.499018 0.862509 0.000031 0.506042 0.561838 -0.755547 0.336877 0.561809 0.755732 0.336512 0.005066 0.904458 0.426532 -0.001190 -0.000000 0.999999 -0.560943 0.753397 0.343127 -0.866591 0.001160 0.499018 -0.001190 -0.000000 0.999999 0.952720 -0.000000 -0.303850 0.597966 0.729200 -0.332722 0.645362 0.763869 -0.003449 0.057467 -0.959329 -0.276379 -0.580453 -0.721729 -0.377070 -0.649638 0.760241 -0.002197 -0.576582 0.725061 -0.376616 -0.936242 0.003479 -0.351339 -0.999852 0.017090 0.002197 0.645297 -0.763925 -0.003327 0.597955 -0.729156 -0.332838 0.952720 -0.000000 -0.303850 0.995312 -0.000092 0.096714 0.645297 -0.763925 -0.003327 0.597955 -0.729156 -0.332838 -0.649638 0.760241 -0.002197 0.597966 0.729200 -0.332722 0.057498 0.959362 -0.276257 -0.576582 0.725061 -0.376616 -0.657689 -0.753275 -0.004700 -0.569761 -0.748298 0.339739 0.015779 0.000000 -0.999875 0.015779 0.000000 -0.999875 -0.580453 -0.721729 -0.377070 -0.657689 -0.753275 -0.004700 0.015779 0.000000 -0.999875 0.015779 0.000000 -0.999875 0.597966 0.729200 -0.332722 0.566678 0.822092 0.055148 0.588137 0.802230 -0.102575 0.124123 0.947390 -0.295033 -0.520409 0.850532 -0.075962 -0.524654 0.849866 0.049655 0.138800 0.926159 0.350663 0.055759 -0.017549 0.998290 -0.865677 -0.015565 0.500362 -0.547936 -0.827520 0.122381 0.111152 -0.952818 0.282458 0.943515 -0.024721 0.330406 0.608286 -0.783164 0.129006 0.566678 0.822092 0.055148 0.138800 0.926159 0.350663 0.055759 -0.017549 0.998290 0.943515 -0.024721 0.330406 -0.865677 -0.015565 0.500362 0.055759 -0.017549 0.998290 0.048373 0.043978 -0.997861 0.873448 -0.075442 -0.481037 
						0.612765 -0.782452 -0.110846 0.032533 -0.961474 -0.272963 -0.834555 0.057499 -0.547916 0.048373 0.043978 -0.997861 0.032533 -0.961474 -0.272963 -0.540377 -0.834736 -0.105872 0.048373 0.043978 -0.997861 -0.834555 0.057499 -0.547916 0.873448 -0.075442 -0.481037 0.612765 -0.782452 -0.110846 0.873448 -0.075442 -0.481037 0.588137 0.802230 -0.102575 -0.524654 0.849866 0.049655 -0.520409 0.850532 -0.075962 -0.834555 0.057499 -0.547916 -0.865677 -0.015565 0.500362 0.943515 -0.024721 0.330406 0.608286 -0.783164 0.129006 -0.540377 -0.834736 -0.105872 -0.547936 -0.827520 0.122381 0.966158 0.000000 0.257951 0.287154 0.905165 0.313400 0.136604 0.000000 0.990626 0.287154 -0.905165 0.313400 -0.747226 -0.541193 0.385699 -0.771983 -0.545439 -0.326403 0.272014 -0.910771 -0.310651 0.287154 0.905165 0.313400 -0.747226 0.541193 0.385699 0.136604 0.000000 0.990626 0.272014 0.910772 -0.310651 -0.771983 0.545439 -0.326403 -0.747226 0.541193 0.385699 -0.747226 -0.541193 0.385699 0.136604 0.000000 0.990626 0.966158 0.000000 0.257951 0.287154 -0.905165 0.313400 0.272014 -0.910771 -0.310651 0.955770 0.000000 -0.294114 0.136604 0.000000 0.990626 -0.771983 0.545439 -0.326403 -0.771983 -0.545439 -0.326403 0.287154 -0.905165 0.313400 0.955770 0.000000 -0.294114 0.272014 0.910772 -0.310651 0.272014 -0.910771 -0.310651 -0.771983 -0.545439 -0.326403 0.114048 0.000000 -0.993475 -0.771983 0.545439 -0.326403 0.272014 0.910772 -0.310651 0.114048 0.000000 -0.993475 0.272014 0.910772 -0.310651 -0.993324 -0.000336 -0.115361 -0.844809 -0.001434 -0.535067 -0.431174 -0.841503 -0.325517 -0.591120 -0.776523 -0.218149 -0.331592 0.882100 0.334583 -0.335432 0.786590 -0.518422 -0.903764 0.233044 -0.359028 -0.710209 0.662905 -0.236981 0.430751 -0.042849 0.901453 -0.349109 0.567169 0.745951 -0.335432 0.786590 -0.518422 0.523252 0.664342 0.533720 
						-0.261523 -0.913180 0.312583 -0.452414 -0.883862 0.118780 0.493927 -0.760422 0.421657 -0.632967 0.000092 0.774179 -0.993324 -0.000336 -0.115361 -0.591120 -0.776523 -0.218149 0.430751 -0.042849 0.901453 0.523252 0.664342 0.533720 -0.632967 0.000092 0.774179 0.430751 -0.042849 0.901453 -0.993324 -0.000336 -0.115361 0.493927 -0.760422 0.421657 -0.452414 -0.883862 0.118780 -0.710209 0.662905 -0.236981 -0.903764 0.233044 -0.359028 -0.431174 -0.841503 -0.325517 -0.998114 0.012360 0.060122 -0.866591 0.001160 0.499018 -0.560943 0.753397 0.343127 -0.684798 0.723619 0.086187 -0.039552 0.990145 0.134343 0.005066 0.904458 0.426532 0.561809 0.755732 0.336512 0.601564 0.783641 0.155007 0.980300 -0.073429 0.183358 0.862509 0.000031 0.506042 0.561838 -0.755547 0.336877 0.506735 -0.856542 0.097752 0.012330 -0.995242 0.096652 0.005066 -0.904301 0.426866 -0.569761 -0.748298 0.339739 -0.672123 -0.737739 0.063175 -0.001190 -0.000000 0.999999 -0.866591 0.001160 0.499018 0.862509 0.000031 0.506042 0.561838 -0.755547 0.336877 0.561809 0.755732 0.336512 0.005066 0.904458 0.426532 -0.001190 -0.000000 0.999999 -0.560943 0.753397 0.343127 -0.866591 0.001160 0.499018 -0.001190 -0.000000 0.999999 0.859354 -0.490593 -0.144324 0.305678 0.944838 -0.117651 0.601564 0.783641 0.155007 0.016816 -0.999147 -0.037721 -0.430472 -0.611451 -0.663944 -0.335432 0.786590 -0.518422 -0.349109 0.567169 0.745951 0.506735 -0.856542 0.097752 0.301677 -0.905123 -0.299571 0.859354 -0.490593 -0.144324 0.980300 -0.073429 0.183358 -0.684798 0.723619 0.086187 0.305678 0.944838 -0.117651 -0.331161 0.936808 -0.112798 -0.335432 0.786590 -0.518422 -0.672123 -0.737739 0.063175 -0.569761 -0.748298 0.339739 -0.430472 -0.611451 -0.663944 -0.600832 0.005097 0.799359 -0.207864 -0.133490 0.969006 -0.699931 -0.553590 0.451259 0.201610 0.853165 0.481105 
						0.305678 0.944838 -0.117651 -0.207864 -0.133490 0.969006 -0.714036 0.507541 0.482240 0.999970 -0.000458 0.007721 0.913803 0.002808 -0.406148 0.963612 0.173105 -0.203685 0.843832 0.506806 -0.176341 0.148719 -0.880807 0.449513 0.301677 -0.905123 -0.299571 0.859354 -0.490593 -0.144324 0.730865 -0.660366 -0.172492 0.483976 -0.000214 0.875081 0.148719 -0.880807 0.449513 0.999970 -0.000458 0.007721 0.483976 -0.000214 0.875081 0.843832 0.506806 -0.176341 0.201610 0.853165 0.481105 0.483976 -0.000214 0.875081 0.999970 -0.000458 0.007721 0.201610 0.853165 0.481105 -0.714036 0.507541 0.482240 0.730865 -0.660366 -0.172492 0.859354 -0.490593 -0.144324 0.843832 0.506806 -0.176341 0.963612 0.173105 -0.203685 -0.699931 -0.553590 0.451259 -0.207864 -0.133490 0.969006 -0.338554 -0.362878 0.868160 -0.207864 -0.133490 0.969006 0.159399 -0.813170 0.559774 -0.677528 0.671912 0.299150 -0.965876 0.258194 -0.020478 -0.207864 -0.133490 0.969006 -0.837471 -0.288435 0.464163 0.438681 0.892773 -0.102544 0.305678 0.944838 -0.117651 -0.331161 0.936808 -0.112798 -0.398766 0.889609 -0.222669 0.830240 -0.249096 0.498651 0.578667 -0.791200 0.197854 0.963612 0.173105 -0.203685 0.999205 0.034975 -0.019136 0.250931 0.585577 0.770800 -0.338554 -0.362878 0.868160 0.159399 -0.813170 0.559774 0.830240 -0.249096 0.498651 0.438681 0.892773 -0.102544 0.999205 0.034975 -0.019136 -0.677528 0.671912 0.299150 0.250931 0.585577 0.770800 -0.338554 -0.362878 0.868160 0.250931 0.585577 0.770800 0.999205 0.034975 -0.019136 0.963612 0.173105 -0.203685 -0.965876 0.258194 -0.020478 -0.837471 -0.288435 0.464163 0.165904 0.053134 0.984709 -0.207864 -0.133490 0.969006 0.810113 0.327323 0.486391 -0.893320 -0.196298 0.404285 -0.452414 -0.883862 0.118780 -0.261154 -0.547608 0.794937 -0.573861 0.594829 -0.562905 -0.335432 0.786590 -0.518422 
						-0.903764 0.233044 -0.359028 -0.936068 -0.080480 -0.342491 0.442896 0.896534 -0.008393 -0.207864 -0.133490 0.969006 0.618080 0.605476 -0.501374 0.276201 0.733628 -0.620889 -0.514615 0.744394 0.425499 0.442896 0.896534 -0.008393 -0.573861 0.594829 -0.562905 -0.514615 0.744394 0.425499 -0.893320 -0.196298 0.404285 -0.514615 0.744394 0.425499 -0.893320 -0.196298 0.404285 -0.261154 -0.547608 0.794937 0.165904 0.053134 0.984709 -0.514615 0.744394 0.425499 0.276201 0.733628 -0.620889 0.618080 0.605476 -0.501374 -0.936068 -0.080480 -0.342491 -0.903764 0.233044 -0.359028 -0.207864 -0.133490 0.969006 0.165904 0.053134 0.984709 0.810113 0.327323 0.486391 -0.284316 -0.747352 -0.600524 -0.430472 -0.611451 -0.663944 0.342880 -0.847815 0.404528 0.591100 -0.785509 -0.183239 -0.998971 0.024964 -0.037874 -0.349109 0.567169 0.745951 -0.452414 -0.883862 0.118780 -0.751809 -0.099309 -0.651859 -0.244978 0.147286 0.958276 -0.207864 -0.133490 0.969006 -0.349109 0.567169 0.745951 -0.633465 0.602549 0.485445 0.545252 -0.687410 0.479758 -0.207864 -0.133490 0.969006 0.569056 0.035341 0.821539 -0.505493 -0.772081 0.385186 -0.284316 -0.747352 -0.600524 0.591100 -0.785509 -0.183239 0.545252 -0.687410 0.479758 -0.244978 0.147286 0.958276 -0.505493 -0.772081 0.385186 -0.633465 0.602549 0.485445 -0.998971 0.024964 -0.037874 -0.505493 -0.772081 0.385186 -0.244978 0.147286 0.958276 -0.284316 -0.747352 -0.600524 -0.505493 -0.772081 0.385186 0.569056 0.035341 0.821539 -0.998971 0.024964 -0.037874 -0.430472 -0.611451 -0.663944 0.591100 -0.785509 -0.183239 0.342880 -0.847815 0.404528 0.144112 -0.827376 -0.542845 0.342880 -0.847815 0.404528 0.301677 -0.905123 -0.299571 0.452290 -0.094517 -0.886849 -0.293168 -0.698495 0.652807 0.342880 -0.847815 0.404528 -0.502317 -0.859302 0.096319 0.412159 0.166695 0.895733 -0.207864 -0.133490 0.969006 
						-0.440425 -0.117500 0.890067 0.989406 0.017518 -0.144112 -0.207864 -0.133490 0.969006 0.301677 -0.905123 -0.299571 0.282030 0.522921 0.804371 0.679481 -0.681709 0.271255 0.989406 0.017518 -0.144112 0.412159 0.166695 0.895733 0.679481 -0.681709 0.271255 0.989406 0.017518 -0.144112 0.282030 0.522921 0.804371 -0.440425 -0.117500 0.890067 -0.293168 -0.698495 0.652807 -0.293168 -0.698495 0.652807 -0.502317 -0.859302 0.096319 0.144112 -0.827376 -0.542845 0.679481 -0.681709 0.271255 0.412159 0.166695 0.895733 0.282030 0.522921 0.804371 -0.207864 -0.133490 0.969006 0.342880 -0.847815 0.404528 -0.207864 -0.133490 0.969006 
					</float_array>
					<technique_common>
						<accessor count="470" offset="0" source="#meshId2-normals-array" stride="3">
							<param name="X" type="float" />
							<param name="Y" type="float" />
							<param name="Z" type="float" />
						</accessor>
					</technique_common>
				</source>
				<source id="meshId2-tangents" name="meshId2-tangents">
					<float_array id="meshId2-tangents-array" count="1410"> 
						-0.051980 -0.993692 -0.099371 0.058657 -0.993154 -0.101018 0.753954 -0.603637 -0.259182 0.628042 -0.646967 -0.432431 -0.972545 0.101648 -0.209341 -0.986040 -0.084517 -0.143462 -0.698361 -0.704968 -0.123743 -0.694779 -0.599066 -0.397998 0.111021 0.967130 -0.228766 -0.197236 0.919312 -0.340534 -0.753058 0.618601 -0.224133 -0.640463 0.652611 -0.404852 0.980277 -0.090068 -0.175911 0.959184 0.146218 -0.242047 0.676251 0.714646 -0.178791 0.694505 0.607641 -0.385273 -0.028706 -0.999588 -0.000327 0.397429 -0.405176 -0.823336 0.280197 0.767340 -0.576783 0.838465 0.544945 0.003417 -0.413266 0.399702 -0.818199 -0.434887 0.900484 -0.001520 -0.582562 -0.357311 0.730034 -0.700760 -0.682555 0.207493 0.529890 0.848065 0.001727 0.026941 0.998000 0.057185 0.681691 0.713267 -0.162935 0.577672 0.417018 -0.701706 -0.505062 0.000788 0.863083 -0.999994 0.000239 -0.003601 -0.858319 -0.263285 0.440420 -0.574298 0.220903 0.788279 0.653532 0.660837 0.369040 -0.069820 0.987212 0.143311 -0.679886 0.675255 -0.285983 -0.745660 0.548149 -0.378846 -0.618116 -0.283820 0.733061 -0.784687 0.315003 0.533890 -0.710688 -0.698928 -0.080141 -0.258154 0.855420 -0.449013 -0.812612 0.582797 -0.003051 0.663412 -0.667856 -0.337420 0.725134 -0.482844 -0.490960 0.804447 -0.594025 -0.000000 0.996335 0.037540 0.076855 0.723343 -0.636761 0.267040 0.297239 -0.735757 0.608532 -0.399214 -0.415502 0.817304 -0.699559 -0.552715 0.452905 -0.983018 0.080541 0.164891 -0.859122 -0.511771 -0.000000 -0.424986 -0.397286 0.813358 -0.393129 -0.919483 -0.000000 0.122044 -0.960560 0.249860 -0.519923 -0.685273 0.509982 -0.255189 -0.057742 0.965165 -0.501328 -0.379755 0.777468 0.183069 -0.983100 -0.000000 0.108823 -0.968773 -0.222792 0.673398 -0.723168 0.153505 0.728095 -0.300851 0.615928 -0.044267 0.994901 -0.090627 -0.062389 0.998052 0.000000 0.403337 0.401610 -0.822210 
						0.504975 0.678114 -0.534005 -0.256034 -0.424264 -0.868589 -0.424489 -0.634056 -0.646360 -0.594823 0.714346 0.368640 -0.554799 0.365152 0.747570 -0.999997 0.001065 0.002181 -0.719785 0.686620 -0.102290 -0.716449 0.694282 0.068368 -0.999997 -0.001051 0.002151 -0.720213 -0.685388 0.107408 -0.715864 -0.695374 -0.063196 -0.248488 -0.824288 0.508726 -0.710625 -0.582858 0.394067 0.077981 -0.984089 0.159650 0.688068 -0.719246 -0.096162 0.979078 -0.089307 0.182838 0.675559 -0.722779 0.145637 0.722186 0.628610 0.288613 0.679817 0.721839 0.129605 0.705098 0.567046 -0.425788 0.042026 0.995405 -0.086040 -0.724462 0.660264 0.198003 -0.041914 0.889843 0.454337 -0.951353 0.304603 0.046309 -0.229561 0.973294 -0.000000 0.821045 0.313063 0.477364 0.518649 -0.621738 0.586894 0.491191 -0.850939 0.186105 0.771656 -0.112760 0.625965 -0.642856 0.135740 0.753864 -0.291095 -0.526068 0.799072 -0.736552 -0.676380 -0.000000 -0.564386 0.543929 0.620975 -0.587803 -0.050433 0.807431 0.581535 0.810814 -0.066314 -0.581535 0.810814 0.066314 0.000000 1.000000 0.000000 -0.032635 -0.934766 0.353761 -0.924145 -0.274479 0.265741 -0.674790 -0.522099 0.521604 -0.077195 -0.987168 -0.139784 0.995721 -0.092410 -0.000000 0.581535 -0.810814 -0.066314 -0.581535 -0.810814 0.066314 -0.353164 -0.851095 -0.388475 0.424961 -0.857473 0.290083 0.384794 0.212154 0.898290 -0.048931 0.846328 0.530410 0.111675 0.972952 0.202220 -0.437179 -0.218060 0.872539 -0.461853 -0.886956 -0.000000 -0.166467 -0.986047 0.000000 -0.164463 -0.454794 -0.875279 0.218920 -0.542172 -0.811248 0.002984 0.046161 0.998930 0.498621 0.041971 0.865803 0.417868 -0.100126 0.902973 0.170564 0.148565 0.974082 -0.839599 0.044175 -0.541408 -0.843135 0.233206 -0.484497 -0.628653 0.654423 -0.420149 -0.605721 0.508988 -0.611582 0.010587 0.994093 -0.108015 0.068595 0.990763 -0.116975 
						0.592360 0.651701 0.473704 0.722121 0.608552 0.328947 0.993777 0.023671 0.108841 0.997639 0.033807 0.059778 0.821730 -0.512961 0.248257 0.745787 -0.652004 0.136724 0.999977 -0.006632 0.001190 0.379740 -0.647250 0.660957 0.137363 0.962439 -0.234183 0.803336 0.595511 -0.004181 -0.547916 0.644686 -0.533074 -0.482622 0.375784 -0.791115 -0.616618 0.787262 -0.000734 -0.743074 -0.275497 -0.609871 -0.381298 -0.646641 -0.660656 -0.966620 -0.256212 -0.001150 -0.165604 0.838424 -0.519250 -0.800267 0.519947 -0.298711 -0.702499 0.591728 -0.395416 0.994650 0.031212 0.098479 0.810007 -0.559215 -0.176545 0.728941 0.623708 0.282195 0.682155 0.680903 0.266525 0.079112 0.976361 -0.201147 0.016448 0.984621 -0.173928 0.758181 0.639899 0.125265 0.799172 0.510536 0.317297 0.062254 0.978786 0.195199 -0.008614 0.995942 0.089588 0.755532 0.637551 0.150664 0.715260 0.672823 -0.188978 -0.596412 -0.511432 -0.618652 -0.664016 0.218190 -0.715176 -0.839027 -0.103528 -0.534150 -0.610979 -0.688666 -0.390440 0.121125 -0.111909 0.986309 0.316330 0.181857 0.931055 -0.978926 -0.203630 -0.015448 0.999051 0.040596 0.015766 -0.379544 0.649483 -0.658877 -0.568943 0.500818 -0.652293 0.139865 0.990168 0.002207 0.081742 0.996653 0.001290 -0.367392 0.618295 0.694791 0.815275 -0.569142 0.106789 0.803342 -0.564822 0.188725 0.986233 -0.085049 0.141814 0.845717 0.525666 0.091853 0.844921 0.512692 0.152496 0.981255 -0.080818 -0.174949 -0.996373 -0.065341 0.054503 -0.406004 0.606553 -0.683560 -0.836331 0.545032 -0.059088 -0.993798 -0.105602 0.034849 -0.125487 -0.949586 0.287296 -0.793336 -0.604948 0.068231 0.712529 -0.522564 0.468219 0.608186 -0.359168 0.707890 0.472111 -0.880545 -0.041848 -0.136121 -0.938090 0.318524 0.441702 0.446639 0.778083 0.878467 0.476067 -0.040698 0.702836 0.708349 0.065290 -0.033259 0.976373 -0.213518 
						0.738667 0.616947 -0.271566 0.656237 0.226541 -0.719745 -0.364406 0.688286 0.627272 -0.911960 0.409444 -0.026164 -0.999160 -0.024481 -0.032856 -0.841029 0.539683 0.037583 0.998585 -0.024215 0.047341 0.431217 0.687156 -0.584695 0.241367 -0.790920 0.562306 -0.789270 -0.612981 -0.036165 0.106763 -0.934210 0.340371 0.808102 -0.577792 0.114578 -0.677251 -0.452011 0.580531 -0.741585 -0.406055 0.534015 -0.073206 -0.997293 0.006847 0.064055 -0.994744 0.079878 0.095183 0.975401 -0.198829 0.793630 0.602547 -0.084191 0.835413 -0.517240 -0.185869 0.740891 -0.548001 -0.388299 0.021440 -0.996540 -0.080302 0.791080 -0.408585 0.455248 0.144345 -0.989327 -0.019905 0.942762 0.209157 -0.259718 0.640479 -0.741293 0.200676 0.628892 -0.730039 -0.267467 0.959934 0.234226 0.153834 0.939437 -0.202222 -0.276702 0.637196 0.748294 0.184491 0.928387 0.348867 -0.128022 0.960818 -0.239184 0.140072 0.630111 0.724264 -0.280001 0.480906 0.840899 -0.248231 -0.480906 0.840899 0.248231 -0.000000 1.000000 0.000000 0.074328 0.957586 -0.278395 0.935291 0.335591 0.112293 0.880505 0.365808 -0.301489 0.077606 0.964560 0.252194 0.931961 -0.339019 -0.128515 0.502380 0.838151 0.212411 -0.502379 0.838151 -0.212412 -0.444729 -0.415762 -0.793321 0.139147 -0.881006 0.452180 0.962293 -0.257335 0.088150 -0.920709 -0.340199 0.191205 -0.556837 0.332657 0.761099 -0.993263 0.020668 -0.114024 -0.542189 -0.297018 0.786010 -0.900808 0.354544 0.250687 0.289628 0.956562 0.033249 -0.241503 0.377103 0.894131 -0.000519 0.999999 0.001558 0.004940 0.999933 -0.010481 -0.545145 0.530447 -0.649186 -0.571808 0.594194 -0.565658 -0.415000 0.182111 -0.891409 -0.322364 -0.612921 -0.721394 0.060232 -0.761201 -0.645713 -0.164956 -0.483955 -0.859405 -0.072947 0.993951 0.082103 0.248835 0.823566 -0.509726 0.231050 0.602187 0.764190 -0.586085 0.735207 -0.340551 
						-0.467244 -0.163599 -0.868860 -0.438451 0.104463 -0.892664 -0.292005 -0.601841 -0.743317 -0.758869 -0.197962 -0.620426 0.110568 0.282475 -0.952881 -0.237130 0.425817 -0.873183 -0.071638 -0.997344 -0.013176 -0.238331 0.715392 -0.656820 -0.748729 0.254224 -0.612189 -0.028985 0.997700 0.061275 0.100687 -0.490598 -0.865549 0.437262 0.636387 0.635464 -0.163879 0.213317 0.963140 0.477590 0.701005 0.529622 0.147664 0.957048 0.249510 -0.297376 0.473156 -0.829271 -0.013431 -0.999758 -0.017442 -0.010231 -0.999828 -0.015443 -0.579455 -0.653335 0.487222 -0.653675 -0.662232 0.366276 0.365728 -0.110773 0.924106 0.365729 -0.398663 0.841017 0.173262 -0.505243 0.845405 0.252268 -0.370476 0.893929 -0.049524 -0.990051 -0.131708 0.038713 -0.997073 -0.065924 -0.477469 -0.628723 -0.613784 -0.646214 -0.452442 -0.614576 0.251874 0.096634 0.962923 0.244849 0.414999 0.876256 0.058920 0.375143 0.925092 0.156169 -0.057842 0.986035 0.513935 0.857829 0.000611 0.403090 0.591130 0.698629 -0.187163 0.929108 0.318948 0.204630 0.521503 0.828348 0.665814 -0.654485 0.358249 0.637294 -0.331616 0.695620 0.679189 -0.733963 0.000808 0.309067 -0.193925 0.931059 0.454383 -0.411559 0.790035 0.685963 -0.727636 0.000816 -0.475075 -0.870332 0.129714 0.928834 -0.323082 -0.181346 0.750674 -0.620909 0.225743 0.247301 -0.032398 0.968397 -0.095527 -0.700593 0.707138 -0.245780 -0.604315 -0.757889 -0.194606 -0.822561 0.534342 0.296127 0.279427 0.913361 0.364959 -0.180647 0.913330 0.276126 0.207609 0.938431 -0.080321 0.699900 0.709711 0.227108 0.099538 0.968769 0.329090 0.011107 0.944233 0.315988 0.222746 0.922245 0.204783 0.598027 0.774873 0.680081 -0.648823 -0.341348 0.573029 -0.658072 -0.488446 0.173156 -0.777868 0.604101 -0.094754 -0.993384 -0.064887 -0.040640 -0.988610 -0.144908 0.351251 -0.816951 -0.457399 0.310259 -0.521525 0.794828 
						0.366379 -0.002672 0.930462 0.883441 0.399650 0.244565 0.462263 -0.175530 0.869196 0.000433 -0.993371 -0.114953 -0.052490 -0.990774 -0.124948 0.162023 -0.984300 -0.070011 0.413756 -0.823763 -0.387584 0.219292 0.472626 0.853543 0.375073 -0.176205 0.910095 0.129829 -0.063675 0.989490 0.349625 0.145183 0.925573 -0.036525 -0.999133 0.019957 0.286920 -0.396579 -0.872010 -0.005593 0.646698 0.762725 -0.255331 0.956451 0.141448 0.531944 -0.746808 0.399140 0.534170 -0.507489 0.676105 0.192900 -0.975375 -0.106924 -0.004412 -0.853718 0.520718 -0.552100 -0.306734 0.775306 -0.446230 -0.860692 0.245131 -0.622594 -0.748605 0.227961 -0.507709 -0.852261 -0.126027 0.247135 -0.075347 0.966047 0.241578 -0.237781 0.940798 0.531822 0.017754 0.846670 0.756842 0.605625 0.245783 -0.872838 0.465753 -0.145700 -0.976541 0.085258 -0.197736 -0.977068 -0.211035 -0.028340 -0.298376 -0.622855 0.723203 -0.258930 -0.960679 0.100254 0.520204 -0.854021 -0.006059 0.524095 -0.664529 0.532659 0.287398 -0.031263 0.957301 0.302013 0.020967 0.953073 0.409824 0.250481 0.877100 0.317949 0.361867 0.876334 -0.392589 -0.896376 0.205874 -0.811007 -0.583854 0.037187 0.094510 -0.933406 -0.346153 0.035273 -0.999259 0.015438 0.641142 -0.697118 0.320879 0.120852 -0.931772 -0.342339 0.269761 -0.509566 -0.817051 0.040977 -0.864895 -0.500277 0.896969 -0.441965 -0.010647 0.033950 -0.998096 -0.051501 0.465258 0.076522 0.881861 0.282927 -0.805873 0.520117 0.506129 -0.848031 -0.157091 0.127586 -0.809337 0.573319 0.013335 0.159138 0.987166 0.225761 -0.119044 0.966882 0.141027 0.590586 0.794556 -0.490328 0.771622 -0.405188 -0.380958 -0.917575 0.113696 -0.583531 -0.778136 -0.232370 -0.095026 -0.745352 0.659864 0.440223 -0.201140 0.875069 0.106522 0.078680 0.991193 0.462856 0.651633 0.600949 -0.798759 -0.558231 0.224417 -0.696234 -0.577700 -0.426052 
						-0.251086 -0.967957 0.003749 -0.142255 -0.803776 0.577674 -0.184639 0.082045 -0.979376 -0.957033 -0.177016 -0.229681 -0.537210 -0.140307 -0.831697 -0.428753 -0.484121 -0.762757 -0.152450 -0.567784 0.808938 0.275175 -0.127018 0.952967 -0.071738 -0.721217 -0.688984 -0.648367 -0.013116 -0.761215 0.420444 -0.682812 0.597490 -0.245263 -0.603318 0.758851 -0.048188 -0.852546 -0.520426 -0.344365 -0.716477 -0.606691 -0.456237 -0.881118 0.124411 -0.834857 -0.548118 -0.050796 -0.597594 -0.374866 -0.708772 -0.380594 -0.327577 -0.864779 -0.216589 -0.635320 0.741254 -0.418185 -0.301864 0.856738 0.407184 0.888923 0.209804 0.197834 0.976454 -0.086020 0.372519 0.353238 -0.858168 0.651235 -0.610237 0.451114 0.699719 -0.690728 0.182450 0.930536 0.247594 -0.269816 0.380122 0.070916 0.922214 0.003252 0.872206 0.489129 0.780158 -0.265061 0.566653 -0.771547 0.454716 0.444915 -0.391138 0.863047 0.319628 -0.357266 0.905126 -0.230450 -0.529615 0.848232 0.003243 -0.301523 0.685712 -0.662482 -0.449947 0.223552 -0.864623 0.121643 0.631143 0.766069 -0.334381 0.940661 0.057856 -0.377548 0.898774 0.222853 0.334473 0.236172 0.912333 -0.129932 -0.590559 0.796466 0.108483 -0.147689 0.983066 -0.348451 0.334671 0.875544 -0.293286 0.930828 -0.218044 -0.468172 0.620422 0.629199 -0.229238 0.453068 -0.861498 0.044432 0.706669 -0.706148 -0.791969 0.238006 -0.562262 -0.560996 0.784591 -0.264007 -0.709047 0.585512 -0.392973 -0.771899 0.604137 0.197964 0.171812 0.971915 -0.160819 0.013074 -0.641053 -0.767385 -0.744070 0.656787 -0.122437 0.612604 0.289417 0.735496 -0.168428 0.368170 0.914376 0.560835 0.520251 -0.644052 0.880943 0.439722 0.174884 0.936579 0.340122 -0.084479 0.221618 0.975091 0.009103 0.024092 0.677195 0.735409 0.334148 0.512546 0.790975 -0.362265 0.310284 0.878913 0.810154 0.382759 -0.444012 0.445245 0.869153 0.215245 
						0.578534 0.720968 0.381448 0.076106 0.782755 0.617659 0.270427 0.944190 0.188081 0.564222 -0.083793 0.821360 -0.658580 0.715193 -0.234033 0.729146 0.668523 -0.146366 -0.014213 0.999613 0.023930 -0.336340 0.941518 -0.020453 0.412426 0.660661 0.627241 0.012717 0.978419 0.206241 -0.508996 0.792240 -0.336569 0.087218 0.981110 0.172676 -0.240036 0.714714 0.656937 -0.041769 -0.672800 -0.738645 -0.059422 -0.076824 -0.995272 0.066783 0.555453 -0.828862 0.212690 -0.170818 -0.962073 0.330258 0.888928 -0.317392 0.133536 0.808849 -0.572653 -0.178500 0.979186 0.096602 0.469978 -0.218039 -0.855324 0.022807 0.989713 0.141235 
					</float_array>
					<technique_common>
						<accessor count="470" offset="0" source="#meshId2-tangents-array" stride="3">
							<param name="X" type="float" />
							<param name="Y" type="float" />
							<param name="Z" type="float" />
						</accessor>
					</technique_common>
				</source>
				<source id="meshId2-bitangents" name="meshId2-bitangents">
					<float_array id="meshId2-bitangents-array" count="1410"> 
						0.417368 -0.112015 0.901808 -0.501645 -0.116812 0.857151 0.010568 -0.383341 0.923547 0.374713 -0.235604 0.896706 -0.232714 -0.427276 0.873659 -0.166507 0.500980 0.849291 -0.285702 0.116048 0.951266 -0.233289 -0.335742 0.912608 -0.422793 0.254282 0.869820 0.450457 0.393502 0.801402 0.020666 0.362722 0.931668 -0.351232 0.219893 0.910100 0.197597 0.430879 0.880511 0.282770 -0.487811 0.825882 0.329122 -0.075963 0.941227 0.225671 0.324488 0.918575 0.999580 -0.028707 0.003929 0.917626 0.172050 0.358275 -0.335513 0.641240 0.690103 -0.544941 0.838472 -0.001966 -0.910610 -0.182031 0.371017 -0.900476 -0.434890 -0.003638 0.812786 -0.255393 0.523597 0.214655 0.075636 0.973757 0.848059 -0.529892 0.003167 0.491007 -0.063041 0.868872 0.317701 -0.087972 0.944101 0.816265 -0.292293 0.498274 0.000740 1.000000 -0.000480 0.000239 1.000000 -0.000213 -0.513110 0.435913 -0.739390 -0.488611 0.680096 -0.546561 -0.325824 -0.194458 0.925216 -0.431514 -0.159414 0.887909 -0.267044 0.135225 0.954150 -0.107309 0.462350 0.880180 0.432743 0.655662 0.618741 0.619892 0.398618 0.675897 -0.253489 0.148144 0.955927 0.418533 0.517914 0.746053 0.582793 0.812618 0.001925 0.307784 -0.167463 0.936603 0.206734 -0.527437 0.824058 -0.594025 -0.804447 -0.000000 0.085533 -0.437285 -0.895246 0.041757 -0.345692 -0.937418 -0.322919 -0.677246 -0.661106 -0.182361 0.909592 0.373345 0.188641 0.468480 0.863099 0.183510 0.431440 0.883280 -0.511771 0.859122 0.000000 -0.905200 0.186523 -0.381867 -0.919483 0.393129 0.000000 -0.421583 -0.278073 -0.863101 -0.504627 -0.235308 -0.830651 -0.678120 0.722242 -0.136086 -0.865257 0.220029 -0.450463 0.983100 0.183069 0.000000 0.425188 0.247949 -0.870481 0.267402 0.044681 -0.962549 0.685477 0.319556 -0.654221 -0.436655 -0.100860 -0.893957 -0.998052 -0.062389 0.000000 -0.915052 0.177022 -0.362414 
						-0.519585 -0.255206 -0.815415 0.966668 -0.112371 -0.230056 0.587177 0.350629 -0.729577 -0.413707 0.121154 -0.902313 -0.831984 -0.243498 -0.498509 -0.002428 -0.438892 -0.898537 -0.082934 -0.231348 -0.969330 0.108026 0.207222 -0.972311 -0.002394 0.438892 -0.898537 0.079132 -0.234971 -0.968776 -0.111835 0.203527 -0.972661 0.361775 -0.566170 -0.740656 -0.141353 -0.430401 -0.891501 -0.431910 -0.177677 -0.884242 -0.227003 -0.087482 -0.969957 0.203483 0.429711 -0.879740 0.261892 0.050587 -0.963770 0.058447 0.360302 -0.931003 0.250632 -0.062589 -0.966057 -0.166749 -0.451028 -0.876794 0.436876 -0.095755 -0.894410 0.011077 0.298361 -0.954389 -0.081743 -0.456267 0.886081 0.015875 -0.101643 0.994694 -0.973294 -0.229561 0.000000 -0.480842 -0.071459 0.873891 -0.286396 0.520443 0.804435 -0.507125 -0.105656 0.855372 -0.575658 -0.542348 0.611944 0.701470 -0.291014 0.650577 0.516026 0.616986 0.594176 0.676380 -0.736552 0.000000 0.779939 0.104868 0.617007 0.391066 0.855989 0.338159 -0.113298 -0.000000 -0.993561 -0.113298 -0.000000 -0.993561 -1.000000 0.000000 0.000000 0.085869 -0.355264 -0.930814 -0.226453 -0.166661 -0.959658 -0.686655 0.185117 -0.703019 -0.477223 0.159682 -0.864153 0.092410 0.995721 0.000000 0.113298 0.000000 0.993561 0.113298 -0.000000 0.993561 -0.611326 -0.104391 0.784463 -0.563784 -0.000000 0.825922 -0.870206 -0.241050 0.429694 -0.077745 -0.532662 0.842749 0.470350 -0.231007 0.851708 -0.554363 0.829283 -0.070510 -0.886956 0.461853 0.000000 -0.986047 0.166467 0.000000 -0.948572 0.316257 0.013907 -0.937502 0.113603 -0.328914 0.016971 0.998788 -0.046205 -0.019940 0.999118 -0.036950 0.714653 0.649898 -0.258655 0.740863 0.632426 -0.226183 -0.542913 -0.035483 0.839039 -0.537677 -0.357170 0.763762 -0.537741 0.024495 0.842754 -0.465413 0.396781 0.791173 -0.096133 0.108532 0.989434 -0.501372 0.135604 0.854540 
						-0.577449 -0.066593 0.813707 -0.249266 -0.214671 0.944343 -0.109945 0.051831 0.992585 -0.068488 0.425555 0.902337 -0.011498 0.420621 0.907164 -0.106055 0.086417 0.990598 0.006632 0.999978 0.000008 0.323756 0.762277 0.560461 -0.487042 0.271497 0.830108 -0.197455 0.272975 0.941539 -0.619805 0.115105 0.776268 -0.875814 -0.201846 0.438415 -0.787262 -0.616618 -0.000937 -0.364944 -0.597072 0.714368 0.321920 -0.762793 0.560816 0.256212 -0.966621 0.000305 0.254755 0.545019 0.798783 -0.044822 0.444886 0.894465 -0.300005 0.257609 0.918496 -0.085847 -0.280559 0.955990 -0.083446 -0.407905 0.909203 0.215906 0.181723 -0.959355 0.449686 -0.103237 -0.887201 0.342334 -0.216118 -0.914386 -0.005136 -0.173866 -0.984756 -0.093564 -0.083355 0.992118 -0.061433 -0.455724 0.887999 0.297404 -0.204886 0.932509 -0.096330 -0.090001 0.991272 -0.112975 -0.099737 0.988579 0.361736 -0.125065 0.923854 -0.471448 -0.400589 0.785662 -0.448909 0.648584 0.614670 -0.541043 0.262500 0.798978 -0.542456 0.004983 0.840070 -0.743488 0.648115 0.164842 -0.758490 0.637949 0.133094 -0.203605 0.979048 -0.003213 0.040591 -0.999176 0.000641 0.720431 -0.239332 -0.650922 0.493710 -0.426332 -0.757953 0.990045 -0.139883 0.015623 0.996529 -0.081752 0.015726 0.712362 -0.293222 0.637622 0.119177 -0.015554 -0.992751 0.093464 -0.193399 -0.976658 0.109260 -0.308574 -0.944904 0.118055 -0.016441 -0.992871 0.104143 0.121962 -0.987056 -0.133690 0.368373 -0.920016 0.064272 -0.997709 -0.021128 -0.292856 -0.794891 -0.531398 -0.017805 -0.134727 -0.990723 -0.003377 -0.284579 -0.958647 0.306647 -0.312530 -0.899051 0.024606 -0.143849 -0.989294 0.413738 -0.226035 -0.881890 0.781566 0.115013 -0.613129 0.879774 0.473637 -0.040813 0.302076 -0.345507 -0.888468 -0.235592 0.894579 -0.379770 -0.474538 0.879234 0.041961 0.709705 -0.704491 0.003356 0.485780 0.202496 0.850302 
						0.280873 0.084528 0.956015 0.753853 -0.155713 0.638325 0.413190 0.723157 -0.553460 0.407417 0.911275 0.059913 0.024908 0.273803 -0.961463 0.025765 0.109350 -0.993669 -0.022081 -0.998739 -0.045088 0.342885 -0.724231 -0.598264 -0.422884 -0.607252 -0.672618 -0.039649 0.109648 -0.993179 -0.475069 -0.348654 -0.807930 0.032651 -0.150279 -0.988104 0.515818 0.270950 0.812722 0.423352 0.334238 0.842056 -0.546039 0.045825 0.836505 0.496489 0.101199 0.862124 -0.317363 0.219047 0.922659 -0.011797 0.153596 0.988063 0.100390 -0.188886 0.976854 0.388390 -0.122092 0.913371 0.257059 0.083115 -0.962815 0.540125 0.117198 -0.833384 0.980053 0.145710 -0.135146 0.169538 0.370041 0.913415 0.177311 0.396982 0.900536 -0.092400 -0.411752 0.906600 -0.067346 -0.340049 0.937993 -0.187085 0.373876 -0.908414 -0.188771 0.383622 -0.903991 -0.345596 0.937172 0.047657 0.053271 -0.336580 -0.940147 0.083678 -0.421826 -0.902807 -0.458674 0.000000 -0.888604 -0.458674 0.000000 -0.888604 -0.990626 -0.000000 0.136604 -0.247011 0.288147 0.925180 -0.206818 0.260875 0.942958 0.388226 -0.191520 0.901444 0.283690 -0.263864 0.921898 0.335841 0.940780 -0.046311 0.389432 -0.000000 -0.921055 0.389432 -0.000000 -0.921055 0.848386 0.088427 -0.521941 -0.259116 -0.473106 -0.842039 0.000343 -0.322915 -0.946428 -0.279827 0.234008 -0.931094 -0.306553 0.769309 -0.560526 0.020534 0.999786 0.002357 0.331773 0.783758 0.525024 0.338457 0.211646 0.916871 0.950320 -0.291530 0.109094 0.931496 -0.168193 0.322531 0.115360 0.001607 -0.993322 0.535046 -0.011498 -0.844745 0.718961 -0.102458 -0.687457 0.568870 -0.209633 -0.795262 -0.847243 -0.434437 0.305685 -0.885193 -0.074858 0.459162 -0.423772 -0.605197 0.673910 -0.684392 -0.571266 0.453059 -0.899518 -0.101124 0.425020 -0.903440 0.007668 -0.428646 0.913292 0.136552 -0.383734 -0.618637 -0.134611 0.774059 
						0.844564 -0.373280 -0.383893 0.776583 -0.455933 -0.434791 0.819005 0.244018 -0.519312 0.153201 -0.980210 0.125373 0.032906 -0.959275 -0.280552 0.770938 -0.464427 -0.435846 0.899623 -0.058903 -0.432677 -0.818172 0.216480 0.532664 -0.196871 -0.967145 -0.160847 -0.902005 -0.052523 0.428519 -0.056305 -0.871386 0.487357 -0.751557 -0.129498 0.646832 -0.876621 0.416273 -0.241355 0.517214 0.262963 -0.814457 0.401753 0.172483 -0.899357 0.851855 -0.260760 -0.454255 0.059892 -0.018217 0.998039 0.498915 -0.018488 0.866454 0.591249 0.074477 0.803043 0.322120 0.194487 0.926506 0.929881 0.085683 -0.357742 0.930707 0.151735 -0.332807 0.808920 -0.416652 -0.414790 0.757946 -0.498652 -0.420553 0.191205 0.120033 -0.974183 0.504559 0.076450 -0.859986 0.675545 0.183999 -0.713991 0.570637 0.248258 -0.782778 -0.967682 0.012472 0.251867 -0.969548 0.100078 0.223519 -0.819695 0.547099 -0.169652 -0.723783 0.672603 0.154089 -0.857828 0.513935 -0.001021 -0.294175 0.806575 -0.512735 -0.470158 -0.369808 0.801370 -0.801539 -0.396463 0.447608 0.490982 0.022787 -0.870872 0.770604 0.268302 -0.578086 0.733963 0.679189 0.000874 0.767998 0.628320 -0.124069 0.206292 0.911382 0.356126 0.727636 0.685963 0.000866 -0.189247 -0.042905 -0.980992 -0.209354 -0.053844 -0.976356 0.273147 -0.019439 -0.961776 -0.968793 -0.025613 0.246545 -0.897534 0.367828 0.243176 -0.909438 -0.126802 0.396035 0.916652 0.041377 0.397539 -0.809647 -0.433885 0.395241 -0.880793 -0.384862 0.275836 -0.430425 -0.846296 0.313875 -0.180445 -0.710457 0.680214 0.692441 0.682985 -0.232503 0.893454 -0.327349 -0.307542 0.889092 0.269768 -0.369784 0.919538 0.153753 -0.361677 0.292815 -0.186464 0.937812 0.589076 -0.083618 0.803740 -0.885839 0.145083 0.440727 0.793740 -0.114729 0.597340 0.977313 -0.069502 0.200072 0.621868 -0.161642 0.766258 0.929028 -0.010978 -0.369847 
						0.878821 -0.327527 -0.346986 -0.419910 0.906896 0.034857 0.525800 0.843559 -0.109283 0.007723 0.114952 -0.993341 -0.402752 0.135497 -0.905225 -0.212606 0.034462 -0.976530 -0.341693 0.254093 -0.904811 -0.964258 -0.028363 0.263442 -0.876534 -0.386916 0.286330 -0.494627 -0.869059 0.008973 -0.586174 -0.736776 0.336989 0.874319 -0.041621 -0.483564 0.946340 0.258659 0.193742 -0.005342 -0.762746 0.646676 -0.837003 -0.291893 0.462845 0.070593 -0.430611 -0.899773 0.820984 0.120683 -0.558050 0.853555 0.220552 -0.472017 0.006353 -0.520736 -0.853694 0.809036 -0.421928 0.409192 0.539474 -0.040158 0.841044 -0.279666 -0.059215 -0.958270 -0.061174 0.181577 -0.981472 0.476311 -0.858761 -0.188830 0.114424 -0.955769 -0.270947 -0.476720 0.832600 0.281985 -0.619664 0.784474 -0.024857 -0.351477 -0.807090 -0.474416 -0.056220 -0.987376 -0.148080 0.141177 -0.542419 -0.828161 0.672256 0.400731 0.622484 0.006212 0.102135 0.994751 0.828360 0.502821 0.246962 0.154812 0.689352 0.707691 0.851447 -0.449420 -0.270295 0.902967 -0.326866 -0.278944 0.849928 0.244234 -0.466876 0.860171 0.278655 -0.427151 0.395696 -0.366690 -0.842000 0.086096 -0.181979 -0.979526 -0.250041 0.314307 -0.915801 -0.018582 -0.016100 -0.999698 0.725238 0.413674 -0.550367 0.933154 -0.010981 0.359309 0.949643 0.281242 0.138137 0.555898 0.435783 -0.707863 -0.054827 -0.087308 -0.994671 -0.020900 0.050810 -0.998490 0.569642 0.736667 -0.364458 0.925735 0.087566 -0.367894 0.793231 0.386217 0.470767 0.959560 -0.045520 -0.277800 0.037572 -0.986637 0.158545 0.143124 -0.977683 -0.153792 0.217244 0.764555 -0.606845 -0.241288 -0.566925 -0.787639 0.909586 -0.393995 -0.131987 0.785038 -0.613746 0.083851 0.578521 -0.580784 -0.572715 -0.090457 0.959693 0.266097 -0.885423 0.461082 0.058555 -0.847091 0.524881 0.083288 -0.180741 0.578409 0.795472 -0.634621 0.218032 0.741430 
						-0.346650 0.093535 0.933320 -0.321778 0.589463 0.740940 -0.877355 0.435311 0.201873 0.202190 -0.975113 -0.090959 -0.573919 0.783398 0.238546 -0.860165 0.476882 0.180830 0.843760 0.351424 0.405673 0.853301 -0.424374 -0.302959 -0.815804 -0.355000 0.456551 -0.561063 -0.667612 0.489390 0.158764 0.703729 0.692502 0.821595 0.286157 0.493048 0.446830 -0.484388 0.752138 0.901782 -0.432188 -0.001467 0.874256 -0.469901 -0.121939 0.195411 -0.381371 0.903532 -0.752725 0.566803 0.334873 -0.687841 0.725322 0.027971 -0.277248 0.768044 0.577272 0.091280 0.924429 0.370269 -0.889378 0.438175 -0.130420 -0.966094 0.209080 0.151485 -0.452710 0.876403 0.164228 -0.703603 -0.262823 0.660202 -0.570163 -0.386035 0.725183 0.128595 0.468942 0.873817 -0.711412 -0.614774 0.340508 0.045245 0.488502 -0.871389 0.519110 0.779783 -0.349946 -0.447255 0.109641 -0.887661 0.530843 0.495266 -0.687690 -0.901303 -0.398815 -0.169116 -0.822375 -0.512526 -0.247015 -0.887247 -0.456200 -0.068374 -0.629499 -0.766133 0.129503 -0.829399 -0.359341 0.427751 -0.919229 -0.311991 -0.240166 -0.730502 -0.436986 0.524796 -0.795364 0.590012 0.138857 -0.949885 0.304475 0.070801 -0.799270 -0.600969 -0.002084 -0.762419 -0.644564 -0.057048 -0.924104 -0.334465 -0.184836 -0.724770 0.137723 -0.675086 -0.739034 -0.657012 -0.148876 0.009136 -0.707103 -0.707051 0.342435 -0.589275 -0.731774 -0.790740 -0.602265 -0.109581 0.645303 0.314072 -0.696378 -0.385550 -0.197255 -0.901356 -0.804149 0.232665 0.547002 -0.043436 -0.767091 0.640067 0.510934 0.441315 -0.737691 -0.524706 -0.547005 0.652280 -0.924156 -0.381655 -0.016558 0.815289 -0.211631 0.538996 -0.326149 0.296402 0.897648 0.178355 -0.255087 0.950326 0.863898 -0.200659 0.461971 -0.955757 0.231326 -0.181704 -0.877940 -0.136037 0.459037 -0.785138 0.406600 -0.467156 -0.416864 0.908685 0.022709 -0.870947 0.476187 -0.121230 
						-0.686530 0.682934 -0.249555 -0.123625 0.622083 -0.773129 -0.940033 0.301141 -0.160164 0.768534 0.416810 -0.485412 0.697661 0.463738 -0.546091 -0.081561 0.297238 0.951314 0.144476 -0.021628 0.989272 -0.846759 -0.292841 0.444122 -0.606804 -0.314326 0.730061 0.144615 -0.205889 0.967831 -0.813254 -0.314499 0.489600 -0.893543 0.153680 -0.421857 -0.925438 0.035896 -0.377196 0.955148 -0.243814 0.168068 0.862639 -0.505666 -0.012472 0.987305 0.083196 0.135302 0.702189 0.711403 0.028925 -0.849149 0.426639 0.311327 -0.950067 0.268918 0.158291 -0.961733 -0.152887 -0.227366 0.813360 0.483393 0.323693 -0.977892 0.051458 -0.202682 
					</float_array>
					<technique_common>
						<accessor count="470" offset="0" source="#meshId2-bitangents-array" stride="3">
							<param name="X" type="float" />
							<param name="Y" type="float" />
							<param name="Z" type="float" />
						</accessor>
					</technique_common>
				</source>
				<source id="meshId2-tex0" name="meshId2-tex0">
					<float_array id="meshId2-tex0-array" count="940"> 
						0.879527 0.302236 0.885875 0.248184 0.891415 0.251982 0.893665 0.299307 0.389748 0.815640 0.401589 0.745002 0.409068 0.749100 0.409068 0.811417 0.950801 0.668335 0.962031 0.614902 0.967557 0.618233 0.965448 0.664338 0.613999 0.736123 0.627074 0.666339 0.634459 0.670546 0.633285 0.732203 0.877635 0.326472 0.893665 0.315087 0.634459 0.741046 0.610426 0.751424 0.967557 0.680657 0.950987 0.692438 0.864379 0.312319 0.866828 0.296770 0.976270 0.788218 0.980507 0.798725 0.974437 0.801562 0.970231 0.794845 0.426965 0.271953 0.415646 0.271931 0.419108 0.265861 0.427437 0.266249 0.967947 0.855924 0.980507 0.860244 0.373065 0.805283 0.393265 0.746409 0.427437 0.277983 0.419108 0.278550 0.879699 0.250874 0.392842 0.743469 0.403129 0.738494 0.597254 0.725637 0.618646 0.667667 0.223069 0.623060 0.227124 0.605951 0.247951 0.603136 0.254884 0.610426 0.879115 0.110725 0.870053 0.122912 0.848307 0.122230 0.846597 0.099692 0.742079 0.883301 0.720052 0.897478 0.712874 0.864874 0.730209 0.865471 0.879115 0.096475 0.861313 0.084285 0.763892 0.614996 0.775932 0.642971 0.761176 0.647926 0.748167 0.635242 0.024007 0.659647 0.020444 0.629894 0.041794 0.642157 
						0.037737 0.658481 0.785847 0.622733 0.787429 0.639211 0.009872 0.661462 0.001800 0.646435 0.849743 0.614222 0.870791 0.619848 0.870791 0.670569 0.849743 0.676638 0.829164 0.619781 0.829164 0.670501 0.727481 0.819458 0.742079 0.828565 0.787429 0.694613 0.770519 0.689891 0.235656 0.544090 0.254884 0.552867 0.213773 0.547117 0.206839 0.597386 0.041794 0.701675 0.029000 0.712801 0.013929 0.704656 0.417383 0.946105 0.435170 0.944565 0.435170 0.972699 0.284268 0.938325 0.260670 0.945521 0.262561 0.924011 0.275352 0.920111 0.652960 0.396833 0.673122 0.382339 0.673122 0.411411 0.644000 0.378093 0.654929 0.370237 0.677837 0.983294 0.660517 0.983294 0.669119 0.953635 0.637029 0.941101 0.656937 0.945169 0.652320 0.964408 0.641529 0.962203 0.284268 0.963900 0.400362 0.996346 0.383060 0.996346 0.387673 0.978787 0.397051 0.978787 0.411743 0.959254 0.641383 0.404543 0.637726 0.382272 0.656937 0.972795 0.647587 0.973744 0.392381 0.967280 0.384425 0.967524 0.639477 0.969227 0.826115 0.223361 0.849107 0.221182 0.849107 0.233745 0.829725 0.238517 0.348715 0.492735 0.342092 0.512211 0.322400 0.500074 0.322748 0.478996 0.220668 0.675787 0.219465 0.695529 
						0.208086 0.694493 0.206125 0.673936 0.486798 0.214713 0.487788 0.235620 0.464695 0.232718 0.456622 0.214415 0.488710 0.259814 0.458460 0.238070 0.515839 0.234380 0.510250 0.229789 0.233216 0.695426 0.236012 0.711542 0.219987 0.730978 0.365002 0.516091 0.370258 0.522382 0.335129 0.534448 0.230084 0.631108 0.238304 0.633446 0.238304 0.675131 0.488168 0.153662 0.475397 0.154122 0.871349 0.792279 0.871349 0.843897 0.862008 0.844083 0.854744 0.788385 0.515839 0.209295 0.498383 0.152722 0.940151 0.809277 0.944621 0.867202 0.927376 0.863232 0.931310 0.808887 0.377723 0.501092 0.356300 0.429410 0.365714 0.433316 0.377723 0.437489 0.828098 0.205309 0.847862 0.208352 0.372420 0.418483 0.486450 0.138121 0.853262 0.847218 0.838620 0.798289 0.933420 0.788518 0.865381 0.864116 0.944621 0.804288 0.488720 0.566958 0.486563 0.598805 0.475482 0.604349 0.454252 0.592550 0.455939 0.567651 0.477004 0.548166 0.546049 0.004595 0.571741 0.019807 0.562087 0.041867 0.544435 0.036914 0.520796 0.030747 0.529339 0.042021 0.968136 0.180141 0.966797 0.158076 0.979452 0.139559 0.981202 0.175263 0.447494 0.542503 0.474057 0.529141 0.938728 0.247902 0.945682 0.272564 
						0.931553 0.286022 0.922185 0.275170 0.571741 0.092103 0.545633 0.106695 0.543938 0.078241 0.562002 0.073159 0.467576 0.631085 0.442591 0.614663 0.488720 0.616762 0.529325 0.074353 0.981202 0.223516 0.966750 0.207147 0.480045 0.891927 0.478250 0.870667 0.488463 0.845585 0.493490 0.907215 0.945682 0.319926 0.929148 0.310440 0.506440 0.865428 0.506440 0.892238 0.820576 0.948046 0.808669 0.945630 0.815942 0.933676 0.355760 0.952527 0.338974 0.952068 0.333216 0.912679 0.355760 0.913296 0.110906 0.925023 0.094005 0.925615 0.108964 0.914548 0.110906 0.964030 0.088209 0.964825 0.984204 0.723695 0.972417 0.723695 0.978137 0.706244 0.584585 0.965482 0.570773 0.964777 0.564398 0.935786 0.582948 0.936733 0.354183 0.963677 0.985915 0.760850 0.970085 0.760850 0.826796 0.940548 0.826796 0.981652 0.810805 0.978408 0.973428 0.053444 0.992456 0.057732 0.969499 0.065686 0.992456 0.073516 0.973428 0.078983 0.572328 0.920722 0.584585 0.924504 0.938113 0.881320 0.938951 0.953685 0.932150 0.955766 0.929070 0.890145 0.728127 0.699708 0.731342 0.615908 0.744960 0.631503 0.741157 0.698401 0.737656 0.804858 0.727231 0.725119 0.745315 0.723935 0.745315 0.796393 
						0.772211 0.265174 0.778030 0.345130 0.757902 0.278909 0.773628 0.248987 0.788359 0.257605 0.785196 0.266556 0.756114 0.271317 0.714074 0.685862 0.730191 0.715798 0.712960 0.693342 0.744960 0.707259 0.727806 0.798896 0.721204 0.729638 0.947060 0.890194 0.947060 0.955807 0.788359 0.333174 0.807776 0.670215 0.808628 0.693250 0.796062 0.692525 0.792407 0.672938 0.079192 0.324147 0.095926 0.312144 0.104878 0.333446 0.092316 0.350393 0.578734 0.315996 0.575763 0.296441 0.587107 0.295073 0.593342 0.314762 0.343138 0.099340 0.362153 0.108167 0.348860 0.127236 0.328871 0.125880 0.384053 0.118579 0.350717 0.135232 0.374070 0.082792 0.367402 0.085602 0.562340 0.299419 0.556220 0.284246 0.567806 0.261889 0.079546 0.295693 0.078934 0.287525 0.114544 0.298092 0.594624 0.387737 0.555836 0.387737 0.561628 0.320328 0.274858 0.062308 0.264967 0.084407 0.790768 0.614937 0.808753 0.616433 0.351807 0.071151 0.283226 0.043477 0.291702 0.025023 0.360683 0.067959 0.060458 0.300515 0.034942 0.397075 0.020972 0.376615 0.004933 0.352789 0.825718 0.673233 0.821533 0.692751 0.825718 0.615247 0.698243 0.349181 0.707404 0.261198 0.712798 0.343401 0.114544 0.393378 
						0.034942 0.397075 0.019654 0.375639 0.101258 0.375665 0.578143 0.834387 0.583305 0.914977 0.572612 0.915076 0.568710 0.846814 0.366521 0.024889 0.283226 0.043477 0.291702 0.025023 0.359740 0.011399 0.695980 0.371698 0.712798 0.355935 0.369383 0.005823 0.384053 0.019535 0.971824 0.783733 0.970153 0.768662 0.987493 0.764186 0.986873 0.783733 0.683630 0.352123 0.686069 0.339908 0.592695 0.843420 0.592695 0.912234 0.110071 0.407850 0.040826 0.406606 0.356542 0.044653 0.277041 0.059108 0.033125 0.543237 0.051612 0.622306 0.017150 0.548997 0.364836 0.902497 0.368669 0.824254 0.381530 0.823661 0.372186 0.894987 0.095756 0.374565 0.034942 0.397075 0.020972 0.376615 0.078770 0.359965 0.005025 0.550204 0.031096 0.622593 0.015312 0.622544 0.002223 0.562624 0.855359 0.477438 0.863625 0.466597 0.877806 0.473739 0.874734 0.484166 0.863327 0.493246 0.877806 0.496304 0.085256 0.347768 0.109715 0.361349 0.381530 0.908403 0.373221 0.924766 0.099093 0.385944 0.040826 0.406606 0.014990 0.368080 0.051612 0.550608 0.200560 0.670873 0.200560 0.771539 0.189207 0.682644 0.305965 0.816700 0.306601 0.744948 0.320468 0.808775 0.685864 0.091919 0.683589 0.013881 
						0.702875 0.019090 0.700987 0.085509 0.824316 0.065178 0.837267 0.004057 0.843759 0.016532 0.836260 0.061861 0.191485 0.652484 0.181540 0.674181 0.843759 0.083445 0.830245 0.094202 0.702875 0.092853 0.686563 0.107445 0.887646 0.593208 0.887646 0.608372 0.872563 0.607143 0.866821 0.585722 0.670153 0.077509 0.676912 0.004627 0.296786 0.808213 0.296215 0.757621 0.328469 0.720845 0.328469 0.803862 0.813215 0.057866 0.933506 0.201475 0.925206 0.148137 0.946862 0.138610 0.946862 0.190493 0.136634 0.835536 0.136634 0.910165 0.134289 0.900810 0.128993 0.844529 0.341286 0.898489 0.347929 0.822880 0.359436 0.846309 0.350647 0.902728 0.896744 0.576959 0.915625 0.503351 0.906750 0.573637 0.955649 0.494491 0.941846 0.481739 0.945145 0.461569 0.955649 0.466929 0.915625 0.582884 0.903575 0.592459 0.823744 0.350386 0.823744 0.363668 0.805530 0.371061 0.809112 0.351794 0.116501 0.842359 0.123722 0.824852 0.333374 0.879031 0.359436 0.906616 0.124901 0.897622 0.891584 0.566377 0.892988 0.515105 0.953439 0.051963 0.947388 0.011001 0.960310 0.016668 0.962885 0.049233 0.604731 0.912356 0.596482 0.954577 0.599002 0.920137 0.616517 0.910474 0.616517 0.970090 
						0.613024 0.915268 0.984537 0.787434 0.992336 0.842021 0.981557 0.826241 0.992336 0.789646 0.957493 0.068043 0.967558 0.059049 0.941681 0.691554 0.927285 0.689621 0.937006 0.680807 0.946008 0.683088 0.946008 0.700159 0.937006 0.699531 0.247471 0.452362 0.252493 0.443568 0.258913 0.455334 0.253660 0.471687 0.132554 0.628727 0.139288 0.627751 0.139287 0.688876 0.258913 0.406304 0.967558 0.002930 
					</float_array>
					<technique_common>
						<accessor count="470" offset="0" source="#meshId2-tex0-array" stride="2">
							<param name="S" type="float" />
							<param name="T" type="float" />
						</accessor>
					</technique_common>
				</source>
				<vertices id="meshId2-vertices">
					<input semantic="POSITION" source="#meshId2-positions" />
				</vertices>
				<polylist count="352" material="defaultMaterial">
					<input offset="0" semantic="VERTEX" source="#meshId2-vertices" />
					<input offset="0" semantic="NORMAL" source="#meshId2-normals" />
					<input offset="0" semantic="TANGENT" source="#meshId2-tangents" />
					<input offset="0" semantic="BINORMAL" source="#meshId2-bitangents" />
					<input offset="0" semantic="TEXCOORD" source="#meshId2-tex0" set="0" />
					<vcount>
						3 3 3 3 3 3 3 3 3 3 3 3 3 3 3 3 3 3 3 3 3 3 3 3 3 3 3 3 3 3 3 3 3 3 3 3 3 3 3 3 3 3 3 3 3 3 3 3 3 3 3 3 3 3 3 3 3 3 3 3 3 3 3 3 
						3 3 3 3 3 3 3 3 3 3 3 3 3 3 3 3 3 3 3 3 3 3 3 3 3 3 3 3 3 3 3 3 3 3 3 3 3 3 3 3 3 3 3 3 3 3 3 3 3 3 3 3 3 3 3 3 3 3 3 3 3 3 3 3 
						3 3 3 3 3 3 3 3 3 3 3 3 3 3 3 3 3 3 3 3 3 3 3 3 3 3 3 3 3 3 3 3 3 3 3 3 3 3 3 3 3 3 3 3 3 3 3 3 3 3 3 3 3 3 3 3 3 3 3 3 3 3 3 3 
						3 3 3 3 3 3 3 3 3 3 3 3 3 3 3 3 3 3 3 3 3 3 3 3 3 3 3 3 3 3 3 3 3 3 3 3 3 3 3 3 3 3 3 3 3 3 3 3 3 3 3 3 3 3 3 3 3 3 3 3 3 3 3 3 
						3 3 3 3 3 3 3 3 3 3 3 3 3 3 3 3 3 3 3 3 3 3 3 3 3 3 3 3 3 3 3 3 3 3 3 3 3 3 3 3 3 3 3 3 3 3 3 3 3 3 3 3 3 3 3 3 3 3 3 3 3 3 3 3 
						3 3 3 3 3 3 3 3 3 3 3 3 3 3 3 3 3 3 3 3 3 3 3 3 3 3 3 3 3 3 3 3 
					</vcount>
					<p>
						3 0 1 1 2 3 7 4 5 5 6 7 11 8 9 9 10 11 15 12 13 13 14 15 17 16 0 0 3 17 15 18 19 19 12 15 8 11 20 20 21 8 16 22 23 23 0 16 27 24 25 25 26 27 31 28 29 29 30 31 33 32 26 26 25 33 4 34 35 35 5 4 28 36 37 37 29 28 0 23 38 38 1 0 40 5 35 35 39 40 12 41 42 42 13 12 46 43 44 44 45 46 50 47 48 48 49 50 54 51 52 52 53 54 56 55 47 47 50 56 60 57 58 58 59 60 64 61 62 62 63 64 57 65 66 66 58 57 61 67 68 68 62 61 72 69 70 70 71 72 74 73 69 69 72 74 53 75 76 76 54 53 78 59 58 58 77 78 44 79 80 80 45 44 82 81 79 79 44 82 84 61 64 64 83 84 85 67 61 61 84 85 
						86 87 88 92 89 90 90 91 92 93 94 95 97 94 93 93 96 97 98 99 100 104 101 102 102 103 104 90 89 105 109 106 107 107 108 109 110 86 88 96 93 111 111 112 96 103 113 114 109 108 115 108 116 115 104 103 114 117 104 114 121 118 119 119 120 121 125 122 123 123 124 125 129 126 127 127 128 129 133 130 131 131 132 133 131 134 135 135 132 131 137 136 134 134 131 137 127 138 139 139 140 127 143 123 141 141 142 143 126 144 145 145 146 126 148 147 130 130 133 148 152 149 150 150 151 152 130 153 137 137 131 130 154 153 130 130 147 154 126 146 138 138 127 126 158 155 156 156 157 158 122 159 141 141 123 122 122 125 160 160 161 122 162 159 122 122 161 162 118 163 164 164 119 118 162 161 165 154 147 166 161 160 165 147 148 166 168 152 151 151 167 168 
						155 158 169 151 150 170 171 155 169 167 151 170 177 172 173 177 173 174 177 174 175 175 176 177 181 178 179 179 180 181 183 182 178 178 181 183 187 184 185 185 186 187 189 177 176 176 188 189 193 190 191 191 192 193 197 194 195 195 196 197 199 175 174 174 198 199 198 174 173 173 200 198 181 180 197 181 197 196 181 196 201 201 183 181 184 187 202 202 203 184 207 204 205 205 206 207 192 191 208 208 209 192 211 207 206 206 210 211 212 213 214 218 215 216 216 217 218 219 220 221 223 220 219 219 222 223 224 225 226 230 227 228 228 229 230 216 215 231 233 225 224 224 232 233 234 212 214 236 213 212 212 235 236 237 238 239 238 240 239 240 241 239 230 229 242 243 230 242 247 244 245 245 246 247 251 248 249 249 250 251 255 252 253 253 254 255 256 257 258 256 259 260 
						260 261 256 258 262 259 259 256 258 265 263 248 248 264 265 264 248 251 251 266 264 252 267 268 268 253 252 263 249 248 244 269 270 270 245 244 256 261 271 271 257 256 275 272 273 273 274 275 279 276 277 277 278 279 283 280 281 281 282 283 287 284 285 285 286 287 285 288 289 289 286 285 291 290 288 288 285 291 281 292 293 293 294 281 297 277 295 295 296 297 280 298 299 299 300 280 302 301 284 284 287 302 272 275 303 303 304 272 284 305 291 291 285 284 306 305 284 284 301 306 280 300 292 292 281 280 306 307 308 308 305 306 276 309 295 295 277 276 276 279 310 310 311 276 312 309 276 276 311 312 272 313 314 314 273 272 313 272 304 304 315 313 316 317 318 322 319 320 320 321 322 326 323 324 324 325 326 330 327 328 328 329 330 332 331 316 316 318 332 330 333 334 
						334 327 330 338 335 336 336 337 338 331 339 340 340 316 331 323 341 342 342 324 323 319 343 344 344 320 319 340 317 316 327 345 346 346 328 327 347 348 349 353 350 351 351 352 353 357 354 355 355 356 357 361 358 359 359 360 361 365 362 363 363 364 365 367 366 362 362 365 367 354 357 368 368 369 354 371 350 353 353 370 371 354 372 373 373 355 354 368 357 356 356 374 368 375 348 347 358 349 348 348 359 358 376 377 378 379 380 381 385 382 383 383 384 385 389 386 387 387 388 389 391 390 376 376 378 391 389 392 393 393 386 389 382 385 394 394 395 382 399 396 397 397 398 399 382 400 401 401 383 382 379 402 403 403 380 379 405 381 380 380 404 405 406 387 386 410 407 408 408 409 410 414 411 412 412 413 414 418 415 416 416 417 418 419 420 421 425 422 423 423 424 425 
						421 426 427 427 419 421 431 428 429 429 430 431 433 411 414 414 432 433 434 416 415 418 417 435 432 414 413 413 436 432 419 437 438 438 420 419 442 439 440 440 441 442 443 444 445 448 446 447 447 444 448 449 450 451 449 451 452 454 453 439 439 442 454 458 455 456 456 457 458 455 459 460 460 456 455 464 461 462 462 463 464 465 466 467 448 444 443 462 468 463 454 442 441 441 469 454 
					</p>
				</polylist>
			</mesh>
		</geometry>
		<geometry id="meshId3" name="meshId3_name" >
			<mesh>
				<source id="meshId3-positions" name="meshId3-positions">
					<float_array id="meshId3-positions-array" count="1410"> 
						-1.285943 -6.686781 3.216880 -0.980681 -6.692615 0.265772 -0.949084 -6.902587 0.390449 -1.203120 -7.173969 2.924889 -0.762269 -6.168158 3.224321 -0.756463 -6.465543 0.272363 -0.949084 -6.482657 0.390449 -1.203120 -6.212057 2.924889 -0.243703 -6.693005 3.241352 -0.529901 -6.689922 0.275587 -0.562983 -6.481584 0.385731 -0.323197 -6.214504 2.914138 -0.762269 -7.217853 3.224322 -0.756463 -6.919685 0.272363 -0.562983 -6.903660 0.385731 -0.323197 -7.171522 2.914138 -0.764868 -6.692954 3.848328 -0.762269 -7.217853 3.224322 -0.243703 -6.693005 3.241352 -0.764868 -6.692954 3.848328 -0.762269 -6.168158 3.224321 -0.764868 -6.692954 3.848328 -0.762269 -6.168158 3.224321 -1.203120 -6.212057 2.924889 -0.755343 -6.692592 0.004146 -0.529901 -6.689922 0.275587 -0.562983 -6.903660 0.385731 -0.756463 -6.919685 0.272363 -0.980681 -6.692615 0.265772 -0.755343 -6.692592 0.004146 -0.756463 -6.919685 0.272363 -0.949084 -6.902587 0.390449 -0.323197 -7.171522 2.914138 -0.243703 -6.693005 3.241352 -0.323197 -6.214504 2.914138 -0.562983 -6.481584 0.385731 -0.949084 -6.482657 0.390449 -0.756463 -6.465543 0.272363 -0.949084 -6.482657 0.390449 -0.529901 -6.689922 0.275587 -0.755343 -6.692592 0.004146 -1.203120 -7.173969 2.924889 -0.949084 -6.902587 0.390449 -5.997027 -6.696616 0.012092 -5.997027 -5.978972 0.711801 -5.497027 -6.196617 0.953768 -5.279384 -6.696616 0.711801 -6.714673 -6.696616 0.711801 -6.497028 -6.196617 0.953768 -5.997027 -5.978972 0.711801 -5.997027 -6.696616 0.012092 -5.997027 -7.414261 0.711801 -5.997027 -6.696616 0.012092 -5.279384 -6.696616 0.711801 -5.497027 -7.196616 0.953768 -6.497028 -7.196616 0.953768 -5.997027 -7.414261 0.711801 -5.997027 -6.696617 3.994059 -5.279384 -6.696616 3.294349 -5.497027 -6.196617 3.052382 -5.997027 -5.978972 3.294349 -6.714673 -6.696616 3.294349 -5.997027 -6.696617 3.994059 -5.997027 -5.978972 3.294349 
						-6.497028 -6.196617 3.052382 -5.997027 -7.414261 3.294349 -5.497027 -7.196616 3.052382 -6.497028 -7.196616 3.052382 -5.997027 -7.414261 3.294349 -5.997027 -7.414261 3.294349 -6.497028 -7.196616 3.052382 -6.497028 -7.196616 0.953768 -5.997027 -7.414261 0.711801 -5.497027 -7.196616 3.052382 -5.497027 -7.196616 0.953768 -5.279384 -6.696616 3.294349 -5.497027 -7.196616 3.052382 -5.279384 -6.696616 0.711801 -5.497027 -6.196617 0.953768 -5.997027 -5.978972 3.294349 -5.497027 -6.196617 3.052382 -6.497028 -6.196617 3.052382 -6.497028 -6.196617 0.953768 -6.497028 -6.196617 0.953768 -6.714673 -6.696616 0.711801 -6.497028 -7.196616 0.953768 -3.924333 -6.696616 1.141336 -4.287607 -6.196621 1.141339 -4.450063 -6.696616 2.131845 -4.287607 -7.196611 1.141339 -4.875384 -7.005628 1.141339 -4.680602 -6.864110 0.303116 -4.362006 -6.967631 0.303117 -4.287607 -6.196621 1.141339 -4.875384 -6.387605 1.141339 -4.450063 -6.696616 2.131845 -4.362006 -6.425601 0.303117 -4.680602 -6.529121 0.303116 -4.875384 -6.387605 1.141339 -4.875384 -7.005628 1.141339 -4.450063 -6.696616 2.131845 -3.924333 -6.696616 1.141336 -4.287607 -7.196611 1.141339 -4.362006 -6.967631 0.303117 -4.165099 -6.696616 0.303115 -4.450063 -6.696616 2.131845 -4.875384 -7.005628 1.141339 -4.875384 -6.387605 1.141339 -4.680602 -6.529121 0.303116 -4.680602 -6.864110 0.303116 -4.287607 -7.196611 1.141339 -3.924333 -6.696616 1.141336 -4.165099 -6.696616 0.303115 -4.680602 -6.864110 0.303116 -4.450064 -6.696616 0.039460 -4.450064 -6.696616 0.039460 -4.362006 -6.425601 0.303117 -4.362006 -6.425601 0.303117 -3.719085 -6.652466 3.160184 -3.520561 -6.693571 4.066745 -3.374434 -6.239109 3.884384 -3.542548 -6.099580 3.114041 -2.821665 -6.023623 3.210134 -2.826116 -6.214351 4.066745 -2.277799 -6.239109 3.884384 -2.114661 -6.111979 3.059221 -1.942991 -6.693921 3.312260 -2.139327 -6.693571 4.066745 
						-2.277799 -7.148032 3.884384 -2.114661 -7.275861 3.059221 -2.821665 -7.364217 3.210134 -2.826116 -7.172790 4.066745 -3.374434 -7.148032 3.884384 -3.542548 -7.288260 3.114041 -2.829944 -6.693571 5.044877 -3.520561 -6.693571 4.066745 -2.139327 -6.693571 4.066745 -2.277799 -7.148032 3.884384 -2.277799 -6.239109 3.884384 -2.826116 -6.214351 4.066745 -2.829944 -6.693571 5.044877 -3.374434 -6.239109 3.884384 -3.520561 -6.693571 4.066745 -2.829944 -6.693571 5.044877 -2.333219 -6.693570 0.674887 -2.435454 -6.415336 0.662168 -2.114661 -6.111979 3.059221 -2.682566 -7.001728 0.675327 -2.989951 -7.022030 0.661402 -3.542548 -6.099580 3.114041 -2.989951 -6.365110 0.661402 -3.027095 -6.693570 0.676347 -3.719085 -6.652466 3.160184 -2.114661 -7.275861 3.059221 -2.435454 -6.971805 0.662168 -2.333219 -6.693570 0.674887 -1.942991 -6.693921 3.312260 -2.114661 -7.275861 3.059221 -2.435454 -6.971805 0.662168 -3.542548 -6.099580 3.114041 -2.435454 -6.415336 0.662168 -2.682566 -6.385412 0.675327 -2.989951 -6.365110 0.661402 -3.542548 -7.288260 3.114041 -3.374434 -7.148032 3.884384 -2.691105 -6.693570 0.014085 -2.691105 -6.693570 0.014085 -2.989951 -7.022030 0.661402 -3.542548 -7.288260 3.114041 -2.691105 -6.693570 0.014085 -2.691105 -6.693570 0.014085 -2.435454 -6.415336 0.662168 1.696174 -6.246217 2.687385 1.696174 -6.246217 1.367267 1.438884 -6.246217 1.106583 0.909438 -6.246217 1.532121 0.909438 -6.246217 2.564214 1.383978 -6.246217 3.428906 1.307365 -6.692954 4.220414 0.690371 -6.686775 3.592294 0.909438 -7.183881 2.703074 1.332710 -7.212893 2.908323 1.915241 -6.648339 3.134558 1.696174 -7.181938 2.694533 1.696174 -6.246217 2.687385 1.383978 -6.246217 3.428906 1.307365 -6.692954 4.220414 1.915241 -6.648339 3.134558 0.690371 -6.686775 3.592294 1.307365 -6.692954 4.220414 1.317605 -6.692954 -0.004145 1.806767 -6.769345 0.650335 
						1.696174 -7.197749 1.357516 1.342629 -7.294761 1.202269 0.690371 -6.693006 0.601263 1.317605 -6.692954 -0.004145 1.342629 -7.294761 1.202269 0.909438 -7.264363 1.412207 1.317605 -6.692954 -0.004145 0.690371 -6.693006 0.601263 1.806767 -6.769345 0.650335 1.696174 -7.197749 1.357516 1.806767 -6.769345 0.650335 1.696174 -6.246217 1.367267 0.909438 -6.246217 2.564214 0.909438 -6.246217 1.532121 0.690371 -6.693006 0.601263 0.690371 -6.686775 3.592294 1.915241 -6.648339 3.134558 1.696174 -7.181938 2.694533 0.909438 -7.264363 1.412207 0.909438 -7.183881 2.703074 3.232536 -6.696616 2.092195 2.985301 -6.356332 2.092197 2.965642 -6.696616 2.539050 2.985301 -7.036900 2.092197 2.585274 -6.906922 2.092197 2.412096 -6.979053 0.475692 2.949327 -7.153614 0.475692 2.985301 -6.356332 2.092197 2.585274 -6.486311 2.092197 2.965642 -6.696616 2.539050 2.949327 -6.239619 0.475692 2.412096 -6.414178 0.475692 2.585274 -6.486311 2.092197 2.585274 -6.906922 2.092197 2.965642 -6.696616 2.539050 3.232536 -6.696616 2.092195 2.985301 -7.036900 2.092197 2.949327 -7.153614 0.475692 3.281360 -6.696616 0.475689 2.965642 -6.696616 2.539050 2.412096 -6.414178 0.475692 2.412096 -6.979053 0.475692 2.985301 -7.036900 2.092197 3.281360 -6.696616 0.475689 2.949327 -6.239619 0.475692 2.949327 -7.153614 0.475692 2.412096 -6.979053 0.475692 2.896247 -6.696616 0.020378 2.412096 -6.414178 0.475692 2.949327 -6.239619 0.475692 2.896247 -6.696616 0.020378 2.949327 -6.239619 0.475692 4.186002 -6.690047 2.039484 5.499315 -6.629507 0.002760 5.558722 -6.874574 0.002760 4.390316 -7.015503 1.911758 4.568070 -6.343589 2.356134 6.037768 -5.983982 0.002760 5.558722 -6.341991 0.002760 4.390316 -6.372915 1.911758 4.941671 -6.694204 2.675556 6.099658 -6.624474 0.002760 6.037768 -5.983982 0.002760 5.043715 -6.374549 2.429718 
						4.568070 -7.044819 2.356134 5.938108 -6.896258 0.002760 5.043715 -7.013869 2.429718 4.259894 -6.694170 2.733046 4.186002 -6.690047 2.039484 4.390316 -7.015503 1.911758 4.941671 -6.694204 2.675556 5.043715 -6.374549 2.429718 4.259894 -6.694170 2.733046 4.941671 -6.694204 2.675556 4.186002 -6.690047 2.039484 5.043715 -7.013869 2.429718 5.938108 -6.896258 0.002760 4.390316 -6.372915 1.911758 5.558722 -6.341991 0.002760 5.558722 -6.874574 0.002760 5.568181 -6.652466 3.160184 5.766706 -6.693571 4.066745 5.912832 -6.239109 3.884384 5.744718 -6.099579 3.114041 6.465601 -6.023623 3.210134 6.461150 -6.214351 4.066745 7.009467 -6.239109 3.884384 7.172606 -6.111979 3.059221 7.344275 -6.693921 3.312260 7.147940 -6.693571 4.066745 7.009467 -7.148032 3.884385 7.172606 -7.275861 3.059221 6.465601 -7.364217 3.210134 6.461150 -7.172790 4.066745 5.912833 -7.148032 3.884384 5.744718 -7.288260 3.114041 6.457322 -6.693571 5.044877 5.766706 -6.693571 4.066745 7.147940 -6.693571 4.066745 7.009467 -7.148032 3.884385 7.009467 -6.239109 3.884384 6.461150 -6.214351 4.066745 6.457322 -6.693571 5.044877 5.912832 -6.239109 3.884384 5.766706 -6.693571 4.066745 6.457322 -6.693571 5.044877 7.610571 -7.006423 0.002760 7.311358 -5.686655 0.002760 7.172606 -6.111979 3.059221 6.621339 -7.192605 0.002760 6.037768 -7.231148 0.002760 6.037768 -5.983982 0.002760 6.099658 -6.624474 0.002760 7.172606 -7.275861 3.059221 7.116796 -7.206738 0.002760 7.610571 -7.006423 0.002760 7.344275 -6.693921 3.312260 5.744718 -6.099579 3.114041 7.311358 -5.686655 0.002760 6.727582 -5.931140 0.002760 6.037768 -5.983982 0.002760 5.744718 -7.288260 3.114041 5.912833 -7.148032 3.884384 6.037768 -7.231148 0.002760 7.874526 -6.686781 3.082989 6.728267 -6.604125 0.002760 7.804514 -7.173969 2.787664 8.335400 -6.168158 2.834226 
						7.311358 -5.686655 0.002760 6.728267 -6.604125 0.002760 7.804514 -6.212057 2.787664 8.796490 -6.693005 2.596325 7.563481 -6.600638 0.002760 7.610571 -6.205106 0.002760 8.567580 -6.214504 2.349365 8.335400 -7.217853 2.834226 7.116796 -7.206738 0.002760 7.610571 -7.006423 0.002760 8.567580 -7.171522 2.349365 8.637300 -6.692954 3.380348 8.335400 -7.217853 2.834226 8.796490 -6.693005 2.596325 8.637300 -6.692954 3.380348 8.567580 -6.214504 2.349365 8.335400 -6.168158 2.834226 8.637300 -6.692954 3.380348 8.796490 -6.693005 2.596325 8.335400 -6.168158 2.834226 7.804514 -6.212057 2.787664 8.567580 -7.171522 2.349365 7.610571 -7.006423 0.002760 8.567580 -6.214504 2.349365 7.610571 -6.205106 0.002760 7.804514 -7.173969 2.787664 6.728267 -6.604125 0.002760 7.166265 -5.287651 3.224669 6.728267 -6.604125 0.002760 7.545683 -5.564059 3.012685 6.953796 -4.848189 2.834748 6.490793 -6.189498 0.002760 6.728267 -6.604125 0.002760 6.728056 -5.208888 2.901025 7.628390 -4.791959 2.576303 7.311358 -5.686655 0.002760 6.727582 -5.931140 0.002760 7.108236 -4.803902 2.330123 7.846040 -5.235773 2.956599 7.223658 -6.507848 0.002760 7.610571 -6.205106 0.002760 7.921705 -5.157266 2.441215 7.549466 -4.754253 3.357917 7.166265 -5.287651 3.224669 7.545683 -5.564059 3.012685 7.846040 -5.235773 2.956599 7.628390 -4.791959 2.576303 7.921705 -5.157266 2.441215 6.953796 -4.848189 2.834748 7.549466 -4.754253 3.357917 7.166265 -5.287651 3.224669 7.549466 -4.754253 3.357917 7.921705 -5.157266 2.441215 7.610571 -6.205106 0.002760 6.490793 -6.189498 0.002760 6.728056 -5.208888 2.901025 5.289194 -4.361381 2.172470 6.728267 -6.604125 0.002760 5.749591 -4.255517 1.878245 4.694124 -4.575816 1.839851 5.938108 -6.896258 0.002760 5.060636 -4.849613 2.083813 4.843765 -4.139837 1.292512 6.037768 -5.983982 0.002760 
						5.558722 -6.341991 0.002760 4.698298 -4.686998 1.328644 5.445952 -3.927505 1.615523 6.728267 -6.604125 0.002760 6.357805 -6.047899 0.002760 5.383746 -4.095925 1.124122 4.758581 -3.801422 1.985279 5.445952 -3.927505 1.615523 4.843765 -4.139837 1.292512 4.758581 -3.801422 1.985279 4.694124 -4.575816 1.839851 4.758581 -3.801422 1.985279 4.694124 -4.575816 1.839851 5.060636 -4.849613 2.083813 5.289194 -4.361381 2.172470 4.758581 -3.801422 1.985279 5.383746 -4.095925 1.124122 6.357805 -6.047899 0.002760 4.698298 -4.686998 1.328644 5.558722 -6.341991 0.002760 6.728267 -6.604125 0.002760 5.289194 -4.361381 2.172470 5.749591 -4.255517 1.878245 5.298635 -8.727095 0.872652 6.037768 -7.231148 0.002760 6.825906 -7.503102 0.002760 5.789465 -8.680592 0.950364 4.889671 -8.323549 1.156672 6.099658 -6.624474 0.002760 5.938108 -6.896258 0.002760 5.068624 -8.319555 0.727533 5.258618 -8.320161 1.681740 6.728267 -6.604125 0.002760 6.099658 -6.624474 0.002760 5.046553 -7.953909 1.399350 5.676297 -8.717534 1.399838 6.728267 -6.604125 0.002760 5.763727 -8.313108 1.621047 5.008553 -8.939457 1.487115 5.298635 -8.727095 0.872652 5.789465 -8.680592 0.950364 5.676297 -8.717534 1.399838 5.258618 -8.320161 1.681740 5.008553 -8.939457 1.487115 5.046553 -7.953909 1.399350 4.889671 -8.323549 1.156672 5.008553 -8.939457 1.487115 5.258618 -8.320161 1.681740 5.298635 -8.727095 0.872652 5.008553 -8.939457 1.487115 5.763727 -8.313108 1.621047 4.889671 -8.323549 1.156672 6.037768 -7.231148 0.002760 5.789465 -8.680592 0.950364 6.825906 -7.503102 0.002760 7.966688 -8.104933 0.433117 6.825906 -7.503102 0.002760 7.116796 -7.206738 0.002760 8.062298 -7.819293 0.244833 7.842990 -8.059233 0.869777 6.825906 -7.503102 0.002760 7.659045 -8.081452 0.595587 8.159892 -7.735034 0.925168 6.728267 -6.604125 0.002760 
						7.807755 -7.756716 1.006696 8.283043 -7.773150 0.487013 6.728267 -6.604125 0.002760 7.116796 -7.206738 0.002760 8.208957 -7.495892 0.657726 8.325310 -8.179550 0.783163 8.283043 -7.773150 0.487013 8.159892 -7.735034 0.925168 8.325310 -8.179550 0.783163 8.283043 -7.773150 0.487013 8.208957 -7.495892 0.657726 7.807755 -7.756716 1.006696 7.842990 -8.059233 0.869777 7.842990 -8.059233 0.869777 7.659045 -8.081452 0.595587 7.966688 -8.104933 0.433117 8.325310 -8.179550 0.783163 8.159892 -7.735034 0.925168 8.208957 -7.495892 0.657726 6.728267 -6.604125 0.002760 6.825906 -7.503102 0.002760 6.728267 -6.604125 0.002760 
					</float_array>
					<technique_common>
						<accessor count="470" offset="0" source="#meshId3-positions-array" stride="3">
							<param name="X" type="float" />
							<param name="Y" type="float" />
							<param name="Z" type="float" />
						</accessor>
					</technique_common>
				</source>
				<source id="meshId3-normals" name="meshId3-normals">
					<float_array id="meshId3-normals-array" count="1410"> 
						-0.907238 0.005402 0.420582 -0.863083 0.000397 -0.505062 -0.656842 -0.699051 -0.282642 -0.682021 -0.725207 0.094458 -0.000641 0.898389 0.439200 0.000092 0.861322 -0.508059 -0.656252 0.699681 -0.282454 -0.680337 0.726909 0.093511 0.899400 0.000153 0.437126 0.870739 0.004669 -0.491723 0.657629 0.696968 -0.285935 0.682966 0.725083 0.088385 -0.003510 -0.897904 0.440178 0.002686 -0.860616 -0.509247 0.659062 -0.695350 -0.286575 0.683180 -0.724900 0.088232 -0.003937 -0.000214 0.999992 -0.003510 -0.897904 0.440178 0.899400 0.000153 0.437126 -0.003937 -0.000214 0.999992 -0.000641 0.898389 0.439200 -0.003937 -0.000214 0.999992 -0.000641 0.898389 0.439200 -0.680337 0.726909 0.093511 0.003601 -0.000214 -0.999994 0.870739 0.004669 -0.491723 0.659062 -0.695350 -0.286575 0.002686 -0.860616 -0.509247 -0.863083 0.000397 -0.505062 0.003601 -0.000214 -0.999994 0.002686 -0.860616 -0.509247 -0.656842 -0.699051 -0.282642 0.683180 -0.724900 0.088232 0.899400 0.000153 0.437126 0.682966 0.725083 0.088385 0.657629 0.696968 -0.285935 -0.656252 0.699681 -0.282454 0.000092 0.861322 -0.508059 -0.656252 0.699681 -0.282454 0.870739 0.004669 -0.491723 0.003601 -0.000214 -0.999994 -0.682021 -0.725207 0.094458 -0.656842 -0.699051 -0.282642 0.000000 0.000000 -1.000000 0.000000 0.898539 -0.438893 0.689225 0.689225 -0.223465 0.898539 0.000000 -0.438893 -0.898539 0.000000 -0.438893 -0.689225 0.689225 -0.223465 0.000000 0.898539 -0.438893 0.000000 0.000000 -1.000000 0.000000 -0.898539 -0.438893 0.000000 0.000000 -1.000000 0.898539 0.000000 -0.438893 0.689225 -0.689225 -0.223465 -0.689225 -0.689225 -0.223465 0.000000 -0.898539 -0.438893 0.000000 0.000000 1.000000 0.898539 -0.000000 0.438893 0.689225 0.689225 0.223465 0.000000 0.898539 0.438893 -0.898539 -0.000000 0.438893 0.000000 0.000000 1.000000 0.000000 0.898539 0.438893 
						-0.689225 0.689225 0.223465 0.000000 -0.898539 0.438893 0.689225 -0.689225 0.223465 -0.689225 -0.689225 0.223465 0.000000 -0.898539 0.438893 0.000000 -0.898539 0.438893 -0.689225 -0.689225 0.223465 -0.689225 -0.689225 -0.223465 0.000000 -0.898539 -0.438893 0.689225 -0.689225 0.223465 0.689225 -0.689225 -0.223465 0.898539 -0.000000 0.438893 0.689225 -0.689225 0.223465 0.898539 0.000000 -0.438893 0.689225 0.689225 -0.223465 0.000000 0.898539 0.438893 0.689225 0.689225 0.223465 -0.689225 0.689225 0.223465 -0.689225 0.689225 -0.223465 -0.689225 0.689225 -0.223465 -0.898539 0.000000 -0.438893 -0.689225 -0.689225 -0.223465 0.995772 -0.000000 0.091862 0.307694 0.947040 0.091863 0.000000 0.000000 1.000000 0.307694 -0.947040 0.091863 -0.805593 -0.585304 0.091864 -0.708206 -0.514529 -0.483430 0.270488 -0.832553 -0.483418 0.307694 0.947040 0.091863 -0.805593 0.585304 0.091864 0.000000 0.000000 1.000000 0.270488 0.832552 -0.483418 -0.708206 0.514529 -0.483430 -0.805593 0.585304 0.091864 -0.805593 -0.585304 0.091864 0.000000 0.000000 1.000000 0.995772 -0.000000 0.091862 0.307694 -0.947040 0.091863 0.270488 -0.832553 -0.483418 0.875385 0.000000 -0.483426 0.000000 0.000000 1.000000 -0.805593 -0.585304 0.091864 -0.805593 0.585304 0.091864 -0.708206 0.514529 -0.483430 -0.708206 -0.514529 -0.483430 0.307694 -0.947040 0.091863 0.995772 -0.000000 0.091862 0.875385 0.000000 -0.483426 -0.708206 -0.514529 -0.483430 0.000000 0.000000 -1.000000 0.000000 0.000000 -1.000000 0.270488 0.832552 -0.483418 0.270488 0.832552 -0.483418 -0.999852 0.017090 0.002197 -0.866591 0.001160 0.499018 -0.560943 0.753397 0.343127 -0.649638 0.760241 -0.002197 0.017854 0.998394 0.053774 0.005066 0.904458 0.426532 0.561809 0.755732 0.336512 0.645362 0.763869 -0.003449 0.995312 -0.000092 0.096714 0.862509 0.000031 0.506042 
						0.561838 -0.755547 0.336877 0.645297 -0.763925 -0.003327 0.017854 -0.998375 0.054111 0.005066 -0.904301 0.426866 -0.569761 -0.748298 0.339739 -0.657689 -0.753275 -0.004700 -0.001190 -0.000000 0.999999 -0.866591 0.001160 0.499018 0.862509 0.000031 0.506042 0.561838 -0.755547 0.336877 0.561809 0.755732 0.336512 0.005066 0.904458 0.426532 -0.001190 -0.000000 0.999999 -0.560943 0.753397 0.343127 -0.866591 0.001160 0.499018 -0.001190 -0.000000 0.999999 0.952720 -0.000000 -0.303850 0.597966 0.729200 -0.332722 0.645362 0.763869 -0.003449 0.057467 -0.959329 -0.276379 -0.580453 -0.721729 -0.377070 -0.649638 0.760241 -0.002197 -0.576582 0.725061 -0.376616 -0.936242 0.003479 -0.351339 -0.999852 0.017090 0.002197 0.645297 -0.763925 -0.003327 0.597955 -0.729156 -0.332838 0.952720 -0.000000 -0.303850 0.995312 -0.000092 0.096714 0.645297 -0.763925 -0.003327 0.597955 -0.729156 -0.332838 -0.649638 0.760241 -0.002197 0.597966 0.729200 -0.332722 0.057498 0.959362 -0.276257 -0.576582 0.725061 -0.376616 -0.657689 -0.753275 -0.004700 -0.569761 -0.748298 0.339739 0.015779 0.000000 -0.999875 0.015779 0.000000 -0.999875 -0.580453 -0.721729 -0.377070 -0.657689 -0.753275 -0.004700 0.015779 0.000000 -0.999875 0.015779 0.000000 -0.999875 0.597966 0.729200 -0.332722 0.566678 0.822092 0.055148 0.588137 0.802230 -0.102575 0.124123 0.947390 -0.295033 -0.520409 0.850532 -0.075962 -0.524654 0.849866 0.049655 0.138800 0.926159 0.350663 0.055759 -0.017549 0.998290 -0.865677 -0.015565 0.500362 -0.547936 -0.827520 0.122381 0.111152 -0.952818 0.282458 0.943515 -0.024721 0.330406 0.608286 -0.783164 0.129006 0.566678 0.822092 0.055148 0.138800 0.926159 0.350663 0.055759 -0.017549 0.998290 0.943515 -0.024721 0.330406 -0.865677 -0.015565 0.500362 0.055759 -0.017549 0.998290 0.048373 0.043978 -0.997861 0.873448 -0.075442 -0.481037 
						0.612765 -0.782452 -0.110846 0.032533 -0.961474 -0.272963 -0.834555 0.057499 -0.547916 0.048373 0.043978 -0.997861 0.032533 -0.961474 -0.272963 -0.540377 -0.834736 -0.105872 0.048373 0.043978 -0.997861 -0.834555 0.057499 -0.547916 0.873448 -0.075442 -0.481037 0.612765 -0.782452 -0.110846 0.873448 -0.075442 -0.481037 0.588137 0.802230 -0.102575 -0.524654 0.849866 0.049655 -0.520409 0.850532 -0.075962 -0.834555 0.057499 -0.547916 -0.865677 -0.015565 0.500362 0.943515 -0.024721 0.330406 0.608286 -0.783164 0.129006 -0.540377 -0.834736 -0.105872 -0.547936 -0.827520 0.122381 0.966158 0.000000 0.257951 0.287154 0.905165 0.313400 0.136604 0.000000 0.990626 0.287154 -0.905165 0.313400 -0.747226 -0.541193 0.385699 -0.771983 -0.545439 -0.326403 0.272014 -0.910771 -0.310651 0.287154 0.905165 0.313400 -0.747226 0.541193 0.385699 0.136604 0.000000 0.990626 0.272014 0.910772 -0.310651 -0.771983 0.545439 -0.326403 -0.747226 0.541193 0.385699 -0.747226 -0.541193 0.385699 0.136604 0.000000 0.990626 0.966158 0.000000 0.257951 0.287154 -0.905165 0.313400 0.272014 -0.910771 -0.310651 0.955770 0.000000 -0.294114 0.136604 0.000000 0.990626 -0.771983 0.545439 -0.326403 -0.771983 -0.545439 -0.326403 0.287154 -0.905165 0.313400 0.955770 0.000000 -0.294114 0.272014 0.910772 -0.310651 0.272014 -0.910771 -0.310651 -0.771983 -0.545439 -0.326403 0.114048 0.000000 -0.993475 -0.771983 0.545439 -0.326403 0.272014 0.910772 -0.310651 0.114048 0.000000 -0.993475 0.272014 0.910772 -0.310651 -0.993324 -0.000336 -0.115361 -0.844809 -0.001434 -0.535067 -0.431174 -0.841503 -0.325517 -0.591120 -0.776523 -0.218149 -0.331592 0.882100 0.334583 -0.335432 0.786590 -0.518422 -0.903764 0.233044 -0.359028 -0.710209 0.662905 -0.236981 0.430751 -0.042849 0.901453 -0.349109 0.567169 0.745951 -0.335432 0.786590 -0.518422 0.523252 0.664342 0.533720 
						-0.261523 -0.913180 0.312583 -0.452414 -0.883862 0.118780 0.493927 -0.760422 0.421657 -0.632967 0.000122 0.774179 -0.993324 -0.000336 -0.115361 -0.591120 -0.776523 -0.218149 0.430751 -0.042849 0.901453 0.523252 0.664342 0.533720 -0.632967 0.000122 0.774179 0.430751 -0.042849 0.901453 -0.993324 -0.000336 -0.115361 0.493927 -0.760422 0.421657 -0.452414 -0.883862 0.118780 -0.710209 0.662905 -0.236981 -0.903764 0.233044 -0.359028 -0.431174 -0.841503 -0.325517 -0.998114 0.012360 0.060122 -0.866591 0.001160 0.499018 -0.560943 0.753397 0.343127 -0.684798 0.723619 0.086187 -0.039552 0.990145 0.134343 0.005066 0.904458 0.426532 0.561809 0.755732 0.336512 0.601564 0.783641 0.155007 0.980300 -0.073429 0.183358 0.862509 0.000031 0.506042 0.561838 -0.755547 0.336877 0.506735 -0.856542 0.097752 0.012330 -0.995242 0.096652 0.005066 -0.904301 0.426866 -0.569761 -0.748298 0.339739 -0.672123 -0.737739 0.063175 -0.001190 -0.000000 0.999999 -0.866591 0.001160 0.499018 0.862509 0.000031 0.506042 0.561838 -0.755547 0.336877 0.561809 0.755732 0.336512 0.005066 0.904458 0.426532 -0.001190 -0.000000 0.999999 -0.560943 0.753397 0.343127 -0.866591 0.001160 0.499018 -0.001190 -0.000000 0.999999 0.859354 -0.490593 -0.144324 0.305678 0.944838 -0.117651 0.601564 0.783641 0.155007 0.016816 -0.999147 -0.037721 -0.430472 -0.611451 -0.663944 -0.335432 0.786590 -0.518422 -0.349109 0.567169 0.745951 0.506735 -0.856542 0.097752 0.301677 -0.905123 -0.299571 0.859354 -0.490593 -0.144324 0.980300 -0.073429 0.183358 -0.684798 0.723619 0.086187 0.305678 0.944838 -0.117651 -0.331161 0.936808 -0.112798 -0.335432 0.786590 -0.518422 -0.672123 -0.737739 0.063175 -0.569761 -0.748298 0.339739 -0.430472 -0.611451 -0.663944 -0.600832 0.005097 0.799359 -0.207864 -0.133490 0.969006 -0.699931 -0.553590 0.451259 0.201610 0.853165 0.481105 
						0.305678 0.944838 -0.117651 -0.207864 -0.133490 0.969006 -0.714036 0.507541 0.482240 0.999970 -0.000458 0.007721 0.913803 0.002808 -0.406148 0.963612 0.173105 -0.203685 0.843832 0.506806 -0.176341 0.148719 -0.880807 0.449513 0.301677 -0.905123 -0.299571 0.859354 -0.490593 -0.144324 0.730865 -0.660366 -0.172492 0.483976 -0.000214 0.875081 0.148719 -0.880807 0.449513 0.999970 -0.000458 0.007721 0.483976 -0.000214 0.875081 0.843832 0.506806 -0.176341 0.201610 0.853165 0.481105 0.483976 -0.000214 0.875081 0.999970 -0.000458 0.007721 0.201610 0.853165 0.481105 -0.714036 0.507541 0.482240 0.730865 -0.660366 -0.172492 0.859354 -0.490593 -0.144324 0.843832 0.506806 -0.176341 0.963612 0.173105 -0.203685 -0.699931 -0.553590 0.451259 -0.207864 -0.133490 0.969006 -0.338554 -0.362878 0.868160 -0.207864 -0.133490 0.969006 0.159399 -0.813170 0.559774 -0.677528 0.671912 0.299150 -0.965876 0.258194 -0.020478 -0.207864 -0.133490 0.969006 -0.837471 -0.288435 0.464163 0.438681 0.892773 -0.102544 0.305678 0.944838 -0.117651 -0.331161 0.936808 -0.112798 -0.398766 0.889609 -0.222669 0.830240 -0.249096 0.498651 0.578667 -0.791200 0.197854 0.963612 0.173105 -0.203685 0.999204 0.035006 -0.019136 0.250931 0.585577 0.770800 -0.338554 -0.362878 0.868160 0.159399 -0.813170 0.559774 0.830240 -0.249096 0.498651 0.438681 0.892773 -0.102544 0.999204 0.035006 -0.019136 -0.677528 0.671912 0.299150 0.250931 0.585577 0.770800 -0.338554 -0.362878 0.868160 0.250931 0.585577 0.770800 0.999204 0.035006 -0.019136 0.963612 0.173105 -0.203685 -0.965876 0.258194 -0.020478 -0.837471 -0.288435 0.464163 0.165904 0.053134 0.984709 -0.207864 -0.133490 0.969006 0.810113 0.327323 0.486391 -0.893320 -0.196298 0.404285 -0.452414 -0.883862 0.118780 -0.261154 -0.547608 0.794937 -0.573861 0.594829 -0.562905 -0.335432 0.786590 -0.518422 
						-0.903764 0.233044 -0.359028 -0.936068 -0.080480 -0.342491 0.442896 0.896534 -0.008393 -0.207864 -0.133490 0.969006 0.618080 0.605476 -0.501374 0.276201 0.733628 -0.620889 -0.514615 0.744394 0.425499 0.442896 0.896534 -0.008393 -0.573861 0.594829 -0.562905 -0.514615 0.744394 0.425499 -0.893320 -0.196298 0.404285 -0.514615 0.744394 0.425499 -0.893320 -0.196298 0.404285 -0.261154 -0.547608 0.794937 0.165904 0.053134 0.984709 -0.514615 0.744394 0.425499 0.276201 0.733628 -0.620889 0.618080 0.605476 -0.501374 -0.936068 -0.080480 -0.342491 -0.903764 0.233044 -0.359028 -0.207864 -0.133490 0.969006 0.165904 0.053134 0.984709 0.810113 0.327323 0.486391 -0.284316 -0.747352 -0.600524 -0.430472 -0.611451 -0.663944 0.342880 -0.847815 0.404528 0.591100 -0.785509 -0.183239 -0.998971 0.024964 -0.037874 -0.349109 0.567169 0.745951 -0.452414 -0.883862 0.118780 -0.751809 -0.099309 -0.651859 -0.244978 0.147286 0.958276 -0.207864 -0.133490 0.969006 -0.349109 0.567169 0.745951 -0.633465 0.602549 0.485445 0.545252 -0.687410 0.479758 -0.207864 -0.133490 0.969006 0.569056 0.035341 0.821539 -0.505493 -0.772081 0.385186 -0.284316 -0.747352 -0.600524 0.591100 -0.785509 -0.183239 0.545252 -0.687410 0.479758 -0.244978 0.147286 0.958276 -0.505493 -0.772081 0.385186 -0.633465 0.602549 0.485445 -0.998971 0.024964 -0.037874 -0.505493 -0.772081 0.385186 -0.244978 0.147286 0.958276 -0.284316 -0.747352 -0.600524 -0.505493 -0.772081 0.385186 0.569056 0.035341 0.821539 -0.998971 0.024964 -0.037874 -0.430472 -0.611451 -0.663944 0.591100 -0.785509 -0.183239 0.342880 -0.847815 0.404528 0.144112 -0.827376 -0.542845 0.342880 -0.847815 0.404528 0.301677 -0.905123 -0.299571 0.452290 -0.094517 -0.886849 -0.293168 -0.698495 0.652807 0.342880 -0.847815 0.404528 -0.502317 -0.859302 0.096319 0.412159 0.166695 0.895733 -0.207864 -0.133490 0.969006 
						-0.440425 -0.117500 0.890067 0.989406 0.017518 -0.144112 -0.207864 -0.133490 0.969006 0.301677 -0.905123 -0.299571 0.282030 0.522921 0.804371 0.679481 -0.681709 0.271255 0.989406 0.017518 -0.144112 0.412159 0.166695 0.895733 0.679481 -0.681709 0.271255 0.989406 0.017518 -0.144112 0.282030 0.522921 0.804371 -0.440425 -0.117500 0.890067 -0.293168 -0.698495 0.652807 -0.293168 -0.698495 0.652807 -0.502317 -0.859302 0.096319 0.144112 -0.827376 -0.542845 0.679481 -0.681709 0.271255 0.412159 0.166695 0.895733 0.282030 0.522921 0.804371 -0.207864 -0.133490 0.969006 0.342880 -0.847815 0.404528 -0.207864 -0.133490 0.969006 
					</float_array>
					<technique_common>
						<accessor count="470" offset="0" source="#meshId3-normals-array" stride="3">
							<param name="X" type="float" />
							<param name="Y" type="float" />
							<param name="Z" type="float" />
						</accessor>
					</technique_common>
				</source>
				<source id="meshId3-tangents" name="meshId3-tangents">
					<float_array id="meshId3-tangents-array" count="1410"> 
						-0.051982 -0.993692 -0.099368 0.058658 -0.993154 -0.101019 0.753954 -0.603638 -0.259180 0.628042 -0.646967 -0.432431 -0.972546 0.101647 -0.209339 -0.986042 -0.084511 -0.143451 -0.698361 -0.704968 -0.123742 -0.694780 -0.599068 -0.397992 0.111023 0.967129 -0.228770 -0.197237 0.919311 -0.340535 -0.753058 0.618601 -0.224134 -0.640461 0.652610 -0.404858 0.980278 -0.090066 -0.175906 0.959184 0.146218 -0.242047 0.676251 0.714646 -0.178791 0.694507 0.607642 -0.385269 -0.028706 -0.999588 -0.000327 0.397429 -0.405176 -0.823336 0.280198 0.767339 -0.576783 0.838464 0.544947 0.003417 -0.413263 0.399702 -0.818200 -0.434886 0.900484 -0.001520 -0.582562 -0.357311 0.730034 -0.700760 -0.682555 0.207493 0.529890 0.848065 0.001727 0.026945 0.998000 0.057191 0.681695 0.713266 -0.162924 0.577674 0.417017 -0.701704 -0.505062 0.000786 0.863083 -0.999994 0.000239 -0.003601 -0.858322 -0.263283 0.440416 -0.574299 0.220905 0.788278 0.653532 0.660837 0.369039 -0.069820 0.987212 0.143312 -0.679886 0.675255 -0.285983 -0.745661 0.548154 -0.378836 -0.618119 -0.283825 0.733057 -0.784689 0.315002 0.533889 -0.710687 -0.698929 -0.080145 -0.258154 0.855419 -0.449015 -0.812609 0.582801 -0.003051 0.663412 -0.667856 -0.337420 0.725134 -0.482844 -0.490960 0.804447 -0.594024 -0.000000 0.996335 0.037540 0.076855 0.723343 -0.636762 0.267039 0.297239 -0.735756 0.608533 -0.399214 -0.415501 0.817305 -0.699559 -0.552715 0.452906 -0.983017 0.080543 0.164894 -0.859122 -0.511771 -0.000000 -0.424985 -0.397286 0.813358 -0.393128 -0.919484 -0.000000 0.122045 -0.960559 0.249861 -0.519922 -0.685272 0.509983 -0.255189 -0.057742 0.965165 -0.501328 -0.379756 0.777468 0.183068 -0.983100 -0.000000 0.108822 -0.968773 -0.222790 0.673397 -0.723168 0.153508 0.728094 -0.300852 0.615929 -0.044267 0.994901 -0.090627 -0.062388 0.998052 0.000000 0.403340 0.401609 -0.822208 
						0.504976 0.678114 -0.534005 -0.256032 -0.424264 -0.868589 -0.424489 -0.634056 -0.646360 -0.594823 0.714346 0.368640 -0.554799 0.365152 0.747570 0.999997 -0.001066 -0.002181 0.719785 -0.686619 0.102294 0.716448 -0.694283 -0.068364 0.999997 0.001050 -0.002150 0.720213 0.685387 -0.107413 0.715864 0.695374 0.063195 -0.248488 -0.824288 0.508726 -0.710625 -0.582858 0.394068 0.077981 -0.984089 0.159649 0.688068 -0.719246 -0.096162 0.979079 -0.089307 0.182837 0.675560 -0.722779 0.145637 0.722186 0.628610 0.288613 0.679817 0.721839 0.129604 0.705098 0.567046 -0.425789 0.042026 0.995405 -0.086040 -0.724462 0.660264 0.198004 -0.041914 0.889843 0.454337 -0.951353 0.304604 0.046309 -0.229562 0.973294 -0.000000 0.821046 0.313063 0.477363 0.518649 -0.621739 0.586894 0.491189 -0.850939 0.186107 0.771656 -0.112760 0.625965 -0.642857 0.135740 0.753863 -0.291095 -0.526069 0.799072 -0.736552 -0.676380 -0.000000 -0.564387 0.543929 0.620974 -0.587804 -0.050435 0.807430 0.587645 0.769626 0.249697 -0.504646 0.759116 0.411188 0.116800 0.993156 0.000000 -0.032635 -0.934766 0.353762 -0.924145 -0.274478 0.265741 -0.674789 -0.522100 0.521606 -0.077195 -0.987168 -0.139784 0.995721 -0.092410 -0.000000 0.581535 -0.810814 -0.066314 -0.581535 -0.810814 0.066314 -0.353164 -0.851095 -0.388475 0.424961 -0.857473 0.290083 0.384794 0.212154 0.898290 -0.048931 0.846328 0.530410 0.111679 0.972950 0.202228 -0.437176 -0.218064 0.872539 -0.461851 -0.886957 -0.000000 -0.166467 -0.986047 0.000000 -0.164463 -0.454794 -0.875279 0.218920 -0.542172 -0.811248 0.002984 0.046161 0.998930 0.498621 0.041970 0.865803 0.417868 -0.100126 0.902974 0.170564 0.148565 0.974082 -0.839599 0.044175 -0.541408 -0.843135 0.233206 -0.484497 -0.628654 0.654423 -0.420149 -0.605720 0.508988 -0.611583 0.010587 0.994093 -0.108014 0.068596 0.990763 -0.116976 
						0.592360 0.651701 0.473704 0.722121 0.608553 0.328944 0.993777 0.023671 0.108841 0.997639 0.033806 0.059778 0.821730 -0.512961 0.248256 0.745787 -0.652004 0.136723 0.999977 -0.006632 0.001190 0.379740 -0.647250 0.660957 0.137364 0.962439 -0.234184 0.803336 0.595511 -0.004181 -0.547916 0.644686 -0.533074 -0.482620 0.375784 -0.791116 -0.616616 0.787263 -0.000734 -0.743073 -0.275496 -0.609873 -0.381302 -0.646633 -0.660662 -0.966621 -0.256209 -0.001150 -0.165604 0.838424 -0.519250 -0.800267 0.519947 -0.298710 -0.702500 0.591729 -0.395412 0.994650 0.031211 0.098480 0.810007 -0.559214 -0.176546 0.728942 0.623709 0.282189 0.682160 0.680902 0.266516 0.079112 0.976361 -0.201148 0.016448 0.984621 -0.173930 0.758180 0.639899 0.125266 0.799172 0.510534 0.317301 0.062254 0.978786 0.195197 -0.008614 0.995942 0.089588 0.755532 0.637551 0.150664 0.715260 0.672823 -0.188978 -0.596412 -0.511432 -0.618652 -0.664016 0.218190 -0.715176 -0.839026 -0.103528 -0.534151 -0.610977 -0.688666 -0.390444 0.121125 -0.111909 0.986309 0.316330 0.181856 0.931055 -0.978926 -0.203631 -0.015448 0.999051 0.040596 0.015766 -0.379549 0.649484 -0.658872 -0.568945 0.500819 -0.652290 0.139863 0.990168 0.002207 0.081742 0.996653 0.001290 -0.367396 0.618297 0.694787 0.815276 -0.569143 0.106782 0.803342 -0.564822 0.188726 0.986233 -0.085049 0.141814 0.845718 0.525666 0.091852 0.844922 0.512693 0.152491 0.981254 -0.080815 -0.174957 -0.996374 -0.065340 0.054503 -0.406004 0.606552 -0.683561 -0.836331 0.545032 -0.059090 -0.993798 -0.105601 0.034850 -0.125486 -0.949587 0.287293 -0.793336 -0.604948 0.068232 0.712528 -0.522564 0.468221 0.608185 -0.359169 0.707891 0.472111 -0.880545 -0.041848 -0.136122 -0.938090 0.318526 0.441702 0.446638 0.778083 0.878467 0.476067 -0.040698 0.702836 0.708349 0.065290 -0.033258 0.976373 -0.213517 
						0.738667 0.616947 -0.271566 0.656238 0.226541 -0.719744 -0.364407 0.688284 0.627273 -0.911960 0.409443 -0.026164 -0.999160 -0.024481 -0.032854 -0.841029 0.539683 0.037585 0.998585 -0.024215 0.047341 0.431217 0.687156 -0.584695 0.241367 -0.790919 0.562307 -0.789270 -0.612981 -0.036165 0.106764 -0.934210 0.340372 0.808102 -0.577792 0.114578 -0.677249 -0.452010 0.580535 -0.741585 -0.406055 0.534014 -0.073206 -0.997293 0.006847 0.064056 -0.994744 0.079880 0.095183 0.975401 -0.198828 0.793630 0.602547 -0.084190 0.835413 -0.517241 -0.185869 0.740892 -0.548001 -0.388296 0.021439 -0.996540 -0.080299 0.791078 -0.408585 0.455251 0.144343 -0.989328 -0.019904 0.942762 0.209158 -0.259717 0.640480 -0.741293 0.200677 0.628891 -0.730040 -0.267466 0.959934 0.234226 0.153835 0.939437 -0.202222 -0.276703 0.637196 0.748295 0.184490 0.928387 0.348868 -0.128022 0.960818 -0.239184 0.140072 0.630111 0.724264 -0.280002 0.480906 0.840899 -0.248231 -0.480906 0.840899 0.248231 -0.000000 1.000000 0.000000 0.074328 0.957586 -0.278396 0.935291 0.335591 0.112292 0.880505 0.365808 -0.301489 0.077606 0.964560 0.252194 0.931961 -0.339017 -0.128515 0.502380 0.838151 0.212411 -0.502379 0.838151 -0.212412 -0.444732 -0.415762 -0.793319 0.139147 -0.881005 0.452181 0.962293 -0.257335 0.088151 -0.920708 -0.340199 0.191207 -0.556836 0.332655 0.761101 -0.993263 0.020666 -0.114024 -0.542190 -0.297020 0.786008 -0.900809 0.354543 0.250684 0.289628 0.956562 0.033249 -0.241502 0.377103 0.894131 -0.000519 0.999999 0.001560 0.004936 0.999933 -0.010475 -0.545153 0.530448 -0.649178 -0.571811 0.594195 -0.565653 -0.415000 0.182111 -0.891409 -0.322365 -0.612921 -0.721394 0.060231 -0.761202 -0.645712 -0.164956 -0.483955 -0.859405 -0.072947 0.993951 0.082103 0.248835 0.823566 -0.509726 0.231051 0.602187 0.764190 -0.586085 0.735207 -0.340551 
						-0.467244 -0.163599 -0.868860 -0.438450 0.104463 -0.892664 -0.292004 -0.601841 -0.743318 -0.758874 -0.197952 -0.620423 0.110568 0.282479 -0.952880 -0.237134 0.425819 -0.873181 -0.071638 -0.997344 -0.013176 -0.238331 0.715392 -0.656820 -0.748722 0.254232 -0.612194 -0.028985 0.997700 0.061274 0.100688 -0.490595 -0.865551 0.437262 0.636387 0.635464 -0.163877 0.213316 0.963141 0.477591 0.701005 0.529622 0.147662 0.957047 0.249516 -0.297376 0.473156 -0.829271 -0.013431 -0.999758 -0.017443 -0.010231 -0.999828 -0.015444 -0.579456 -0.653335 0.487221 -0.653675 -0.662232 0.366276 0.365728 -0.110773 0.924106 0.365730 -0.398663 0.841017 0.173264 -0.505245 0.845404 0.252268 -0.370477 0.893928 -0.049524 -0.990051 -0.131708 0.038713 -0.997073 -0.065923 -0.477469 -0.628723 -0.613784 -0.646214 -0.452442 -0.614576 0.251874 0.096634 0.962923 0.244848 0.414999 0.876256 0.058920 0.375144 0.925092 0.156170 -0.057843 0.986035 0.513935 0.857829 0.000611 0.403090 0.591130 0.698629 -0.187161 0.929110 0.318945 0.204630 0.521504 0.828348 0.665814 -0.654485 0.358249 0.637294 -0.331616 0.695620 0.679188 -0.733963 0.000808 0.309067 -0.193926 0.931059 0.454383 -0.411560 0.790034 0.685962 -0.727637 0.000816 -0.475076 -0.870332 0.129711 0.928833 -0.323082 -0.181349 0.750674 -0.620909 0.225743 0.247301 -0.032398 0.968397 -0.095527 -0.700593 0.707138 -0.245776 -0.604315 -0.757890 -0.194608 -0.822562 0.534341 0.296127 0.279426 0.913362 0.364959 -0.180647 0.913330 0.276126 0.207609 0.938431 -0.080321 0.699899 0.709712 0.227108 0.099538 0.968769 0.329091 0.011107 0.944233 0.315987 0.222746 0.922245 0.204783 0.598027 0.774873 0.680081 -0.648823 -0.341348 0.573029 -0.658072 -0.488446 0.173158 -0.777868 0.604100 -0.094755 -0.993384 -0.064888 -0.040642 -0.988610 -0.144909 0.351248 -0.816951 -0.457401 0.310259 -0.521525 0.794828 
						0.366379 -0.002672 0.930462 0.883441 0.399649 0.244565 0.462263 -0.175529 0.869196 0.000433 -0.993371 -0.114954 -0.052492 -0.990773 -0.124952 0.162021 -0.984300 -0.070016 0.413755 -0.823762 -0.387587 0.219293 0.472626 0.853543 0.375073 -0.176205 0.910095 0.129829 -0.063675 0.989490 0.349625 0.145184 0.925572 -0.036526 -0.999133 0.019957 0.286916 -0.396580 -0.872011 -0.005593 0.646699 0.762725 -0.255331 0.956451 0.141448 0.531944 -0.746808 0.399141 0.534171 -0.507488 0.676104 0.192902 -0.975375 -0.106925 -0.004412 -0.853718 0.520717 -0.552101 -0.306734 0.775306 -0.446230 -0.860692 0.245131 -0.622594 -0.748605 0.227960 -0.507709 -0.852260 -0.126030 0.247135 -0.075347 0.966047 0.241578 -0.237781 0.940798 0.531822 0.017754 0.846670 0.756842 0.605624 0.245783 -0.872837 0.465755 -0.145699 -0.976541 0.085258 -0.197736 -0.977068 -0.211035 -0.028340 -0.298379 -0.622857 0.723200 -0.258930 -0.960680 0.100247 0.520201 -0.854022 -0.006060 0.524094 -0.664533 0.532655 0.287398 -0.031263 0.957301 0.302013 0.020967 0.953073 0.409823 0.250480 0.877100 0.317950 0.361867 0.876334 -0.392589 -0.896376 0.205875 -0.811007 -0.583854 0.037188 0.094512 -0.933408 -0.346145 0.035303 -0.999257 0.015439 0.641144 -0.697117 0.320878 0.120850 -0.931772 -0.342339 0.269754 -0.509568 -0.817052 0.040978 -0.864895 -0.500278 0.896969 -0.441965 -0.010644 0.033981 -0.998095 -0.051501 0.465258 0.076522 0.881861 0.282924 -0.805873 0.520118 0.506126 -0.848032 -0.157092 0.127584 -0.809337 0.573319 0.013330 0.159127 0.987168 0.225761 -0.119044 0.966882 0.141026 0.590585 0.794557 -0.490327 0.771626 -0.405182 -0.380958 -0.917575 0.113695 -0.583530 -0.778136 -0.232370 -0.095026 -0.745352 0.659864 0.440223 -0.201139 0.875069 0.106521 0.078680 0.991193 0.462856 0.651633 0.600948 -0.798758 -0.558233 0.224414 -0.696233 -0.577701 -0.426053 
						-0.251086 -0.967958 0.003748 -0.142254 -0.803779 0.577671 -0.184640 0.082045 -0.979376 -0.957034 -0.177012 -0.229681 -0.537212 -0.140304 -0.831696 -0.428755 -0.484120 -0.762756 -0.152450 -0.567784 0.808938 0.275174 -0.127018 0.952967 -0.071738 -0.721217 -0.688985 -0.648367 -0.013116 -0.761215 0.420443 -0.682816 0.597486 -0.245265 -0.603318 0.758849 -0.048186 -0.852548 -0.520422 -0.344365 -0.716477 -0.606691 -0.456241 -0.881116 0.124412 -0.834857 -0.548119 -0.050796 -0.597594 -0.374866 -0.708772 -0.380594 -0.327576 -0.864779 -0.216590 -0.635318 0.741255 -0.418185 -0.301869 0.856736 0.407184 0.888923 0.209804 0.197834 0.976454 -0.086020 0.372522 0.353233 -0.858169 0.651237 -0.610236 0.451112 0.699720 -0.690727 0.182449 0.930536 0.247594 -0.269816 0.380126 0.070919 0.922212 0.003252 0.872207 0.489127 0.780170 -0.265044 0.566645 -0.771545 0.454715 0.444919 -0.391137 0.863047 0.319627 -0.357267 0.905126 -0.230451 -0.529615 0.848232 0.003243 -0.301522 0.685713 -0.662482 -0.449948 0.223551 -0.864622 0.121643 0.631143 0.766069 -0.334376 0.940662 0.057857 -0.377548 0.898773 0.222853 0.334472 0.236172 0.912333 -0.129932 -0.590559 0.796466 0.108484 -0.147689 0.983066 -0.348452 0.334670 0.875544 -0.293290 0.930826 -0.218045 -0.468173 0.620423 0.629198 -0.229238 0.453068 -0.861498 0.044432 0.706671 -0.706146 -0.791970 0.238008 -0.562259 -0.560994 0.784593 -0.264007 -0.709048 0.585512 -0.392973 -0.771899 0.604137 0.197964 0.171812 0.971915 -0.160819 0.013074 -0.641052 -0.767386 -0.744071 0.656786 -0.122435 0.612607 0.289420 0.735492 -0.168426 0.368171 0.914376 0.560830 0.520252 -0.644055 0.880944 0.439721 0.174880 0.936579 0.340122 -0.084477 0.221617 0.975091 0.009102 0.024090 0.677196 0.735409 0.334149 0.512546 0.790975 -0.362255 0.310279 0.878919 0.810154 0.382758 -0.444012 0.445244 0.869153 0.215245 
						0.578533 0.720969 0.381448 0.076106 0.782755 0.617659 0.270427 0.944190 0.188081 0.564221 -0.083793 0.821360 -0.658580 0.715193 -0.234033 0.729146 0.668523 -0.146368 -0.014214 0.999613 0.023928 -0.336335 0.941520 -0.020456 0.412429 0.660662 0.627238 0.012716 0.978419 0.206240 -0.508994 0.792241 -0.336570 0.087225 0.981108 0.172679 -0.240029 0.714714 0.656940 -0.041771 -0.672799 -0.738645 -0.059423 -0.076823 -0.995272 0.066786 0.555453 -0.828862 0.212691 -0.170818 -0.962073 0.330254 0.888929 -0.317391 0.133532 0.808850 -0.572652 -0.178506 0.979185 0.096600 0.469981 -0.218037 -0.855323 0.022809 0.989713 0.141235 
					</float_array>
					<technique_common>
						<accessor count="470" offset="0" source="#meshId3-tangents-array" stride="3">
							<param name="X" type="float" />
							<param name="Y" type="float" />
							<param name="Z" type="float" />
						</accessor>
					</technique_common>
				</source>
				<source id="meshId3-bitangents" name="meshId3-bitangents">
					<float_array id="meshId3-bitangents-array" count="1410"> 
						0.417393 -0.112013 0.901796 -0.501645 -0.116813 0.857151 0.010567 -0.383340 0.923547 0.374713 -0.235603 0.896706 -0.232711 -0.427276 0.873659 -0.166494 0.500981 0.849293 -0.285701 0.116049 0.951266 -0.233285 -0.335739 0.912610 -0.422792 0.254287 0.869819 0.450457 0.393503 0.801401 0.020666 0.362722 0.931668 -0.351236 0.219898 0.910098 0.197592 0.430879 0.880512 0.282770 -0.487811 0.825882 0.329123 -0.075962 0.941227 0.225668 0.324485 0.918577 0.999580 -0.028707 0.003929 0.917626 0.172050 0.358275 -0.335512 0.641241 0.690103 -0.544943 0.838471 -0.001966 -0.910611 -0.182030 0.371015 -0.900477 -0.434889 -0.003638 0.812786 -0.255393 0.523597 0.214655 0.075636 0.973757 0.848059 -0.529893 0.003167 0.491006 -0.063048 0.868871 0.317694 -0.087980 0.944103 0.816263 -0.292294 0.498276 0.000739 1.000000 -0.000478 0.000240 1.000000 -0.000213 -0.513105 0.435915 -0.739393 -0.488609 0.680095 -0.546564 -0.325823 -0.194457 0.925216 -0.431514 -0.159415 0.887909 -0.267043 0.135225 0.954150 -0.107300 0.462344 0.880184 0.432738 0.655660 0.618746 0.619890 0.398619 0.675899 -0.253491 0.148141 0.955927 0.418533 0.517915 0.746052 0.582798 0.812615 0.001925 0.307784 -0.167463 0.936603 0.206734 -0.527437 0.824058 -0.594024 -0.804447 -0.000000 0.085533 -0.437285 -0.895246 0.041756 -0.345692 -0.937419 -0.322918 -0.677246 -0.661106 -0.182361 0.909593 0.373344 0.188642 0.468481 0.863099 0.183513 0.431440 0.883280 -0.511771 0.859122 0.000000 -0.905200 0.186523 -0.381866 -0.919484 0.393128 0.000000 -0.421583 -0.278075 -0.863100 -0.504628 -0.235309 -0.830651 -0.678120 0.722242 -0.136085 -0.865258 0.220029 -0.450463 0.983100 0.183068 0.000000 0.425188 0.247947 -0.870481 0.267404 0.044679 -0.962548 0.685478 0.319555 -0.654221 -0.436655 -0.100860 -0.893957 -0.998052 -0.062388 -0.000000 -0.915050 0.177023 -0.362417 
						-0.519584 -0.255206 -0.815415 0.966668 -0.112371 -0.230055 0.587177 0.350629 -0.729577 -0.413708 0.121154 -0.902312 -0.831984 -0.243498 -0.498509 0.002428 0.438892 0.898537 0.082931 0.231351 0.969329 -0.108030 -0.207219 0.972312 0.002392 -0.438892 0.898537 -0.079128 0.234974 0.968775 0.111836 -0.203526 0.972661 0.361774 -0.566170 -0.740655 -0.141353 -0.430401 -0.891501 -0.431910 -0.177677 -0.884243 -0.227003 -0.087482 -0.969957 0.203483 0.429711 -0.879740 0.261892 0.050587 -0.963770 0.058447 0.360302 -0.931003 0.250632 -0.062589 -0.966057 -0.166750 -0.451029 -0.876794 0.436876 -0.095755 -0.894410 0.011077 0.298361 -0.954389 -0.081743 -0.456266 0.886081 0.015875 -0.101643 0.994694 -0.973294 -0.229562 0.000000 -0.480841 -0.071458 0.873891 -0.286396 0.520443 0.804436 -0.507127 -0.105653 0.855371 -0.575659 -0.542348 0.611944 0.701469 -0.291014 0.650578 0.516026 0.616986 0.594177 0.676380 -0.736552 0.000000 0.779938 0.104869 0.617008 0.391064 0.855988 0.338161 0.075448 0.255138 -0.963957 -0.310405 0.284892 -0.906910 -0.993156 0.116800 0.000000 0.085869 -0.355264 -0.930814 -0.226453 -0.166661 -0.959658 -0.686656 0.185117 -0.703019 -0.477223 0.159682 -0.864153 0.092410 0.995721 0.000000 0.113298 0.000000 0.993561 0.113298 -0.000000 0.993561 -0.611326 -0.104391 0.784463 -0.563784 -0.000000 0.825922 -0.870206 -0.241050 0.429694 -0.077745 -0.532662 0.842750 0.470349 -0.231016 0.851706 -0.554366 0.829282 -0.070505 -0.886957 0.461851 0.000000 -0.986047 0.166467 0.000000 -0.948572 0.316257 0.013908 -0.937502 0.113603 -0.328913 0.016971 0.998788 -0.046205 -0.019940 0.999118 -0.036949 0.714654 0.649898 -0.258655 0.740863 0.632426 -0.226183 -0.542914 -0.035483 0.839038 -0.537677 -0.357170 0.763762 -0.537741 0.024494 0.842755 -0.465414 0.396782 0.791173 -0.096133 0.108532 0.989434 -0.501371 0.135605 0.854540 
						-0.577449 -0.066593 0.813707 -0.249264 -0.214669 0.944344 -0.109945 0.051831 0.992585 -0.068488 0.425555 0.902337 -0.011497 0.420620 0.907164 -0.106055 0.086416 0.990598 0.006632 0.999978 0.000008 0.323756 0.762276 0.560461 -0.487042 0.271497 0.830108 -0.197455 0.272975 0.941539 -0.619805 0.115105 0.776268 -0.875815 -0.201845 0.438414 -0.787263 -0.616617 -0.000937 -0.364946 -0.597072 0.714366 0.321915 -0.762800 0.560808 0.256209 -0.966621 0.000305 0.254755 0.545019 0.798783 -0.044821 0.444885 0.894465 -0.300002 0.257607 0.918498 -0.085849 -0.280559 0.955990 -0.083444 -0.407906 0.909203 0.215902 0.181719 -0.959356 0.449679 -0.103244 -0.887203 0.342334 -0.216119 -0.914385 -0.005136 -0.173868 -0.984756 -0.093565 -0.083356 0.992118 -0.061436 -0.455727 0.887997 0.297404 -0.204884 0.932509 -0.096330 -0.090001 0.991272 -0.112975 -0.099736 0.988579 0.361736 -0.125065 0.923854 -0.471448 -0.400589 0.785662 -0.448909 0.648584 0.614670 -0.541045 0.262499 0.798977 -0.542458 0.004981 0.840068 -0.743488 0.648115 0.164841 -0.758490 0.637949 0.133095 -0.203606 0.979048 -0.003213 0.040591 -0.999176 0.000641 0.720428 -0.239328 -0.650926 0.493707 -0.426330 -0.757955 0.990045 -0.139881 0.015623 0.996529 -0.081752 0.015726 0.712359 -0.293218 0.637626 0.119172 -0.015550 -0.992752 0.093465 -0.193400 -0.976658 0.109261 -0.308574 -0.944904 0.118054 -0.016441 -0.992871 0.104139 0.121959 -0.987057 -0.133699 0.368373 -0.920014 0.064272 -0.997709 -0.021128 -0.292856 -0.794892 -0.531397 -0.017804 -0.134728 -0.990723 -0.003378 -0.284580 -0.958646 0.306647 -0.312527 -0.899052 0.024605 -0.143850 -0.989294 0.413739 -0.226036 -0.881889 0.781566 0.115012 -0.613128 0.879774 0.473637 -0.040813 0.302076 -0.345509 -0.888467 -0.235591 0.894579 -0.379769 -0.474539 0.879234 0.041961 0.709705 -0.704491 0.003355 0.485780 0.202494 0.850302 
						0.280873 0.084528 0.956015 0.753852 -0.155713 0.638326 0.413190 0.723159 -0.553458 0.407417 0.911275 0.059913 0.024906 0.273803 -0.961463 0.025764 0.109351 -0.993669 -0.022081 -0.998739 -0.045088 0.342884 -0.724231 -0.598264 -0.422884 -0.607252 -0.672618 -0.039649 0.109648 -0.993179 -0.475068 -0.348655 -0.807929 0.032651 -0.150279 -0.988104 0.515821 0.270952 0.812720 0.423351 0.334238 0.842056 -0.546039 0.045825 0.836505 0.496489 0.101202 0.862124 -0.317363 0.219047 0.922659 -0.011798 0.153595 0.988064 0.100390 -0.188886 0.976854 0.388387 -0.122090 0.913373 0.257059 0.083112 -0.962815 0.540128 0.117197 -0.833383 0.980053 0.145709 -0.135146 0.169536 0.370041 0.913415 0.177311 0.396983 0.900536 -0.092401 -0.411751 0.906600 -0.067346 -0.340049 0.937993 -0.187086 0.373876 -0.908414 -0.188772 0.383621 -0.903991 -0.345598 0.937172 0.047657 0.053271 -0.336580 -0.940147 0.083678 -0.421827 -0.902807 -0.458674 0.000000 -0.888604 -0.458674 0.000000 -0.888604 -0.990626 -0.000000 0.136604 -0.247011 0.288148 0.925179 -0.206817 0.260875 0.942959 0.388226 -0.191520 0.901443 0.283690 -0.263865 0.921898 0.335839 0.940780 -0.046311 0.389432 -0.000000 -0.921055 0.389432 -0.000000 -0.921055 0.848384 0.088426 -0.521943 -0.259116 -0.473106 -0.842039 0.000344 -0.322915 -0.946428 -0.279829 0.234008 -0.931094 -0.306554 0.769310 -0.560524 0.020531 0.999786 0.002357 0.331771 0.783757 0.525026 0.338455 0.211647 0.916872 0.950320 -0.291530 0.109094 0.931496 -0.168193 0.322531 0.115360 0.001610 -0.993322 0.535046 -0.011490 -0.844745 0.718956 -0.102452 -0.687464 0.568866 -0.209629 -0.795266 -0.847243 -0.434437 0.305685 -0.885193 -0.074857 0.459162 -0.423772 -0.605196 0.673910 -0.684392 -0.571266 0.453059 -0.899518 -0.101124 0.425020 -0.903440 0.007668 -0.428646 0.913291 0.136552 -0.383735 -0.618637 -0.134611 0.774059 
						0.844564 -0.373280 -0.383893 0.776584 -0.455933 -0.434790 0.819006 0.244019 -0.519311 0.153175 -0.980212 0.125390 0.032907 -0.959274 -0.280556 0.770937 -0.464425 -0.435850 0.899623 -0.058903 -0.432677 -0.818172 0.216480 0.532664 -0.196896 -0.967143 -0.160829 -0.902005 -0.052522 0.428519 -0.056305 -0.871387 0.487354 -0.751557 -0.129498 0.646832 -0.876622 0.416274 -0.241352 0.517214 0.262963 -0.814457 0.401754 0.172489 -0.899356 0.851855 -0.260759 -0.454255 0.059892 -0.018217 0.998039 0.498915 -0.018489 0.866454 0.591248 0.074476 0.803044 0.322120 0.194487 0.926506 0.929881 0.085683 -0.357743 0.930707 0.151735 -0.332807 0.808919 -0.416650 -0.414792 0.757946 -0.498652 -0.420553 0.191205 0.120033 -0.974183 0.504559 0.076450 -0.859986 0.675545 0.183999 -0.713991 0.570637 0.248258 -0.782778 -0.967682 0.012472 0.251867 -0.969548 0.100078 0.223519 -0.819696 0.547099 -0.169653 -0.723783 0.672603 0.154090 -0.857828 0.513936 -0.001021 -0.294175 0.806575 -0.512736 -0.470159 -0.369805 0.801371 -0.801539 -0.396463 0.447608 0.490982 0.022786 -0.870872 0.770604 0.268302 -0.578085 0.733963 0.679189 0.000874 0.767998 0.628320 -0.124069 0.206292 0.911382 0.356127 0.727637 0.685962 0.000866 -0.189246 -0.042903 -0.980992 -0.209357 -0.053843 -0.976356 0.273147 -0.019439 -0.961776 -0.968793 -0.025613 0.246545 -0.897534 0.367828 0.243176 -0.909439 -0.126805 0.396031 0.916652 0.041375 0.397540 -0.809647 -0.433885 0.395240 -0.880793 -0.384862 0.275836 -0.430425 -0.846296 0.313875 -0.180445 -0.710458 0.680213 0.692441 0.682985 -0.232502 0.893454 -0.327349 -0.307542 0.889092 0.269769 -0.369784 0.919538 0.153753 -0.361677 0.292815 -0.186464 0.937812 0.589076 -0.083618 0.803740 -0.885839 0.145082 0.440728 0.793740 -0.114730 0.597339 0.977313 -0.069503 0.200072 0.621869 -0.161645 0.766257 0.929028 -0.010978 -0.369847 
						0.878821 -0.327527 -0.346986 -0.419909 0.906896 0.034858 0.525800 0.843559 -0.109283 0.007723 0.114954 -0.993341 -0.402752 0.135500 -0.905224 -0.212607 0.034467 -0.976530 -0.341694 0.254096 -0.904810 -0.964258 -0.028363 0.263443 -0.876534 -0.386916 0.286330 -0.494626 -0.869059 0.008974 -0.586174 -0.736776 0.336990 0.874319 -0.041622 -0.483564 0.946341 0.258657 0.193739 -0.005342 -0.762745 0.646677 -0.837003 -0.291892 0.462845 0.070594 -0.430611 -0.899772 0.820984 0.120683 -0.558051 0.853555 0.220554 -0.472017 0.006353 -0.520736 -0.853694 0.809035 -0.421928 0.409193 0.539474 -0.040157 0.841044 -0.279666 -0.059215 -0.958270 -0.061173 0.181579 -0.981472 0.476311 -0.858761 -0.188830 0.114424 -0.955769 -0.270947 -0.476720 0.832600 0.281985 -0.619663 0.784474 -0.024857 -0.351479 -0.807089 -0.474416 -0.056220 -0.987376 -0.148080 0.141177 -0.542419 -0.828161 0.672255 0.400728 0.622487 0.006210 0.102129 0.994752 0.828362 0.502819 0.246962 0.154816 0.689348 0.707694 0.851447 -0.449420 -0.270296 0.902967 -0.326866 -0.278944 0.849928 0.244234 -0.466875 0.860171 0.278654 -0.427151 0.395696 -0.366690 -0.842000 0.086094 -0.181980 -0.979526 -0.250040 0.314298 -0.915804 -0.018581 -0.016102 -0.999698 0.725237 0.413675 -0.550368 0.933154 -0.010983 0.359309 0.949645 0.281238 0.138131 0.555898 0.435785 -0.707862 -0.054823 -0.087310 -0.994672 -0.020902 0.050810 -0.998490 0.569642 0.736667 -0.364458 0.925736 0.087564 -0.367892 0.793233 0.386214 0.470766 0.959560 -0.045522 -0.277798 0.037602 -0.986637 0.158534 0.143124 -0.977683 -0.153792 0.217244 0.764556 -0.606844 -0.241292 -0.566920 -0.787642 0.909586 -0.393995 -0.131987 0.785038 -0.613746 0.083851 0.578521 -0.580784 -0.572715 -0.090457 0.959693 0.266097 -0.885423 0.461082 0.058554 -0.847091 0.524881 0.083287 -0.180744 0.578407 0.795473 -0.634622 0.218031 0.741430 
						-0.346650 0.093534 0.933319 -0.321778 0.589460 0.740943 -0.877355 0.435311 0.201873 0.202186 -0.975114 -0.090960 -0.573916 0.783399 0.238550 -0.860164 0.476883 0.180832 0.843760 0.351424 0.405673 0.853301 -0.424374 -0.302959 -0.815804 -0.355000 0.456550 -0.561063 -0.667612 0.489390 0.158767 0.703725 0.692506 0.821594 0.286155 0.493050 0.446830 -0.484385 0.752140 0.901782 -0.432188 -0.001467 0.874254 -0.469905 -0.121938 0.195412 -0.381371 0.903532 -0.752724 0.566803 0.334873 -0.687841 0.725323 0.027972 -0.277247 0.768045 0.577270 0.091278 0.924427 0.370274 -0.889378 0.438174 -0.130421 -0.966094 0.209080 0.151485 -0.452708 0.876405 0.164223 -0.703601 -0.262825 0.660203 -0.570162 -0.386036 0.725184 0.128596 0.468942 0.873817 -0.711411 -0.614773 0.340513 0.045244 0.488500 -0.871390 0.519093 0.779789 -0.349959 -0.447258 0.109643 -0.887659 0.530843 0.495265 -0.687690 -0.901302 -0.398816 -0.169116 -0.822375 -0.512526 -0.247015 -0.887247 -0.456199 -0.068375 -0.629499 -0.766133 0.129503 -0.829399 -0.359341 0.427751 -0.919231 -0.311986 -0.240166 -0.730502 -0.436986 0.524795 -0.795364 0.590012 0.138856 -0.949885 0.304475 0.070800 -0.799270 -0.600969 -0.002084 -0.762418 -0.644565 -0.057049 -0.924103 -0.334469 -0.184835 -0.724769 0.137722 -0.675087 -0.739034 -0.657012 -0.148876 0.009136 -0.707102 -0.707053 0.342432 -0.589274 -0.731776 -0.790741 -0.602262 -0.109582 0.645303 0.314072 -0.696378 -0.385549 -0.197255 -0.901356 -0.804149 0.232665 0.547002 -0.043436 -0.767091 0.640066 0.510932 0.441317 -0.737691 -0.524702 -0.547003 0.652285 -0.924157 -0.381654 -0.016555 0.815292 -0.211628 0.538992 -0.326145 0.296404 0.897649 0.178353 -0.255088 0.950327 0.863898 -0.200658 0.461971 -0.955757 0.231325 -0.181705 -0.877940 -0.136037 0.459038 -0.785142 0.406604 -0.467146 -0.416863 0.908686 0.022709 -0.870948 0.476186 -0.121230 
						-0.686531 0.682933 -0.249556 -0.123625 0.622084 -0.773129 -0.940033 0.301141 -0.160164 0.768534 0.416810 -0.485411 0.697661 0.463739 -0.546091 -0.081560 0.297239 0.951313 0.144476 -0.021626 0.989272 -0.846761 -0.292836 0.444122 -0.606802 -0.314323 0.730063 0.144615 -0.205888 0.967831 -0.813255 -0.314498 0.489600 -0.893542 0.153688 -0.421856 -0.925439 0.035901 -0.377191 0.955148 -0.243816 0.168066 0.862639 -0.505666 -0.012473 0.987305 0.083194 0.135304 0.702188 0.711403 0.028926 -0.849151 0.426635 0.311329 -0.950067 0.268915 0.158294 -0.961732 -0.152893 -0.227366 0.813358 0.483394 0.323696 -0.977892 0.051460 -0.202681 
					</float_array>
					<technique_common>
						<accessor count="470" offset="0" source="#meshId3-bitangents-array" stride="3">
							<param name="X" type="float" />
							<param name="Y" type="float" />
							<param name="Z" type="float" />
						</accessor>
					</technique_common>
				</source>
				<source id="meshId3-tex0" name="meshId3-tex0">
					<float_array id="meshId3-tex0-array" count="940"> 
						0.881429 0.436473 0.887776 0.382420 0.893316 0.386218 0.895566 0.433543 0.350504 0.815640 0.362346 0.745002 0.369825 0.749100 0.369825 0.811417 0.959015 0.556264 0.970245 0.502831 0.975770 0.506161 0.973662 0.552267 0.738713 0.452510 0.751788 0.382726 0.759173 0.386933 0.758000 0.448590 0.879536 0.460708 0.895566 0.449323 0.759173 0.457433 0.735141 0.467811 0.975770 0.568585 0.959200 0.580366 0.866280 0.446555 0.868729 0.431006 0.253747 0.715621 0.257984 0.726128 0.251914 0.728965 0.247708 0.722248 0.452669 0.271953 0.441350 0.271931 0.444812 0.265861 0.453141 0.266249 0.245424 0.783327 0.257984 0.787646 0.333822 0.805283 0.354022 0.746409 0.453141 0.277983 0.444812 0.278550 0.881601 0.385111 0.353598 0.743469 0.363885 0.738494 0.721969 0.442024 0.743360 0.384054 0.654524 0.495788 0.658580 0.478679 0.679406 0.475864 0.686339 0.483154 0.937525 0.362196 0.928463 0.374383 0.906717 0.373701 0.905007 0.351162 0.900973 0.203135 0.878946 0.217312 0.871768 0.184708 0.889103 0.185305 0.937525 0.347945 0.919723 0.335755 0.766483 0.139364 0.778523 0.167339 0.763767 0.172294 0.750757 0.159610 0.067601 0.659647 0.064038 0.629894 0.085388 0.642157 
						0.081331 0.658481 0.788438 0.147101 0.790019 0.163579 0.053466 0.661462 0.045394 0.646435 0.769322 0.850202 0.748273 0.844575 0.748273 0.793855 0.769322 0.787786 0.789901 0.844643 0.789901 0.793923 0.886375 0.139292 0.900973 0.148399 0.790019 0.218980 0.773109 0.214259 0.667112 0.416818 0.686339 0.425595 0.645228 0.419844 0.638295 0.470113 0.085388 0.701675 0.072593 0.712801 0.057523 0.704656 0.909419 0.949297 0.927206 0.947757 0.927206 0.975892 0.961644 0.108136 0.938046 0.115331 0.939937 0.093822 0.952728 0.089921 0.841793 0.358471 0.861955 0.343977 0.861955 0.373049 0.832833 0.339731 0.843762 0.331875 0.999252 0.969770 0.982633 0.964904 0.999252 0.938860 0.233981 0.965889 0.253889 0.969957 0.249272 0.989195 0.238481 0.986990 0.961644 0.133711 0.304377 0.996245 0.287075 0.996245 0.291688 0.978686 0.301066 0.978686 0.903779 0.962447 0.830216 0.366181 0.826559 0.343910 0.253889 0.997582 0.244539 0.998531 0.296396 0.967179 0.288440 0.967423 0.236429 0.994015 0.812875 0.117805 0.835867 0.115626 0.835867 0.128189 0.816485 0.132962 0.409017 0.492735 0.402395 0.512211 0.382702 0.500074 0.383051 0.478996 0.348192 0.675337 0.346989 0.695079 
						0.335610 0.694043 0.333650 0.673486 0.422252 0.082068 0.423243 0.102975 0.400149 0.100073 0.392077 0.081770 0.424165 0.127169 0.393915 0.105425 0.451293 0.101736 0.445705 0.097144 0.360740 0.694975 0.363536 0.711092 0.347511 0.730528 0.425305 0.516091 0.430560 0.522382 0.395432 0.534448 0.357609 0.630658 0.365828 0.632996 0.365828 0.674681 0.423623 0.021017 0.410852 0.021477 0.670335 0.795865 0.670335 0.847483 0.660993 0.847670 0.653730 0.791972 0.451293 0.076650 0.433837 0.020077 0.434662 0.563966 0.439131 0.621891 0.421887 0.617921 0.425820 0.563576 0.438026 0.501092 0.416603 0.429410 0.426017 0.433316 0.438026 0.437489 0.814858 0.099753 0.834622 0.102797 0.432722 0.418483 0.421904 0.005476 0.652247 0.850805 0.637606 0.801875 0.427930 0.543207 0.664366 0.867702 0.439131 0.558977 0.539001 0.566958 0.536843 0.598805 0.525763 0.604349 0.504533 0.592550 0.506220 0.567651 0.527285 0.548166 0.523592 0.417859 0.549284 0.433071 0.539629 0.455131 0.521978 0.450178 0.498338 0.444011 0.506882 0.455285 0.124380 0.760892 0.123041 0.738827 0.135695 0.720310 0.137446 0.756014 0.497775 0.542503 0.524337 0.529141 0.854748 0.870764 0.861703 0.895426 
						0.847573 0.908884 0.838205 0.898032 0.549284 0.505367 0.523175 0.519959 0.521480 0.491506 0.539545 0.486424 0.517857 0.631085 0.492872 0.614663 0.539001 0.616762 0.506867 0.487617 0.137446 0.804267 0.122994 0.787898 0.443579 0.891927 0.441784 0.870666 0.451997 0.845585 0.457024 0.907215 0.861703 0.942788 0.845168 0.933302 0.469973 0.865428 0.469973 0.892238 0.978521 0.339839 0.966614 0.337424 0.973887 0.325469 0.405840 0.952528 0.389053 0.952068 0.383296 0.912679 0.405840 0.913296 0.163850 0.924903 0.146950 0.925495 0.161909 0.914428 0.163850 0.963910 0.141153 0.964705 0.632250 0.927700 0.620463 0.927700 0.626183 0.910249 0.767495 0.966963 0.753683 0.966258 0.747308 0.937267 0.765858 0.938214 0.404263 0.963677 0.633961 0.964854 0.618131 0.964854 0.984741 0.332341 0.984741 0.373445 0.968750 0.370201 0.481944 0.966725 0.500972 0.971014 0.478015 0.978967 0.500972 0.986798 0.481944 0.992264 0.755239 0.922202 0.767495 0.925985 0.951077 0.382249 0.951915 0.454613 0.945114 0.456695 0.942034 0.391074 0.492003 0.723967 0.495218 0.640167 0.508835 0.655762 0.505032 0.722660 0.183950 0.908524 0.173525 0.828785 0.191609 0.827600 0.191609 0.900059 
						0.778395 0.399410 0.784214 0.479366 0.764086 0.413145 0.779812 0.383224 0.794543 0.391841 0.791380 0.400792 0.762298 0.405553 0.477950 0.710121 0.494067 0.740057 0.476835 0.717601 0.508835 0.731519 0.174100 0.902562 0.167498 0.833303 0.960024 0.391122 0.960024 0.456735 0.794543 0.467411 0.843547 0.303463 0.844398 0.326498 0.831832 0.325773 0.828177 0.306186 0.458276 0.324147 0.475010 0.312144 0.483962 0.333445 0.471400 0.350393 0.618498 0.473034 0.615527 0.453479 0.626871 0.452111 0.633106 0.471800 0.343138 0.240395 0.362153 0.249222 0.348860 0.268292 0.328871 0.266935 0.384053 0.259634 0.350717 0.276287 0.374070 0.223848 0.367402 0.226657 0.602104 0.456458 0.595984 0.441285 0.607570 0.418927 0.458630 0.295693 0.458018 0.287525 0.493628 0.298092 0.634387 0.544775 0.595600 0.544775 0.601391 0.477366 0.274858 0.203363 0.264967 0.225462 0.826539 0.248185 0.844523 0.249681 0.351807 0.212206 0.283226 0.184532 0.291702 0.166078 0.360683 0.209014 0.439542 0.300515 0.414026 0.397075 0.400056 0.376615 0.384017 0.352789 0.861488 0.306481 0.857303 0.325999 0.861488 0.248495 0.698243 0.228736 0.707404 0.140754 0.712798 0.222957 0.493628 0.393378 
						0.414026 0.397075 0.398738 0.375639 0.480342 0.375665 0.905496 0.248292 0.910658 0.328882 0.899965 0.328981 0.896062 0.260719 0.366521 0.165944 0.283226 0.184532 0.291702 0.166078 0.359740 0.152455 0.695980 0.251253 0.712798 0.235490 0.369383 0.146879 0.384053 0.160591 0.947848 0.876377 0.946177 0.861305 0.963517 0.856830 0.962897 0.876377 0.683630 0.231679 0.686069 0.219464 0.920048 0.257325 0.920048 0.326139 0.489156 0.407850 0.419910 0.406606 0.356542 0.185708 0.277041 0.200164 0.292733 0.543237 0.311220 0.622306 0.276758 0.548997 0.312769 0.904398 0.316603 0.826155 0.329463 0.825563 0.320119 0.896888 0.474841 0.374565 0.414026 0.397075 0.400056 0.376615 0.457854 0.359965 0.264633 0.550203 0.290704 0.622592 0.274920 0.622544 0.261830 0.562624 0.891512 0.479139 0.899778 0.468298 0.913959 0.475440 0.910887 0.485866 0.899480 0.494947 0.913959 0.498005 0.464340 0.347768 0.488800 0.361349 0.329463 0.910304 0.321155 0.926668 0.478177 0.385944 0.419910 0.406606 0.394074 0.368080 0.311220 0.550608 0.430564 0.758769 0.430564 0.859435 0.419211 0.770540 0.270809 0.816700 0.271445 0.744948 0.285312 0.808775 0.617649 0.642357 0.615375 0.564319 
						0.634660 0.569528 0.632772 0.635947 0.452991 0.809730 0.465943 0.748609 0.472435 0.761085 0.464936 0.806413 0.421489 0.740379 0.411544 0.762077 0.472435 0.827997 0.458920 0.838755 0.634660 0.643291 0.618348 0.657883 0.764305 0.594629 0.764305 0.609793 0.749222 0.608564 0.743479 0.587143 0.601938 0.627947 0.608697 0.555065 0.261630 0.808213 0.261059 0.757621 0.293313 0.720845 0.293313 0.803862 0.441890 0.802418 0.913930 0.943662 0.905630 0.890324 0.927286 0.880797 0.927286 0.932680 0.923326 0.150304 0.923326 0.224933 0.920981 0.215578 0.915685 0.159297 0.213761 0.898939 0.220404 0.823330 0.231912 0.846759 0.223123 0.903178 0.265850 0.898631 0.284731 0.825023 0.275856 0.895308 0.942685 0.993562 0.928881 0.980810 0.932181 0.960640 0.942685 0.966000 0.284731 0.904555 0.272681 0.914131 0.866179 0.680377 0.866179 0.693658 0.847964 0.701052 0.851547 0.681785 0.903193 0.157127 0.910414 0.139620 0.205850 0.879481 0.231912 0.907067 0.911593 0.212390 0.260690 0.888048 0.262095 0.836777 0.517234 0.947176 0.511183 0.906214 0.524104 0.911881 0.526680 0.944447 0.449666 0.914553 0.441417 0.956774 0.443937 0.922334 0.461452 0.912671 0.461452 0.972287 
						0.457959 0.917465 0.985350 0.880425 0.993149 0.935013 0.982370 0.919232 0.993149 0.882637 0.521287 0.963256 0.531353 0.954263 0.811232 0.488775 0.796836 0.486841 0.806557 0.478027 0.815559 0.480308 0.815559 0.497380 0.806557 0.496751 0.050491 0.961285 0.055514 0.952492 0.061933 0.964257 0.056681 0.980611 0.531310 0.706026 0.538043 0.705049 0.538043 0.766174 0.061933 0.915228 0.531353 0.898143 
					</float_array>
					<technique_common>
						<accessor count="470" offset="0" source="#meshId3-tex0-array" stride="2">
							<param name="S" type="float" />
							<param name="T" type="float" />
						</accessor>
					</technique_common>
				</source>
				<vertices id="meshId3-vertices">
					<input semantic="POSITION" source="#meshId3-positions" />
				</vertices>
				<polylist count="352" material="defaultMaterial">
					<input offset="0" semantic="VERTEX" source="#meshId3-vertices" />
					<input offset="0" semantic="NORMAL" source="#meshId3-normals" />
					<input offset="0" semantic="TANGENT" source="#meshId3-tangents" />
					<input offset="0" semantic="BINORMAL" source="#meshId3-bitangents" />
					<input offset="0" semantic="TEXCOORD" source="#meshId3-tex0" set="0" />
					<vcount>
						3 3 3 3 3 3 3 3 3 3 3 3 3 3 3 3 3 3 3 3 3 3 3 3 3 3 3 3 3 3 3 3 3 3 3 3 3 3 3 3 3 3 3 3 3 3 3 3 3 3 3 3 3 3 3 3 3 3 3 3 3 3 3 3 
						3 3 3 3 3 3 3 3 3 3 3 3 3 3 3 3 3 3 3 3 3 3 3 3 3 3 3 3 3 3 3 3 3 3 3 3 3 3 3 3 3 3 3 3 3 3 3 3 3 3 3 3 3 3 3 3 3 3 3 3 3 3 3 3 
						3 3 3 3 3 3 3 3 3 3 3 3 3 3 3 3 3 3 3 3 3 3 3 3 3 3 3 3 3 3 3 3 3 3 3 3 3 3 3 3 3 3 3 3 3 3 3 3 3 3 3 3 3 3 3 3 3 3 3 3 3 3 3 3 
						3 3 3 3 3 3 3 3 3 3 3 3 3 3 3 3 3 3 3 3 3 3 3 3 3 3 3 3 3 3 3 3 3 3 3 3 3 3 3 3 3 3 3 3 3 3 3 3 3 3 3 3 3 3 3 3 3 3 3 3 3 3 3 3 
						3 3 3 3 3 3 3 3 3 3 3 3 3 3 3 3 3 3 3 3 3 3 3 3 3 3 3 3 3 3 3 3 3 3 3 3 3 3 3 3 3 3 3 3 3 3 3 3 3 3 3 3 3 3 3 3 3 3 3 3 3 3 3 3 
						3 3 3 3 3 3 3 3 3 3 3 3 3 3 3 3 3 3 3 3 3 3 3 3 3 3 3 3 3 3 3 3 
					</vcount>
					<p>
						3 0 1 1 2 3 7 4 5 5 6 7 11 8 9 9 10 11 15 12 13 13 14 15 17 16 0 0 3 17 15 18 19 19 12 15 8 11 20 20 21 8 16 22 23 23 0 16 27 24 25 25 26 27 31 28 29 29 30 31 33 32 26 26 25 33 4 34 35 35 5 4 28 36 37 37 29 28 0 23 38 38 1 0 40 5 35 35 39 40 12 41 42 42 13 12 46 43 44 44 45 46 50 47 48 48 49 50 54 51 52 52 53 54 56 55 47 47 50 56 60 57 58 58 59 60 64 61 62 62 63 64 57 65 66 66 58 57 61 67 68 68 62 61 72 69 70 70 71 72 74 73 69 69 72 74 53 75 76 76 54 53 78 59 58 58 77 78 44 79 80 80 45 44 82 81 79 79 44 82 84 61 64 64 83 84 85 67 61 61 84 85 
						86 87 88 92 89 90 90 91 92 93 94 95 97 94 93 93 96 97 98 99 100 104 101 102 102 103 104 90 89 105 109 106 107 107 108 109 110 86 88 96 93 111 111 112 96 103 113 114 109 108 115 108 116 115 104 103 114 117 104 114 121 118 119 119 120 121 125 122 123 123 124 125 129 126 127 127 128 129 133 130 131 131 132 133 131 134 135 135 132 131 137 136 134 134 131 137 127 138 139 139 140 127 143 123 141 141 142 143 126 144 145 145 146 126 148 147 130 130 133 148 152 149 150 150 151 152 130 153 137 137 131 130 154 153 130 130 147 154 126 146 138 138 127 126 158 155 156 156 157 158 122 159 141 141 123 122 122 125 160 160 161 122 162 159 122 122 161 162 118 163 164 164 119 118 162 161 165 154 147 166 161 160 165 147 148 166 168 152 151 151 167 168 
						155 158 169 151 150 170 171 155 169 167 151 170 177 172 173 177 173 174 177 174 175 175 176 177 181 178 179 179 180 181 183 182 178 178 181 183 187 184 185 185 186 187 189 177 176 176 188 189 193 190 191 191 192 193 197 194 195 195 196 197 199 175 174 174 198 199 198 174 173 173 200 198 181 180 197 181 197 196 181 196 201 201 183 181 184 187 202 202 203 184 207 204 205 205 206 207 192 191 208 208 209 192 211 207 206 206 210 211 212 213 214 218 215 216 216 217 218 219 220 221 223 220 219 219 222 223 224 225 226 230 227 228 228 229 230 216 215 231 233 225 224 224 232 233 234 212 214 236 213 212 212 235 236 237 238 239 238 240 239 240 241 239 230 229 242 243 230 242 247 244 245 245 246 247 251 248 249 249 250 251 255 252 253 253 254 255 256 257 258 256 259 260 
						260 261 256 258 262 259 259 256 258 265 263 248 248 264 265 264 248 251 251 266 264 252 267 268 268 253 252 263 249 248 244 269 270 270 245 244 256 261 271 271 257 256 275 272 273 273 274 275 279 276 277 277 278 279 283 280 281 281 282 283 287 284 285 285 286 287 285 288 289 289 286 285 291 290 288 288 285 291 281 292 293 293 294 281 297 277 295 295 296 297 280 298 299 299 300 280 302 301 284 284 287 302 272 275 303 303 304 272 284 305 291 291 285 284 306 305 284 284 301 306 280 300 292 292 281 280 306 307 308 308 305 306 276 309 295 295 277 276 276 279 310 310 311 276 312 309 276 276 311 312 272 313 314 314 273 272 313 272 304 304 315 313 316 317 318 322 319 320 320 321 322 326 323 324 324 325 326 330 327 328 328 329 330 332 331 316 316 318 332 330 333 334 
						334 327 330 338 335 336 336 337 338 331 339 340 340 316 331 323 341 342 342 324 323 319 343 344 344 320 319 340 317 316 327 345 346 346 328 327 347 348 349 353 350 351 351 352 353 357 354 355 355 356 357 361 358 359 359 360 361 365 362 363 363 364 365 367 366 362 362 365 367 354 357 368 368 369 354 371 350 353 353 370 371 354 372 373 373 355 354 368 357 356 356 374 368 375 348 347 358 349 348 348 359 358 376 377 378 379 380 381 385 382 383 383 384 385 389 386 387 387 388 389 391 390 376 376 378 391 389 392 393 393 386 389 382 385 394 394 395 382 399 396 397 397 398 399 382 400 401 401 383 382 379 402 403 403 380 379 405 381 380 380 404 405 406 387 386 410 407 408 408 409 410 414 411 412 412 413 414 418 415 416 416 417 418 419 420 421 425 422 423 423 424 425 
						421 426 427 427 419 421 431 428 429 429 430 431 433 411 414 414 432 433 434 416 415 418 417 435 432 414 413 413 436 432 419 437 438 438 420 419 442 439 440 440 441 442 443 444 445 448 446 447 447 444 448 449 450 451 449 451 452 454 453 439 439 442 454 458 455 456 456 457 458 455 459 460 460 456 455 464 461 462 462 463 464 465 466 467 448 444 443 462 468 463 454 442 441 441 469 454 
					</p>
				</polylist>
			</mesh>
		</geometry>
		<geometry id="meshId4" name="meshId4_name" >
			<mesh>
				<source id="meshId4-positions" name="meshId4-positions">
					<float_array id="meshId4-positions-array" count="1410"> 
						-1.285943 -13.657432 3.216880 -0.980681 -13.663263 0.265772 -0.949084 -13.873236 0.390449 -1.203120 -14.144620 2.924889 -0.762269 -13.138807 3.224322 -0.756463 -13.436193 0.272363 -0.949084 -13.453305 0.390449 -1.203120 -13.182707 2.924889 -0.243703 -13.663655 3.241352 -0.529901 -13.660572 0.275587 -0.562983 -13.452232 0.385732 -0.323197 -13.185154 2.914138 -0.762269 -14.188502 3.224322 -0.756463 -13.890334 0.272363 -0.562983 -13.874310 0.385731 -0.323197 -14.142172 2.914138 -0.764868 -13.663601 3.848328 -0.762269 -14.188502 3.224322 -0.243703 -13.663655 3.241352 -0.764868 -13.663601 3.848328 -0.762269 -13.138807 3.224322 -0.764868 -13.663601 3.848328 -0.762269 -13.138807 3.224322 -1.203120 -13.182707 2.924889 -0.755343 -13.663241 0.004146 -0.529901 -13.660572 0.275587 -0.562983 -13.874310 0.385731 -0.756463 -13.890334 0.272363 -0.980681 -13.663263 0.265772 -0.755343 -13.663241 0.004146 -0.756463 -13.890334 0.272363 -0.949084 -13.873236 0.390449 -0.323197 -14.142172 2.914138 -0.243703 -13.663655 3.241352 -0.323197 -13.185154 2.914138 -0.562983 -13.452232 0.385732 -0.949084 -13.453305 0.390449 -0.756463 -13.436193 0.272363 -0.949084 -13.453305 0.390449 -0.529901 -13.660572 0.275587 -0.755343 -13.663241 0.004146 -1.203120 -14.144620 2.924889 -0.949084 -13.873236 0.390449 -5.997027 -13.667266 0.012092 -5.997027 -12.949622 0.711801 -5.497027 -13.167265 0.953768 -5.279384 -13.667266 0.711801 -6.714673 -13.667266 0.711801 -6.497028 -13.167265 0.953768 -5.997027 -12.949622 0.711801 -5.997027 -13.667266 0.012092 -5.997027 -14.384911 0.711801 -5.997027 -13.667266 0.012092 -5.279384 -13.667266 0.711801 -5.497027 -14.167268 0.953768 -6.497028 -14.167268 0.953768 -5.997027 -14.384911 0.711801 -5.997027 -13.667265 3.994059 -5.279384 -13.667266 3.294349 -5.497027 -13.167265 3.052382 -5.997027 -12.949622 3.294349 -6.714673 -13.667266 3.294349 -5.997027 -13.667265 3.994059 -5.997027 -12.949622 3.294349 
						-6.497028 -13.167265 3.052382 -5.997027 -14.384911 3.294349 -5.497027 -14.167268 3.052382 -6.497028 -14.167268 3.052382 -5.997027 -14.384911 3.294349 -5.997027 -14.384911 3.294349 -6.497028 -14.167268 3.052382 -6.497028 -14.167268 0.953768 -5.997027 -14.384911 0.711801 -5.497027 -14.167268 3.052382 -5.497027 -14.167268 0.953768 -5.279384 -13.667266 3.294349 -5.497027 -14.167268 3.052382 -5.279384 -13.667266 0.711801 -5.497027 -13.167265 0.953768 -5.997027 -12.949622 3.294349 -5.497027 -13.167265 3.052382 -6.497028 -13.167265 3.052382 -6.497028 -13.167265 0.953768 -6.497028 -13.167265 0.953768 -6.714673 -13.667266 0.711801 -6.497028 -14.167268 0.953768 -3.924333 -13.667266 1.141336 -4.287607 -13.167270 1.141339 -4.450063 -13.667266 2.131845 -4.287607 -14.167261 1.141339 -4.875384 -13.976276 1.141339 -4.680602 -13.834761 0.303116 -4.362006 -13.938282 0.303117 -4.287607 -13.167270 1.141339 -4.875384 -13.358254 1.141339 -4.450063 -13.667266 2.131845 -4.362006 -13.396251 0.303117 -4.680602 -13.499771 0.303117 -4.875384 -13.358254 1.141339 -4.875384 -13.976276 1.141339 -4.450063 -13.667266 2.131845 -3.924333 -13.667266 1.141336 -4.287607 -14.167261 1.141339 -4.362006 -13.938282 0.303117 -4.165099 -13.667266 0.303115 -4.450063 -13.667266 2.131845 -4.875384 -13.976276 1.141339 -4.875384 -13.358254 1.141339 -4.680602 -13.499771 0.303117 -4.680602 -13.834761 0.303116 -4.287607 -14.167261 1.141339 -3.924333 -13.667266 1.141336 -4.165099 -13.667266 0.303115 -4.680602 -13.834761 0.303116 -4.450064 -13.667266 0.039460 -4.450064 -13.667266 0.039460 -4.362006 -13.396251 0.303117 -4.362006 -13.396251 0.303117 -3.719085 -13.623114 3.160184 -3.520561 -13.664218 4.066745 -3.374434 -13.209757 3.884384 -3.542548 -13.070229 3.114041 -2.821665 -12.994273 3.210134 -2.826116 -13.184999 4.066745 -2.277799 -13.209757 3.884384 -2.114661 -13.082628 3.059221 -1.942991 -13.664570 3.312259 -2.139327 -13.664218 4.066745 
						-2.277799 -14.118680 3.884384 -2.114661 -14.246511 3.059221 -2.821665 -14.334867 3.210134 -2.826116 -14.143438 4.066745 -3.374434 -14.118680 3.884384 -3.542548 -14.258910 3.114041 -2.829944 -13.664218 5.044877 -3.520561 -13.664218 4.066745 -2.139327 -13.664218 4.066745 -2.277799 -14.118680 3.884384 -2.277799 -13.209757 3.884384 -2.826116 -13.184999 4.066745 -2.829944 -13.664218 5.044877 -3.374434 -13.209757 3.884384 -3.520561 -13.664218 4.066745 -2.829944 -13.664218 5.044877 -2.333219 -13.664219 0.674887 -2.435454 -13.385985 0.662168 -2.114661 -13.082628 3.059221 -2.682566 -13.972380 0.675327 -2.989951 -13.992680 0.661402 -3.542548 -13.070229 3.114041 -2.989951 -13.335760 0.661402 -3.027095 -13.664219 0.676347 -3.719085 -13.623114 3.160184 -2.114661 -14.246511 3.059221 -2.435454 -13.942455 0.662168 -2.333219 -13.664219 0.674887 -1.942991 -13.664570 3.312259 -2.114661 -14.246511 3.059221 -2.435454 -13.942455 0.662168 -3.542548 -13.070229 3.114041 -2.435454 -13.385985 0.662168 -2.682566 -13.356061 0.675327 -2.989951 -13.335760 0.661402 -3.542548 -14.258910 3.114041 -3.374434 -14.118680 3.884384 -2.691105 -13.664219 0.014085 -2.691105 -13.664219 0.014085 -2.989951 -13.992680 0.661402 -3.542548 -14.258910 3.114041 -2.691105 -13.664219 0.014085 -2.691105 -13.664219 0.014085 -2.435454 -13.385985 0.662168 1.696174 -13.216866 2.687385 1.696174 -13.216866 1.367267 1.438884 -13.216866 1.106583 0.909438 -13.216866 1.532121 0.909438 -13.216866 2.564214 1.383978 -13.216866 3.428906 1.307365 -13.663601 4.220414 0.690371 -13.657425 3.592294 0.909438 -14.154531 2.703074 1.332710 -14.183543 2.908323 1.915241 -13.618990 3.134557 1.696174 -14.152587 2.694533 1.696174 -13.216866 2.687385 1.383978 -13.216866 3.428906 1.307365 -13.663601 4.220414 1.915241 -13.618990 3.134557 0.690371 -13.657425 3.592294 1.307365 -13.663601 4.220414 1.317605 -13.663603 -0.004145 1.806767 -13.739995 0.650335 
						1.696174 -14.168398 1.357516 1.342629 -14.265409 1.202269 0.690371 -13.663655 0.601263 1.317605 -13.663603 -0.004145 1.342629 -14.265409 1.202269 0.909438 -14.235013 1.412207 1.317605 -13.663603 -0.004145 0.690371 -13.663655 0.601263 1.806767 -13.739995 0.650335 1.696174 -14.168398 1.357516 1.806767 -13.739995 0.650335 1.696174 -13.216866 1.367267 0.909438 -13.216866 2.564214 0.909438 -13.216866 1.532121 0.690371 -13.663655 0.601263 0.690371 -13.657425 3.592294 1.915241 -13.618990 3.134557 1.696174 -14.152587 2.694533 0.909438 -14.235013 1.412207 0.909438 -14.154531 2.703074 3.232536 -13.667266 2.092196 2.985301 -13.326982 2.092197 2.965642 -13.667266 2.539050 2.985301 -14.007550 2.092197 2.585274 -13.877570 2.092197 2.412096 -13.949702 0.475692 2.949327 -14.124263 0.475692 2.985301 -13.326982 2.092197 2.585274 -13.456959 2.092197 2.965642 -13.667266 2.539050 2.949327 -13.210269 0.475692 2.412096 -13.384829 0.475692 2.585274 -13.456959 2.092197 2.585274 -13.877570 2.092197 2.965642 -13.667266 2.539050 3.232536 -13.667266 2.092196 2.985301 -14.007550 2.092197 2.949327 -14.124263 0.475692 3.281360 -13.667266 0.475689 2.965642 -13.667266 2.539050 2.412096 -13.384829 0.475692 2.412096 -13.949702 0.475692 2.985301 -14.007550 2.092197 3.281360 -13.667266 0.475689 2.949327 -13.210269 0.475692 2.949327 -14.124263 0.475692 2.412096 -13.949702 0.475692 2.896247 -13.667266 0.020379 2.412096 -13.384829 0.475692 2.949327 -13.210269 0.475692 2.896247 -13.667266 0.020379 2.949327 -13.210269 0.475692 4.186002 -13.660696 2.039484 5.499315 -13.600157 0.002760 5.558722 -13.845222 0.002760 4.390316 -13.986153 1.911758 4.568070 -13.314239 2.356134 6.037768 -12.954632 0.002760 5.558722 -13.312641 0.002760 4.390316 -13.343565 1.911758 4.941671 -13.664855 2.675556 6.099658 -13.595123 0.002760 6.037768 -12.954632 0.002760 5.043715 -13.345201 2.429718 
						4.568070 -14.015469 2.356134 5.938108 -13.866909 0.002760 5.043715 -13.984517 2.429718 4.259894 -13.664820 2.733046 4.186002 -13.660696 2.039484 4.390316 -13.986153 1.911758 4.941671 -13.664855 2.675556 5.043715 -13.345201 2.429718 4.259894 -13.664820 2.733046 4.941671 -13.664855 2.675556 4.186002 -13.660696 2.039484 5.043715 -13.984517 2.429718 5.938108 -13.866909 0.002760 4.390316 -13.343565 1.911758 5.558722 -13.312641 0.002760 5.558722 -13.845222 0.002760 5.568181 -13.623114 3.160184 5.766706 -13.664218 4.066745 5.912832 -13.209757 3.884384 5.744718 -13.070229 3.114041 6.465601 -12.994273 3.210134 6.461150 -13.184999 4.066745 7.009467 -13.209757 3.884385 7.172606 -13.082628 3.059221 7.344275 -13.664570 3.312259 7.147940 -13.664218 4.066745 7.009467 -14.118680 3.884385 7.172606 -14.246511 3.059221 6.465601 -14.334867 3.210134 6.461150 -14.143438 4.066745 5.912833 -14.118680 3.884384 5.744718 -14.258910 3.114041 6.457322 -13.664218 5.044877 5.766706 -13.664218 4.066745 7.147940 -13.664218 4.066745 7.009467 -14.118680 3.884385 7.009467 -13.209757 3.884385 6.461150 -13.184999 4.066745 6.457322 -13.664218 5.044877 5.912832 -13.209757 3.884384 5.766706 -13.664218 4.066745 6.457322 -13.664218 5.044877 7.610571 -13.977073 0.002760 7.311358 -12.657304 0.002760 7.172606 -13.082628 3.059221 6.621339 -14.163255 0.002760 6.037768 -14.201798 0.002760 6.037768 -12.954632 0.002760 6.099658 -13.595123 0.002760 7.172606 -14.246511 3.059221 7.116796 -14.177387 0.002760 7.610571 -13.977073 0.002760 7.344275 -13.664570 3.312259 5.744718 -13.070229 3.114041 7.311358 -12.657304 0.002760 6.727582 -12.901789 0.002760 6.037768 -12.954632 0.002760 5.744718 -14.258910 3.114041 5.912833 -14.118680 3.884384 6.037768 -14.201798 0.002760 7.874526 -13.657432 3.082989 6.728267 -13.574773 0.002760 7.804514 -14.144620 2.787665 8.335400 -13.138807 2.834226 
						7.311358 -12.657304 0.002760 6.728267 -13.574773 0.002760 7.804514 -13.182707 2.787664 8.796490 -13.663655 2.596325 7.563481 -13.571289 0.002760 7.610571 -13.175757 0.002760 8.567580 -13.185154 2.349365 8.335400 -14.188502 2.834226 7.116796 -14.177387 0.002760 7.610571 -13.977073 0.002760 8.567580 -14.142172 2.349365 8.637300 -13.663603 3.380347 8.335400 -14.188502 2.834226 8.796490 -13.663655 2.596325 8.637300 -13.663603 3.380347 8.567580 -13.185154 2.349365 8.335400 -13.138807 2.834226 8.637300 -13.663603 3.380347 8.796490 -13.663655 2.596325 8.335400 -13.138807 2.834226 7.804514 -13.182707 2.787664 8.567580 -14.142172 2.349365 7.610571 -13.977073 0.002760 8.567580 -13.185154 2.349365 7.610571 -13.175757 0.002760 7.804514 -14.144620 2.787665 6.728267 -13.574773 0.002760 7.166265 -12.258301 3.224669 6.728267 -13.574773 0.002760 7.545683 -12.534710 3.012685 6.953796 -11.818838 2.834748 6.490793 -13.160147 0.002760 6.728267 -13.574773 0.002760 6.728056 -12.179538 2.901025 7.628390 -11.762609 2.576302 7.311358 -12.657304 0.002760 6.727582 -12.901789 0.002760 7.108236 -11.774551 2.330123 7.846040 -12.206422 2.956599 7.223658 -13.478498 0.002760 7.610571 -13.175757 0.002760 7.921705 -12.127915 2.441215 7.549466 -11.724902 3.357917 7.166265 -12.258301 3.224669 7.545683 -12.534710 3.012685 7.846040 -12.206422 2.956599 7.628390 -11.762609 2.576302 7.921705 -12.127915 2.441215 6.953796 -11.818838 2.834748 7.549466 -11.724902 3.357917 7.166265 -12.258301 3.224669 7.549466 -11.724902 3.357917 7.921705 -12.127915 2.441215 7.610571 -13.175757 0.002760 6.490793 -13.160147 0.002760 6.728056 -12.179538 2.901025 5.289194 -11.332030 2.172470 6.728267 -13.574773 0.002760 5.749591 -11.226167 1.878245 4.694124 -11.546466 1.839850 5.938108 -13.866909 0.002760 5.060636 -11.820263 2.083813 4.843765 -11.110486 1.292513 6.037768 -12.954632 0.002760 
						5.558722 -13.312641 0.002760 4.698298 -11.657647 1.328644 5.445952 -10.898154 1.615523 6.728267 -13.574773 0.002760 6.357805 -13.018549 0.002760 5.383746 -11.066574 1.124122 4.758581 -10.772071 1.985279 5.445952 -10.898154 1.615523 4.843765 -11.110486 1.292513 4.758581 -10.772071 1.985279 4.694124 -11.546466 1.839850 4.758581 -10.772071 1.985279 4.694124 -11.546466 1.839850 5.060636 -11.820263 2.083813 5.289194 -11.332030 2.172470 4.758581 -10.772071 1.985279 5.383746 -11.066574 1.124122 6.357805 -13.018549 0.002760 4.698298 -11.657647 1.328644 5.558722 -13.312641 0.002760 6.728267 -13.574773 0.002760 5.289194 -11.332030 2.172470 5.749591 -11.226167 1.878245 5.298635 -15.697744 0.872652 6.037768 -14.201798 0.002760 6.825906 -14.473752 0.002760 5.789465 -15.651241 0.950364 4.889671 -15.294201 1.156672 6.099658 -13.595123 0.002760 5.938108 -13.866909 0.002760 5.068624 -15.290204 0.727533 5.258618 -15.290812 1.681740 6.728267 -13.574773 0.002760 6.099658 -13.595123 0.002760 5.046553 -14.924559 1.399350 5.676297 -15.688183 1.399838 6.728267 -13.574773 0.002760 5.763727 -15.283758 1.621047 5.008553 -15.910107 1.487115 5.298635 -15.697744 0.872652 5.789465 -15.651241 0.950364 5.676297 -15.688183 1.399838 5.258618 -15.290812 1.681740 5.008553 -15.910107 1.487115 5.046553 -14.924559 1.399350 4.889671 -15.294201 1.156672 5.008553 -15.910107 1.487115 5.258618 -15.290812 1.681740 5.298635 -15.697744 0.872652 5.008553 -15.910107 1.487115 5.763727 -15.283758 1.621047 4.889671 -15.294201 1.156672 6.037768 -14.201798 0.002760 5.789465 -15.651241 0.950364 6.825906 -14.473752 0.002760 7.966688 -15.075581 0.433117 6.825906 -14.473752 0.002760 7.116796 -14.177387 0.002760 8.062298 -14.789943 0.244833 7.842990 -15.029882 0.869777 6.825906 -14.473752 0.002760 7.659045 -15.052101 0.595587 8.159892 -14.705683 0.925168 6.728267 -13.574773 0.002760 
						7.807755 -14.727365 1.006696 8.283043 -14.743799 0.487013 6.728267 -13.574773 0.002760 7.116796 -14.177387 0.002760 8.208957 -14.466542 0.657726 8.325310 -15.150200 0.783163 8.283043 -14.743799 0.487013 8.159892 -14.705683 0.925168 8.325310 -15.150200 0.783163 8.283043 -14.743799 0.487013 8.208957 -14.466542 0.657726 7.807755 -14.727365 1.006696 7.842990 -15.029882 0.869777 7.842990 -15.029882 0.869777 7.659045 -15.052101 0.595587 7.966688 -15.075581 0.433117 8.325310 -15.150200 0.783163 8.159892 -14.705683 0.925168 8.208957 -14.466542 0.657726 6.728267 -13.574773 0.002760 6.825906 -14.473752 0.002760 6.728267 -13.574773 0.002760 
					</float_array>
					<technique_common>
						<accessor count="470" offset="0" source="#meshId4-positions-array" stride="3">
							<param name="X" type="float" />
							<param name="Y" type="float" />
							<param name="Z" type="float" />
						</accessor>
					</technique_common>
				</source>
				<source id="meshId4-normals" name="meshId4-normals">
					<float_array id="meshId4-normals-array" count="1410"> 
						-0.907238 0.005402 0.420582 -0.863083 0.000397 -0.505062 -0.656842 -0.699051 -0.282642 -0.682021 -0.725207 0.094458 -0.000641 0.898389 0.439200 0.000092 0.861322 -0.508059 -0.656252 0.699681 -0.282454 -0.680337 0.726909 0.093511 0.899400 0.000153 0.437126 0.870739 0.004669 -0.491723 0.657629 0.696968 -0.285935 0.682966 0.725083 0.088385 -0.003510 -0.897904 0.440178 0.002686 -0.860616 -0.509247 0.659062 -0.695350 -0.286575 0.683180 -0.724900 0.088232 -0.003937 -0.000214 0.999992 -0.003510 -0.897904 0.440178 0.899400 0.000153 0.437126 -0.003937 -0.000214 0.999992 -0.000641 0.898389 0.439200 -0.003937 -0.000214 0.999992 -0.000641 0.898389 0.439200 -0.680337 0.726909 0.093511 0.003601 -0.000214 -0.999994 0.870739 0.004669 -0.491723 0.659062 -0.695350 -0.286575 0.002686 -0.860616 -0.509247 -0.863083 0.000397 -0.505062 0.003601 -0.000214 -0.999994 0.002686 -0.860616 -0.509247 -0.656842 -0.699051 -0.282642 0.683180 -0.724900 0.088232 0.899400 0.000153 0.437126 0.682966 0.725083 0.088385 0.657629 0.696968 -0.285935 -0.656252 0.699681 -0.282454 0.000092 0.861322 -0.508059 -0.656252 0.699681 -0.282454 0.870739 0.004669 -0.491723 0.003601 -0.000214 -0.999994 -0.682021 -0.725207 0.094458 -0.656842 -0.699051 -0.282642 0.000000 0.000000 -1.000000 0.000000 0.898539 -0.438893 0.689225 0.689225 -0.223465 0.898539 0.000000 -0.438893 -0.898539 0.000000 -0.438893 -0.689225 0.689225 -0.223465 0.000000 0.898539 -0.438893 0.000000 0.000000 -1.000000 0.000000 -0.898539 -0.438893 0.000000 0.000000 -1.000000 0.898539 0.000000 -0.438893 0.689225 -0.689225 -0.223465 -0.689225 -0.689225 -0.223465 0.000000 -0.898539 -0.438893 0.000000 0.000000 1.000000 0.898539 -0.000000 0.438893 0.689225 0.689225 0.223465 0.000000 0.898539 0.438893 -0.898539 -0.000000 0.438893 0.000000 0.000000 1.000000 0.000000 0.898539 0.438893 
						-0.689225 0.689225 0.223465 0.000000 -0.898539 0.438893 0.689225 -0.689225 0.223465 -0.689225 -0.689225 0.223465 0.000000 -0.898539 0.438893 0.000000 -0.898539 0.438893 -0.689225 -0.689225 0.223465 -0.689225 -0.689225 -0.223465 0.000000 -0.898539 -0.438893 0.689225 -0.689225 0.223465 0.689225 -0.689225 -0.223465 0.898539 -0.000000 0.438893 0.689225 -0.689225 0.223465 0.898539 0.000000 -0.438893 0.689225 0.689225 -0.223465 0.000000 0.898539 0.438893 0.689225 0.689225 0.223465 -0.689225 0.689225 0.223465 -0.689225 0.689225 -0.223465 -0.689225 0.689225 -0.223465 -0.898539 0.000000 -0.438893 -0.689225 -0.689225 -0.223465 0.995772 -0.000000 0.091862 0.307694 0.947040 0.091863 0.000000 0.000000 1.000000 0.307694 -0.947040 0.091863 -0.805593 -0.585304 0.091864 -0.708206 -0.514529 -0.483430 0.270488 -0.832553 -0.483418 0.307694 0.947040 0.091863 -0.805593 0.585304 0.091864 0.000000 0.000000 1.000000 0.270488 0.832552 -0.483418 -0.708206 0.514529 -0.483430 -0.805593 0.585304 0.091864 -0.805593 -0.585304 0.091864 0.000000 0.000000 1.000000 0.995772 -0.000000 0.091862 0.307694 -0.947040 0.091863 0.270488 -0.832553 -0.483418 0.875385 0.000000 -0.483426 0.000000 0.000000 1.000000 -0.805593 -0.585304 0.091864 -0.805593 0.585304 0.091864 -0.708206 0.514529 -0.483430 -0.708206 -0.514529 -0.483430 0.307694 -0.947040 0.091863 0.995772 -0.000000 0.091862 0.875385 0.000000 -0.483426 -0.708206 -0.514529 -0.483430 0.000000 0.000000 -1.000000 0.000000 0.000000 -1.000000 0.270488 0.832552 -0.483418 0.270488 0.832552 -0.483418 -0.999852 0.017090 0.002197 -0.866591 0.001160 0.499018 -0.560943 0.753397 0.343127 -0.649638 0.760241 -0.002197 0.017854 0.998394 0.053774 0.005066 0.904458 0.426532 0.561809 0.755732 0.336512 0.645362 0.763869 -0.003449 0.995312 -0.000092 0.096714 0.862509 0.000031 0.506042 
						0.561838 -0.755547 0.336877 0.645297 -0.763925 -0.003327 0.017854 -0.998375 0.054111 0.005066 -0.904301 0.426866 -0.569761 -0.748298 0.339739 -0.657689 -0.753275 -0.004700 -0.001190 -0.000000 0.999999 -0.866591 0.001160 0.499018 0.862509 0.000031 0.506042 0.561838 -0.755547 0.336877 0.561809 0.755732 0.336512 0.005066 0.904458 0.426532 -0.001190 -0.000000 0.999999 -0.560943 0.753397 0.343127 -0.866591 0.001160 0.499018 -0.001190 -0.000000 0.999999 0.952720 -0.000000 -0.303850 0.597966 0.729200 -0.332722 0.645362 0.763869 -0.003449 0.057467 -0.959329 -0.276379 -0.580453 -0.721729 -0.377070 -0.649638 0.760241 -0.002197 -0.576582 0.725061 -0.376616 -0.936242 0.003479 -0.351339 -0.999852 0.017090 0.002197 0.645297 -0.763925 -0.003327 0.597969 -0.729141 -0.332846 0.952720 -0.000000 -0.303850 0.995312 -0.000092 0.096714 0.645297 -0.763925 -0.003327 0.597969 -0.729141 -0.332846 -0.649638 0.760241 -0.002197 0.597966 0.729200 -0.332722 0.057498 0.959362 -0.276257 -0.576582 0.725061 -0.376616 -0.657689 -0.753275 -0.004700 -0.569761 -0.748298 0.339739 0.015779 0.000000 -0.999875 0.015779 0.000000 -0.999875 -0.580453 -0.721729 -0.377070 -0.657689 -0.753275 -0.004700 0.015779 0.000000 -0.999875 0.015779 0.000000 -0.999875 0.597966 0.729200 -0.332722 0.566678 0.822092 0.055148 0.588137 0.802230 -0.102575 0.124123 0.947390 -0.295033 -0.520409 0.850532 -0.075962 -0.524654 0.849866 0.049655 0.138830 0.926155 0.350661 0.055759 -0.017549 0.998290 -0.865677 -0.015565 0.500362 -0.547936 -0.827520 0.122381 0.111152 -0.952818 0.282458 0.943515 -0.024721 0.330406 0.608286 -0.783164 0.129006 0.566678 0.822092 0.055148 0.138830 0.926155 0.350661 0.055759 -0.017549 0.998290 0.943515 -0.024721 0.330406 -0.865677 -0.015565 0.500362 0.055759 -0.017549 0.998290 0.048373 0.043978 -0.997861 0.873448 -0.075442 -0.481037 
						0.612765 -0.782452 -0.110846 0.032533 -0.961474 -0.272963 -0.834555 0.057499 -0.547916 0.048373 0.043978 -0.997861 0.032533 -0.961474 -0.272963 -0.540377 -0.834736 -0.105872 0.048373 0.043978 -0.997861 -0.834555 0.057499 -0.547916 0.873448 -0.075442 -0.481037 0.612765 -0.782452 -0.110846 0.873448 -0.075442 -0.481037 0.588137 0.802230 -0.102575 -0.524654 0.849866 0.049655 -0.520409 0.850532 -0.075962 -0.834555 0.057499 -0.547916 -0.865677 -0.015565 0.500362 0.943515 -0.024721 0.330406 0.608286 -0.783164 0.129006 -0.540377 -0.834736 -0.105872 -0.547936 -0.827520 0.122381 0.966158 0.000000 0.257951 0.287154 0.905165 0.313400 0.136604 0.000000 0.990626 0.287154 -0.905165 0.313400 -0.747226 -0.541193 0.385699 -0.771983 -0.545439 -0.326403 0.272014 -0.910771 -0.310651 0.287154 0.905165 0.313400 -0.747226 0.541193 0.385699 0.136604 0.000000 0.990626 0.272014 0.910772 -0.310651 -0.771983 0.545439 -0.326403 -0.747226 0.541193 0.385699 -0.747226 -0.541193 0.385699 0.136604 0.000000 0.990626 0.966158 0.000000 0.257951 0.287154 -0.905165 0.313400 0.272014 -0.910771 -0.310651 0.955770 0.000000 -0.294114 0.136604 0.000000 0.990626 -0.771983 0.545439 -0.326403 -0.771983 -0.545439 -0.326403 0.287154 -0.905165 0.313400 0.955770 0.000000 -0.294114 0.272014 0.910772 -0.310651 0.272014 -0.910771 -0.310651 -0.771983 -0.545439 -0.326403 0.114048 0.000000 -0.993475 -0.771983 0.545439 -0.326403 0.272014 0.910772 -0.310651 0.114048 0.000000 -0.993475 0.272014 0.910772 -0.310651 -0.993324 -0.000336 -0.115361 -0.844809 -0.001434 -0.535067 -0.431174 -0.841503 -0.325517 -0.591120 -0.776523 -0.218149 -0.331592 0.882100 0.334583 -0.335432 0.786590 -0.518422 -0.903764 0.233044 -0.359028 -0.710209 0.662905 -0.236981 0.430751 -0.042849 0.901453 -0.349109 0.567169 0.745951 -0.335432 0.786590 -0.518422 0.523252 0.664342 0.533720 
						-0.261523 -0.913180 0.312583 -0.452414 -0.883862 0.118780 0.493927 -0.760422 0.421657 -0.632967 0.000092 0.774179 -0.993324 -0.000336 -0.115361 -0.591120 -0.776523 -0.218149 0.430751 -0.042849 0.901453 0.523252 0.664342 0.533720 -0.632967 0.000092 0.774179 0.430751 -0.042849 0.901453 -0.993324 -0.000336 -0.115361 0.493927 -0.760422 0.421657 -0.452414 -0.883862 0.118780 -0.710209 0.662905 -0.236981 -0.903764 0.233044 -0.359028 -0.431174 -0.841503 -0.325517 -0.998114 0.012360 0.060122 -0.866591 0.001160 0.499018 -0.560943 0.753397 0.343127 -0.684798 0.723619 0.086187 -0.039553 0.990145 0.134347 0.005066 0.904458 0.426532 0.561809 0.755732 0.336512 0.601564 0.783641 0.155007 0.980300 -0.073429 0.183358 0.862509 0.000031 0.506042 0.561838 -0.755547 0.336877 0.506735 -0.856542 0.097752 0.012330 -0.995242 0.096652 0.005066 -0.904301 0.426866 -0.569761 -0.748298 0.339739 -0.672123 -0.737739 0.063175 -0.001190 -0.000000 0.999999 -0.866591 0.001160 0.499018 0.862509 0.000031 0.506042 0.561838 -0.755547 0.336877 0.561809 0.755732 0.336512 0.005066 0.904458 0.426532 -0.001190 -0.000000 0.999999 -0.560943 0.753397 0.343127 -0.866591 0.001160 0.499018 -0.001190 -0.000000 0.999999 0.859354 -0.490593 -0.144324 0.305678 0.944838 -0.117651 0.601564 0.783641 0.155007 0.016816 -0.999147 -0.037721 -0.430472 -0.611451 -0.663944 -0.335432 0.786590 -0.518422 -0.349109 0.567169 0.745951 0.506735 -0.856542 0.097752 0.301677 -0.905123 -0.299571 0.859354 -0.490593 -0.144324 0.980300 -0.073429 0.183358 -0.684798 0.723619 0.086187 0.305678 0.944838 -0.117651 -0.331161 0.936808 -0.112798 -0.335432 0.786590 -0.518422 -0.672123 -0.737739 0.063175 -0.569761 -0.748298 0.339739 -0.430472 -0.611451 -0.663944 -0.600832 0.005097 0.799359 -0.207864 -0.133490 0.969006 -0.699931 -0.553590 0.451259 0.201610 0.853165 0.481105 
						0.305678 0.944838 -0.117651 -0.207864 -0.133490 0.969006 -0.714036 0.507541 0.482240 0.999970 -0.000458 0.007721 0.913803 0.002808 -0.406148 0.963612 0.173105 -0.203685 0.843832 0.506806 -0.176341 0.148719 -0.880807 0.449513 0.301677 -0.905123 -0.299571 0.859354 -0.490593 -0.144324 0.730865 -0.660366 -0.172492 0.483976 -0.000214 0.875081 0.148719 -0.880807 0.449513 0.999970 -0.000458 0.007721 0.483976 -0.000214 0.875081 0.843832 0.506806 -0.176341 0.201610 0.853165 0.481105 0.483976 -0.000214 0.875081 0.999970 -0.000458 0.007721 0.201610 0.853165 0.481105 -0.714036 0.507541 0.482240 0.730865 -0.660366 -0.172492 0.859354 -0.490593 -0.144324 0.843832 0.506806 -0.176341 0.963612 0.173105 -0.203685 -0.699931 -0.553590 0.451259 -0.207864 -0.133490 0.969006 -0.338554 -0.362878 0.868160 -0.207864 -0.133490 0.969006 0.159399 -0.813170 0.559774 -0.677528 0.671912 0.299150 -0.965876 0.258194 -0.020478 -0.207864 -0.133490 0.969006 -0.837471 -0.288435 0.464163 0.438681 0.892773 -0.102544 0.305678 0.944838 -0.117651 -0.331161 0.936808 -0.112798 -0.398766 0.889609 -0.222669 0.830240 -0.249096 0.498651 0.578667 -0.791200 0.197854 0.963612 0.173105 -0.203685 0.999205 0.034975 -0.019136 0.250931 0.585577 0.770800 -0.338554 -0.362878 0.868160 0.159399 -0.813170 0.559774 0.830240 -0.249096 0.498651 0.438681 0.892773 -0.102544 0.999205 0.034975 -0.019136 -0.677528 0.671912 0.299150 0.250931 0.585577 0.770800 -0.338554 -0.362878 0.868160 0.250931 0.585577 0.770800 0.999205 0.034975 -0.019136 0.963612 0.173105 -0.203685 -0.965876 0.258194 -0.020478 -0.837471 -0.288435 0.464163 0.165904 0.053134 0.984709 -0.207864 -0.133490 0.969006 0.810113 0.327323 0.486391 -0.893320 -0.196298 0.404285 -0.452414 -0.883862 0.118780 -0.261154 -0.547608 0.794937 -0.573861 0.594829 -0.562905 -0.335432 0.786590 -0.518422 
						-0.903764 0.233044 -0.359028 -0.936058 -0.080479 -0.342518 0.442896 0.896534 -0.008393 -0.207864 -0.133490 0.969006 0.618080 0.605476 -0.501374 0.276201 0.733628 -0.620889 -0.514615 0.744394 0.425499 0.442896 0.896534 -0.008393 -0.573861 0.594829 -0.562905 -0.514615 0.744394 0.425499 -0.893320 -0.196298 0.404285 -0.514615 0.744394 0.425499 -0.893320 -0.196298 0.404285 -0.261154 -0.547608 0.794937 0.165904 0.053134 0.984709 -0.514615 0.744394 0.425499 0.276201 0.733628 -0.620889 0.618080 0.605476 -0.501374 -0.936058 -0.080479 -0.342518 -0.903764 0.233044 -0.359028 -0.207864 -0.133490 0.969006 0.165904 0.053134 0.984709 0.810113 0.327323 0.486391 -0.284316 -0.747352 -0.600524 -0.430472 -0.611451 -0.663944 0.342880 -0.847815 0.404528 0.591100 -0.785509 -0.183239 -0.998971 0.024964 -0.037874 -0.349109 0.567169 0.745951 -0.452414 -0.883862 0.118780 -0.751809 -0.099309 -0.651859 -0.244978 0.147286 0.958276 -0.207864 -0.133490 0.969006 -0.349109 0.567169 0.745951 -0.633465 0.602549 0.485445 0.545260 -0.687420 0.479735 -0.207864 -0.133490 0.969006 0.569056 0.035341 0.821539 -0.505493 -0.772081 0.385186 -0.284316 -0.747352 -0.600524 0.591100 -0.785509 -0.183239 0.545260 -0.687420 0.479735 -0.244978 0.147286 0.958276 -0.505493 -0.772081 0.385186 -0.633465 0.602549 0.485445 -0.998971 0.024964 -0.037874 -0.505493 -0.772081 0.385186 -0.244978 0.147286 0.958276 -0.284316 -0.747352 -0.600524 -0.505493 -0.772081 0.385186 0.569056 0.035341 0.821539 -0.998971 0.024964 -0.037874 -0.430472 -0.611451 -0.663944 0.591100 -0.785509 -0.183239 0.342880 -0.847815 0.404528 0.144112 -0.827376 -0.542845 0.342880 -0.847815 0.404528 0.301677 -0.905123 -0.299571 0.452290 -0.094517 -0.886849 -0.293168 -0.698495 0.652807 0.342880 -0.847815 0.404528 -0.502317 -0.859302 0.096319 0.412159 0.166695 0.895733 -0.207864 -0.133490 0.969006 
						-0.440425 -0.117500 0.890067 0.989406 0.017518 -0.144112 -0.207864 -0.133490 0.969006 0.301677 -0.905123 -0.299571 0.282030 0.522921 0.804371 0.679481 -0.681709 0.271255 0.989406 0.017518 -0.144112 0.412159 0.166695 0.895733 0.679481 -0.681709 0.271255 0.989406 0.017518 -0.144112 0.282030 0.522921 0.804371 -0.440425 -0.117500 0.890067 -0.293168 -0.698495 0.652807 -0.293168 -0.698495 0.652807 -0.502317 -0.859302 0.096319 0.144112 -0.827376 -0.542845 0.679481 -0.681709 0.271255 0.412159 0.166695 0.895733 0.282030 0.522921 0.804371 -0.207864 -0.133490 0.969006 0.342880 -0.847815 0.404528 -0.207864 -0.133490 0.969006 
					</float_array>
					<technique_common>
						<accessor count="470" offset="0" source="#meshId4-normals-array" stride="3">
							<param name="X" type="float" />
							<param name="Y" type="float" />
							<param name="Z" type="float" />
						</accessor>
					</technique_common>
				</source>
				<source id="meshId4-tangents" name="meshId4-tangents">
					<float_array id="meshId4-tangents-array" count="1410"> 
						-0.051980 -0.993693 -0.099364 0.058654 -0.993155 -0.101013 0.753954 -0.603638 -0.259180 0.628045 -0.646969 -0.432423 -0.972545 0.101648 -0.209341 -0.986042 -0.084512 -0.143452 -0.698357 -0.704970 -0.123756 -0.694780 -0.599068 -0.397993 0.111021 0.967130 -0.228766 -0.197235 0.919313 -0.340533 -0.753058 0.618602 -0.224132 -0.640463 0.652611 -0.404852 0.980278 -0.090066 -0.175906 0.959184 0.146218 -0.242047 0.676253 0.714645 -0.178786 0.694506 0.607642 -0.385269 -0.028707 -0.999588 -0.000327 0.397433 -0.405175 -0.823335 0.280199 0.767337 -0.576786 0.838465 0.544946 0.003417 -0.413266 0.399702 -0.818199 -0.434888 0.900483 -0.001520 -0.582562 -0.357311 0.730035 -0.700759 -0.682555 0.207496 0.529889 0.848065 0.001727 0.026944 0.998000 0.057190 0.681695 0.713266 -0.162924 0.577674 0.417017 -0.701705 -0.505062 0.000790 0.863083 -0.999994 0.000240 -0.003601 -0.858316 -0.263288 0.440424 -0.574296 0.220901 0.788281 0.653532 0.660837 0.369039 -0.069820 0.987212 0.143312 -0.679884 0.675254 -0.285989 -0.745661 0.548155 -0.378835 -0.618115 -0.283819 0.733063 -0.784687 0.315004 0.533891 -0.710690 -0.698927 -0.080131 -0.258147 0.855428 -0.449001 -0.812605 0.582807 -0.003051 0.663412 -0.667856 -0.337420 0.725133 -0.482841 -0.490965 0.804447 -0.594025 -0.000000 0.996335 0.037539 0.076854 0.723343 -0.636761 0.267041 0.297239 -0.735756 0.608533 -0.399213 -0.415506 0.817303 -0.699559 -0.552716 0.452904 -0.983017 0.080543 0.164894 -0.859120 -0.511774 -0.000000 -0.424989 -0.397285 0.813356 -0.393128 -0.919484 -0.000000 0.122046 -0.960559 0.249862 -0.519922 -0.685272 0.509983 -0.255188 -0.057744 0.965166 -0.501326 -0.379756 0.777469 0.183069 -0.983100 -0.000000 0.108823 -0.968773 -0.222791 0.673398 -0.723168 0.153505 0.728095 -0.300851 0.615928 -0.044267 0.994901 -0.090627 -0.062387 0.998052 0.000000 0.403342 0.401609 -0.822208 
						0.504976 0.678114 -0.534004 -0.256034 -0.424264 -0.868589 -0.424490 -0.634057 -0.646359 -0.594823 0.714346 0.368640 -0.554800 0.365152 0.747570 0.999997 -0.001065 -0.002181 0.719785 -0.686619 0.102291 0.716449 -0.694281 -0.068371 0.999997 0.001051 -0.002152 0.720213 0.685388 -0.107409 0.715864 0.695374 0.063196 -0.248487 -0.824291 0.508723 -0.710625 -0.582860 0.394063 0.077979 -0.984090 0.159645 0.688067 -0.719247 -0.096167 0.979079 -0.089306 0.182836 0.675560 -0.722779 0.145637 0.722186 0.628611 0.288610 0.679819 0.721838 0.129599 0.705098 0.567047 -0.425787 0.042026 0.995405 -0.086039 -0.724462 0.660265 0.198003 -0.041914 0.889843 0.454338 -0.951353 0.304603 0.046309 -0.229562 0.973294 -0.000000 0.821047 0.313063 0.477361 0.518650 -0.621740 0.586892 0.491185 -0.850940 0.186114 0.771654 -0.112762 0.625967 -0.642858 0.135741 0.753862 -0.291096 -0.526070 0.799070 -0.736552 -0.676381 -0.000000 -0.564386 0.543929 0.620975 -0.587803 -0.050434 0.807431 -0.505977 -0.760334 0.407282 0.587902 -0.770503 0.246365 0.115387 -0.993321 -0.000000 -0.032635 -0.934767 0.353760 -0.924145 -0.274479 0.265738 -0.674790 -0.522099 0.521604 -0.077196 -0.987168 -0.139786 0.995721 -0.092412 -0.000000 0.581535 -0.810814 -0.066314 -0.581535 -0.810814 0.066314 -0.353164 -0.851095 -0.388475 0.424961 -0.857473 0.290083 0.384792 0.212153 0.898291 -0.048931 0.846330 0.530407 0.111677 0.972951 0.202225 -0.437178 -0.218062 0.872539 -0.461853 -0.886956 -0.000000 -0.166467 -0.986047 0.000000 -0.164463 -0.454794 -0.875279 0.218918 -0.542172 -0.811249 0.002984 0.046162 0.998930 0.498621 0.041972 0.865803 0.417868 -0.100126 0.902973 0.170565 0.148566 0.974082 -0.839598 0.044175 -0.541409 -0.843136 0.233206 -0.484497 -0.628656 0.654423 -0.420145 -0.605720 0.508988 -0.611583 0.010587 0.994093 -0.108015 0.068597 0.990763 -0.116977 
						0.592361 0.651701 0.473704 0.722121 0.608552 0.328946 0.993777 0.023671 0.108841 0.997639 0.033807 0.059778 0.821730 -0.512962 0.248253 0.745787 -0.652004 0.136722 0.999977 -0.006632 0.001190 0.379738 -0.647254 0.660954 0.137364 0.962439 -0.234184 0.803336 0.595511 -0.004179 -0.547914 0.644686 -0.533076 -0.482620 0.375784 -0.791116 -0.616618 0.787262 -0.000734 -0.743073 -0.275496 -0.609872 -0.381300 -0.646636 -0.660660 -0.966621 -0.256210 -0.001150 -0.165604 0.838423 -0.519252 -0.800267 0.519946 -0.298712 -0.702499 0.591728 -0.395416 0.994650 0.031212 0.098478 0.810007 -0.559215 -0.176545 0.728941 0.623707 0.282195 0.682160 0.680901 0.266516 0.079112 0.976361 -0.201148 0.016448 0.984621 -0.173928 0.758180 0.639899 0.125267 0.799162 0.510544 0.317309 0.062254 0.978786 0.195199 -0.008614 0.995942 0.089588 0.755532 0.637551 0.150664 0.715247 0.672838 -0.188974 -0.596411 -0.511431 -0.618653 -0.664018 0.218193 -0.715173 -0.839027 -0.103528 -0.534150 -0.610976 -0.688666 -0.390444 0.121126 -0.111909 0.986309 0.316330 0.181857 0.931055 -0.978926 -0.203631 -0.015448 0.999051 0.040594 0.015766 -0.379549 0.649484 -0.658872 -0.568944 0.500818 -0.652292 0.139864 0.990168 0.002207 0.081742 0.996653 0.001290 -0.367392 0.618295 0.694791 0.815275 -0.569143 0.106789 0.803342 -0.564822 0.188725 0.986233 -0.085049 0.141813 0.845717 0.525666 0.091853 0.844921 0.512692 0.152496 0.981250 -0.080844 -0.174963 -0.996373 -0.065340 0.054503 -0.406005 0.606550 -0.683562 -0.836331 0.545032 -0.059088 -0.993798 -0.105602 0.034849 -0.125488 -0.949586 0.287298 -0.793336 -0.604948 0.068231 0.712531 -0.522565 0.468215 0.608195 -0.359184 0.707874 0.472111 -0.880545 -0.041848 -0.136120 -0.938092 0.318520 0.441701 0.446642 0.778082 0.878467 0.476067 -0.040698 0.702837 0.708348 0.065290 -0.033259 0.976373 -0.213517 
						0.738667 0.616947 -0.271566 0.656238 0.226541 -0.719744 -0.364404 0.688290 0.627269 -0.911960 0.409445 -0.026164 -0.999160 -0.024481 -0.032855 -0.841029 0.539684 0.037581 0.998585 -0.024216 0.047341 0.431217 0.687156 -0.584695 0.241366 -0.790921 0.562305 -0.789269 -0.612981 -0.036160 0.106762 -0.934211 0.340370 0.808102 -0.577792 0.114578 -0.677253 -0.452012 0.580528 -0.741586 -0.406055 0.534013 -0.073205 -0.997293 0.006846 0.064054 -0.994745 0.079876 0.095185 0.975400 -0.198834 0.793630 0.602546 -0.084200 0.835413 -0.517240 -0.185873 0.740891 -0.548000 -0.388300 0.021439 -0.996540 -0.080300 0.791080 -0.408585 0.455249 0.144342 -0.989328 -0.019904 0.942762 0.209157 -0.259719 0.640479 -0.741294 0.200674 0.628892 -0.730038 -0.267469 0.959934 0.234227 0.153832 0.939436 -0.202220 -0.276708 0.637195 0.748297 0.184484 0.928386 0.348869 -0.128022 0.960818 -0.239184 0.140072 0.630112 0.724264 -0.280002 0.480906 0.840899 -0.248231 -0.480906 0.840899 0.248231 0.000000 1.000000 -0.000000 0.074328 0.957586 -0.278395 0.935291 0.335591 0.112293 0.880505 0.365808 -0.301490 0.077606 0.964560 0.252194 0.931960 -0.339021 -0.128515 0.502379 0.838151 0.212412 -0.502379 0.838151 -0.212411 -0.444734 -0.415762 -0.793318 0.139148 -0.881004 0.452184 0.962293 -0.257333 0.088154 -0.920708 -0.340200 0.191208 -0.556837 0.332655 0.761100 -0.993263 0.020667 -0.114024 -0.542190 -0.297019 0.786009 -0.900809 0.354543 0.250685 0.289628 0.956562 0.033249 -0.241503 0.377103 0.894131 -0.000519 0.999999 0.001560 0.004939 0.999933 -0.010478 -0.545145 0.530447 -0.649186 -0.571808 0.594194 -0.565658 -0.414998 0.182111 -0.891410 -0.322364 -0.612921 -0.721394 0.060232 -0.761201 -0.645713 -0.164956 -0.483954 -0.859406 -0.072947 0.993951 0.082103 0.248835 0.823566 -0.509726 0.231051 0.602187 0.764190 -0.586085 0.735207 -0.340551 
						-0.467244 -0.163599 -0.868860 -0.438452 0.104463 -0.892663 -0.292006 -0.601842 -0.743317 -0.758870 -0.197959 -0.620427 0.110568 0.282475 -0.952881 -0.237129 0.425816 -0.873184 -0.071646 -0.997343 -0.013172 -0.238330 0.715392 -0.656820 -0.748728 0.254227 -0.612189 -0.028981 0.997700 0.061272 0.100688 -0.490593 -0.865552 0.437261 0.636387 0.635464 -0.163877 0.213316 0.963141 0.477587 0.701003 0.529627 0.147662 0.957047 0.249516 -0.297376 0.473156 -0.829271 -0.013431 -0.999758 -0.017442 -0.010229 -0.999829 -0.015440 -0.579449 -0.653334 0.487230 -0.653674 -0.662232 0.366278 0.365728 -0.110777 0.924106 0.365730 -0.398663 0.841017 0.173263 -0.505244 0.845404 0.252268 -0.370476 0.893929 -0.049524 -0.990051 -0.131707 0.038713 -0.997073 -0.065924 -0.477467 -0.628723 -0.613786 -0.646214 -0.452441 -0.614577 0.251873 0.096634 0.962924 0.244848 0.414999 0.876256 0.058918 0.375145 0.925092 0.156169 -0.057842 0.986035 0.513935 0.857829 0.000611 0.403090 0.591131 0.698629 -0.187163 0.929108 0.318949 0.204630 0.521504 0.828348 0.665813 -0.654485 0.358249 0.637294 -0.331616 0.695620 0.679189 -0.733963 0.000808 0.309067 -0.193925 0.931059 0.454384 -0.411559 0.790035 0.685963 -0.727636 0.000816 -0.475075 -0.870332 0.129714 0.928834 -0.323082 -0.181346 0.750673 -0.620909 0.225747 0.247301 -0.032398 0.968397 -0.095527 -0.700593 0.707138 -0.245781 -0.604315 -0.757889 -0.194607 -0.822561 0.534342 0.296127 0.279427 0.913361 0.364959 -0.180647 0.913330 0.276126 0.207609 0.938431 -0.080321 0.699900 0.709710 0.227108 0.099538 0.968769 0.329090 0.011107 0.944233 0.315987 0.222746 0.922245 0.204783 0.598027 0.774873 0.680081 -0.648823 -0.341347 0.573029 -0.658072 -0.488446 0.173159 -0.777869 0.604100 -0.094757 -0.993383 -0.064889 -0.040643 -0.988610 -0.144909 0.351248 -0.816951 -0.457402 0.310259 -0.521525 0.794828 
						0.366380 -0.002672 0.930462 0.883442 0.399648 0.244565 0.462263 -0.175530 0.869196 0.000433 -0.993371 -0.114949 -0.052492 -0.990773 -0.124952 0.162021 -0.984300 -0.070016 0.413757 -0.823763 -0.387581 0.219292 0.472626 0.853543 0.375073 -0.176205 0.910095 0.129828 -0.063676 0.989490 0.349625 0.145184 0.925572 -0.036527 -0.999133 0.019958 0.286914 -0.396581 -0.872011 -0.005593 0.646699 0.762725 -0.255330 0.956451 0.141447 0.531944 -0.746808 0.399140 0.534171 -0.507488 0.676104 0.192902 -0.975375 -0.106925 -0.004412 -0.853718 0.520717 -0.552097 -0.306736 0.775308 -0.446230 -0.860692 0.245130 -0.622593 -0.748605 0.227966 -0.507710 -0.852260 -0.126032 0.247135 -0.075347 0.966047 0.241578 -0.237782 0.940798 0.531823 0.017754 0.846670 0.756846 0.605619 0.245783 -0.872837 0.465756 -0.145699 -0.976541 0.085259 -0.197735 -0.977068 -0.211035 -0.028340 -0.298373 -0.622854 0.723206 -0.258930 -0.960679 0.100254 0.520204 -0.854020 -0.006059 0.524095 -0.664528 0.532660 0.287398 -0.031263 0.957301 0.302014 0.020967 0.953073 0.409824 0.250481 0.877100 0.317949 0.361867 0.876334 -0.392589 -0.896376 0.205874 -0.811006 -0.583854 0.037185 0.094512 -0.933408 -0.346146 0.035273 -0.999258 0.015440 0.641144 -0.697117 0.320878 0.120852 -0.931772 -0.342339 0.269756 -0.509567 -0.817051 0.040978 -0.864895 -0.500278 0.896969 -0.441964 -0.010638 0.033950 -0.998096 -0.051496 0.465257 0.076522 0.881862 0.282922 -0.805873 0.520118 0.506126 -0.848032 -0.157092 0.127587 -0.809337 0.573319 0.013335 0.159139 0.987166 0.225762 -0.119046 0.966882 0.141027 0.590587 0.794556 -0.490327 0.771626 -0.405182 -0.380957 -0.917576 0.113695 -0.583529 -0.778137 -0.232370 -0.095025 -0.745353 0.659863 0.440223 -0.201139 0.875069 0.106520 0.078681 0.991193 0.462855 0.651633 0.600949 -0.798758 -0.558232 0.224415 -0.696234 -0.577700 -0.426052 
						-0.251087 -0.967957 0.003750 -0.142273 -0.803775 0.577672 -0.184639 0.082045 -0.979376 -0.957032 -0.177020 -0.229682 -0.537207 -0.140310 -0.831698 -0.428753 -0.484121 -0.762757 -0.152450 -0.567784 0.808938 0.275175 -0.127018 0.952967 -0.071738 -0.721217 -0.688984 -0.648367 -0.013115 -0.761215 0.420443 -0.682814 0.597489 -0.245264 -0.603318 0.758850 -0.048187 -0.852547 -0.520424 -0.344362 -0.716478 -0.606691 -0.456232 -0.881121 0.124411 -0.834856 -0.548120 -0.050793 -0.597595 -0.374865 -0.708771 -0.380593 -0.327577 -0.864779 -0.216607 -0.635331 0.741239 -0.418185 -0.301865 0.856737 0.407183 0.888923 0.209803 0.197832 0.976454 -0.086020 0.372519 0.353239 -0.858168 0.651236 -0.610237 0.451114 0.699719 -0.690728 0.182450 0.930536 0.247594 -0.269816 0.380123 0.070917 0.922213 0.003253 0.872209 0.489122 0.780161 -0.265057 0.566651 -0.771548 0.454716 0.444912 -0.391137 0.863047 0.319627 -0.357267 0.905126 -0.230451 -0.529617 0.848231 0.003242 -0.301525 0.685711 -0.662483 -0.449946 0.223553 -0.864623 0.121658 0.631128 0.766079 -0.334378 0.940661 0.057856 -0.377549 0.898773 0.222854 0.334472 0.236173 0.912333 -0.129934 -0.590558 0.796466 0.108484 -0.147689 0.983066 -0.348436 0.334653 0.875557 -0.293291 0.930826 -0.218046 -0.468173 0.620423 0.629198 -0.229237 0.453069 -0.861498 0.044432 0.706670 -0.706147 -0.791969 0.238006 -0.562262 -0.560995 0.784592 -0.264007 -0.709046 0.585512 -0.392974 -0.771900 0.604137 0.197962 0.171812 0.971915 -0.160819 0.013074 -0.641050 -0.767388 -0.744070 0.656787 -0.122437 0.612609 0.289421 0.735490 -0.168424 0.368171 0.914376 0.560829 0.520253 -0.644056 0.880944 0.439721 0.174880 0.936578 0.340123 -0.084484 0.221617 0.975091 0.009102 0.024088 0.677196 0.735408 0.334147 0.512546 0.790976 -0.362267 0.310285 0.878912 0.810155 0.382756 -0.444012 0.445246 0.869152 0.215245 
						0.578536 0.720967 0.381449 0.076107 0.782753 0.617662 0.270425 0.944190 0.188081 0.564217 -0.083795 0.821363 -0.658585 0.715190 -0.234029 0.729146 0.668522 -0.146368 -0.014214 0.999613 0.023927 -0.336336 0.941520 -0.020455 0.412429 0.660662 0.627238 0.012716 0.978419 0.206240 -0.508995 0.792241 -0.336570 0.087224 0.981109 0.172679 -0.240031 0.714714 0.656939 -0.041763 -0.672801 -0.738643 -0.059429 -0.076820 -0.995272 0.066777 0.555452 -0.828863 0.212692 -0.170817 -0.962073 0.330259 0.888927 -0.317392 0.133537 0.808849 -0.572653 -0.178500 0.979186 0.096602 0.469976 -0.218040 -0.855325 0.022806 0.989713 0.141235 
					</float_array>
					<technique_common>
						<accessor count="470" offset="0" source="#meshId4-tangents-array" stride="3">
							<param name="X" type="float" />
							<param name="Y" type="float" />
							<param name="Z" type="float" />
						</accessor>
					</technique_common>
				</source>
				<source id="meshId4-bitangents" name="meshId4-bitangents">
					<float_array id="meshId4-bitangents-array" count="1410"> 
						0.417393 -0.112009 0.901797 -0.501645 -0.116806 0.857152 0.010567 -0.383339 0.923547 0.374708 -0.235598 0.896709 -0.232713 -0.427276 0.873659 -0.166495 0.500980 0.849293 -0.285711 0.116039 0.951264 -0.233285 -0.335739 0.912610 -0.422793 0.254283 0.869820 0.450457 0.393500 0.801402 0.020667 0.362721 0.931668 -0.351232 0.219893 0.910100 0.197592 0.430879 0.880512 0.282771 -0.487811 0.825882 0.329119 -0.075966 0.941228 0.225668 0.324486 0.918577 0.999580 -0.028708 0.003929 0.917624 0.172052 0.358279 -0.335511 0.641244 0.690100 -0.544942 0.838471 -0.001966 -0.910610 -0.182031 0.371018 -0.900476 -0.434890 -0.003638 0.812786 -0.255393 0.523596 0.214657 0.075638 0.973756 0.848059 -0.529892 0.003167 0.491006 -0.063047 0.868872 0.317694 -0.087980 0.944103 0.816263 -0.292294 0.498276 0.000741 1.000000 -0.000482 0.000241 1.000000 -0.000213 -0.513115 0.435912 -0.739388 -0.488612 0.680096 -0.546560 -0.325823 -0.194458 0.925216 -0.431514 -0.159415 0.887909 -0.267048 0.135229 0.954148 -0.107299 0.462343 0.880185 0.432744 0.655663 0.618739 0.619893 0.398618 0.675897 -0.253481 0.148151 0.955928 0.418537 0.517900 0.746060 0.582803 0.812611 0.001925 0.307784 -0.167463 0.936603 0.206738 -0.527439 0.824055 -0.594025 -0.804447 0.000000 0.085532 -0.437285 -0.895247 0.041758 -0.345693 -0.937418 -0.322918 -0.677247 -0.661106 -0.182363 0.909591 0.373348 0.188641 0.468480 0.863100 0.183513 0.431440 0.883280 -0.511774 0.859120 0.000000 -0.905199 0.186525 -0.381869 -0.919484 0.393128 0.000000 -0.421583 -0.278076 -0.863100 -0.504628 -0.235309 -0.830651 -0.678120 0.722242 -0.136083 -0.865258 0.220029 -0.450461 0.983100 0.183069 0.000000 0.425188 0.247949 -0.870481 0.267402 0.044681 -0.962549 0.685477 0.319556 -0.654222 -0.436655 -0.100860 -0.893957 -0.998052 -0.062387 0.000000 -0.915049 0.177024 -0.362419 
						-0.519584 -0.255205 -0.815416 0.966668 -0.112371 -0.230056 0.587177 0.350629 -0.729577 -0.413707 0.121154 -0.902313 -0.831984 -0.243498 -0.498509 0.002428 0.438892 0.898537 0.082934 0.231349 0.969330 -0.108024 -0.207225 0.972311 0.002395 -0.438892 0.898537 -0.079131 0.234972 0.968776 0.111835 -0.203527 0.972661 0.361776 -0.566166 -0.740658 -0.141350 -0.430398 -0.891503 -0.431910 -0.177672 -0.884243 -0.227007 -0.087478 -0.969956 0.203481 0.429711 -0.879741 0.261892 0.050587 -0.963770 0.058445 0.360300 -0.931004 0.250629 -0.062593 -0.966058 -0.166748 -0.451028 -0.876795 0.436876 -0.095755 -0.894410 0.011078 0.298360 -0.954389 -0.081743 -0.456267 0.886080 0.015875 -0.101643 0.994694 -0.973294 -0.229562 0.000000 -0.480838 -0.071457 0.873893 -0.286395 0.520442 0.804437 -0.507131 -0.105646 0.855370 -0.575662 -0.542348 0.611941 0.701468 -0.291014 0.650579 0.516025 0.616985 0.594178 0.676381 -0.736552 0.000000 0.779939 0.104868 0.617007 0.391065 0.855989 0.338159 0.308231 0.281623 0.908671 -0.073417 0.252477 0.964814 0.993321 0.115387 0.000000 0.085870 -0.355262 -0.930814 -0.226451 -0.166661 -0.959658 -0.686655 0.185118 -0.703020 -0.477223 0.159685 -0.864152 0.092412 0.995721 0.000000 0.113298 -0.000000 0.993561 0.113298 -0.000000 0.993561 -0.611326 -0.104391 0.784463 -0.563784 -0.000000 0.825922 -0.870206 -0.241051 0.429692 -0.077746 -0.532660 0.842751 0.470350 -0.231013 0.851707 -0.554364 0.829282 -0.070508 -0.886956 0.461853 0.000000 -0.986047 0.166467 0.000000 -0.948572 0.316257 0.013908 -0.937503 0.113604 -0.328911 0.016971 0.998788 -0.046206 -0.019941 0.999118 -0.036951 0.714653 0.649898 -0.258656 0.740863 0.632426 -0.226184 -0.542915 -0.035483 0.839038 -0.537677 -0.357170 0.763763 -0.537738 0.024491 0.842756 -0.465414 0.396782 0.791172 -0.096133 0.108532 0.989434 -0.501371 0.135607 0.854539 
						-0.577448 -0.066592 0.813707 -0.249266 -0.214670 0.944343 -0.109945 0.051831 0.992585 -0.068489 0.425555 0.902337 -0.011494 0.420619 0.907165 -0.106053 0.086415 0.990598 0.006632 0.999978 0.000008 0.323758 0.762273 0.560464 -0.487042 0.271497 0.830108 -0.197457 0.272973 0.941539 -0.619807 0.115108 0.776266 -0.875815 -0.201845 0.438414 -0.787261 -0.616619 -0.000937 -0.364945 -0.597072 0.714367 0.321917 -0.762798 0.560811 0.256210 -0.966621 0.000305 0.254755 0.545021 0.798782 -0.044823 0.444887 0.894465 -0.300005 0.257609 0.918496 -0.085847 -0.280559 0.955990 -0.083446 -0.407905 0.909203 0.215907 0.181723 -0.959355 0.449678 -0.103244 -0.887204 0.342334 -0.216119 -0.914385 -0.005136 -0.173866 -0.984756 -0.093566 -0.083356 0.992118 -0.061430 -0.455738 0.887991 0.297404 -0.204886 0.932509 -0.096330 -0.090001 0.991272 -0.112975 -0.099736 0.988580 0.361740 -0.125066 0.923852 -0.471449 -0.400590 0.785662 -0.448906 0.648583 0.614674 -0.541044 0.262500 0.798978 -0.542459 0.004980 0.840068 -0.743488 0.648115 0.164842 -0.758490 0.637948 0.133094 -0.203605 0.979048 -0.003213 0.040589 -0.999176 0.000641 0.720428 -0.239328 -0.650927 0.493709 -0.426331 -0.757954 0.990045 -0.139882 0.015623 0.996529 -0.081752 0.015726 0.712362 -0.293222 0.637621 0.119177 -0.015554 -0.992751 0.093464 -0.193399 -0.976658 0.109260 -0.308574 -0.944904 0.118055 -0.016441 -0.992871 0.104143 0.121962 -0.987056 -0.133694 0.368377 -0.920013 0.064272 -0.997709 -0.021128 -0.292855 -0.794893 -0.531395 -0.017805 -0.134727 -0.990723 -0.003377 -0.284579 -0.958647 0.306646 -0.312531 -0.899051 0.024606 -0.143849 -0.989294 0.413734 -0.226033 -0.881892 0.781553 0.114996 -0.613148 0.879774 0.473638 -0.040813 0.302077 -0.345503 -0.888469 -0.235593 0.894578 -0.379772 -0.474538 0.879234 0.041961 0.709704 -0.704492 0.003355 0.485780 0.202495 0.850302 
						0.280874 0.084528 0.956015 0.753852 -0.155713 0.638326 0.413192 0.723153 -0.553463 0.407418 0.911274 0.059913 0.024907 0.273803 -0.961463 0.025767 0.109349 -0.993669 -0.022082 -0.998739 -0.045088 0.342885 -0.724231 -0.598264 -0.422884 -0.607250 -0.672619 -0.039653 0.109645 -0.993180 -0.475069 -0.348652 -0.807930 0.032651 -0.150279 -0.988104 0.515816 0.270948 0.812725 0.423350 0.334237 0.842057 -0.546039 0.045823 0.836505 0.496489 0.101197 0.862124 -0.317362 0.219053 0.922657 -0.011790 0.153601 0.988063 0.100394 -0.188888 0.976853 0.388390 -0.122093 0.913371 0.257059 0.083113 -0.962815 0.540126 0.117198 -0.833384 0.980053 0.145708 -0.135146 0.169539 0.370041 0.913415 0.177312 0.396981 0.900537 -0.092398 -0.411754 0.906599 -0.067343 -0.340048 0.937994 -0.187091 0.373877 -0.908412 -0.188776 0.383617 -0.903992 -0.345599 0.937172 0.047657 0.053271 -0.336580 -0.940147 0.083677 -0.421827 -0.902807 -0.458674 -0.000000 -0.888604 -0.458674 -0.000000 -0.888604 -0.990626 0.000000 0.136604 -0.247011 0.288147 0.925180 -0.206818 0.260875 0.942958 0.388227 -0.191520 0.901443 0.283690 -0.263864 0.921898 0.335842 0.940779 -0.046312 0.389432 0.000000 -0.921055 0.389432 0.000000 -0.921055 0.848383 0.088425 -0.521945 -0.259115 -0.473109 -0.842037 0.000347 -0.322916 -0.946428 -0.279830 0.234007 -0.931094 -0.306554 0.769309 -0.560525 0.020533 0.999786 0.002357 0.331772 0.783758 0.525025 0.338456 0.211647 0.916872 0.950320 -0.291530 0.109094 0.931496 -0.168193 0.322532 0.115360 0.001610 -0.993322 0.535046 -0.011494 -0.844745 0.718961 -0.102458 -0.687457 0.568869 -0.209633 -0.795262 -0.847244 -0.434436 0.305683 -0.885193 -0.074858 0.459161 -0.423772 -0.605197 0.673910 -0.684392 -0.571267 0.453059 -0.899518 -0.101125 0.425020 -0.903440 0.007668 -0.428646 0.913291 0.136552 -0.383735 -0.618637 -0.134611 0.774059 
						0.844564 -0.373280 -0.383893 0.776583 -0.455933 -0.434792 0.819005 0.244018 -0.519313 0.153199 -0.980210 0.125371 0.032906 -0.959274 -0.280552 0.770939 -0.464427 -0.435845 0.899622 -0.058912 -0.432677 -0.818172 0.216481 0.532663 -0.196873 -0.967145 -0.160849 -0.902005 -0.052518 0.428519 -0.056305 -0.871389 0.487352 -0.751558 -0.129499 0.646831 -0.876622 0.416273 -0.241352 0.517217 0.262967 -0.814454 0.401754 0.172489 -0.899356 0.851855 -0.260759 -0.454256 0.059892 -0.018216 0.998039 0.498915 -0.018485 0.866454 0.591255 0.074484 0.803038 0.322121 0.194488 0.926506 0.929881 0.085686 -0.357742 0.930707 0.151735 -0.332807 0.808919 -0.416650 -0.414792 0.757946 -0.498652 -0.420553 0.191205 0.120032 -0.974183 0.504559 0.076450 -0.859986 0.675546 0.184001 -0.713989 0.570638 0.248259 -0.782777 -0.967682 0.012472 0.251866 -0.969548 0.100078 0.223519 -0.819696 0.547098 -0.169655 -0.723783 0.672603 0.154089 -0.857828 0.513935 -0.001021 -0.294175 0.806575 -0.512736 -0.470158 -0.369808 0.801370 -0.801539 -0.396462 0.447609 0.490982 0.022786 -0.870872 0.770604 0.268302 -0.578085 0.733962 0.679190 0.000874 0.767998 0.628320 -0.124069 0.206291 0.911383 0.356126 0.727635 0.685964 0.000866 -0.189247 -0.042905 -0.980992 -0.209353 -0.053845 -0.976357 0.273150 -0.019442 -0.961775 -0.968793 -0.025613 0.246545 -0.897534 0.367828 0.243176 -0.909438 -0.126802 0.396035 0.916652 0.041377 0.397539 -0.809647 -0.433885 0.395241 -0.880793 -0.384862 0.275835 -0.430425 -0.846296 0.313875 -0.180445 -0.710457 0.680214 0.692441 0.682985 -0.232503 0.893454 -0.327349 -0.307542 0.889092 0.269769 -0.369784 0.919538 0.153753 -0.361677 0.292814 -0.186463 0.937812 0.589075 -0.083617 0.803740 -0.885838 0.145080 0.440729 0.793739 -0.114732 0.597339 0.977313 -0.069504 0.200071 0.621870 -0.161646 0.766256 0.929028 -0.010978 -0.369847 
						0.878821 -0.327527 -0.346986 -0.419909 0.906897 0.034858 0.525800 0.843559 -0.109283 0.007723 0.114949 -0.993341 -0.402752 0.135501 -0.905224 -0.212607 0.034467 -0.976530 -0.341692 0.254090 -0.904812 -0.964258 -0.028363 0.263442 -0.876534 -0.386916 0.286330 -0.494627 -0.869059 0.008973 -0.586174 -0.736776 0.336990 0.874319 -0.041623 -0.483564 0.946342 0.258656 0.193737 -0.005342 -0.762745 0.646677 -0.837003 -0.291892 0.462845 0.070593 -0.430611 -0.899773 0.820984 0.120683 -0.558051 0.853555 0.220554 -0.472017 0.006353 -0.520735 -0.853694 0.809038 -0.421927 0.409189 0.539473 -0.040159 0.841045 -0.279670 -0.059220 -0.958268 -0.061171 0.181581 -0.981472 0.476311 -0.858761 -0.188830 0.114424 -0.955769 -0.270947 -0.476720 0.832600 0.281986 -0.619658 0.784478 -0.024855 -0.351479 -0.807088 -0.474416 -0.056221 -0.987376 -0.148080 0.141177 -0.542419 -0.828161 0.672257 0.400733 0.622481 0.006212 0.102135 0.994751 0.828360 0.502822 0.246962 0.154812 0.689353 0.707690 0.851447 -0.449420 -0.270296 0.902966 -0.326866 -0.278945 0.849928 0.244233 -0.466876 0.860171 0.278654 -0.427151 0.395696 -0.366690 -0.842000 0.086096 -0.181978 -0.979526 -0.250041 0.314300 -0.915803 -0.018581 -0.016103 -0.999698 0.725236 0.413676 -0.550368 0.933154 -0.010981 0.359309 0.949644 0.281239 0.138133 0.555898 0.435785 -0.707863 -0.054818 -0.087312 -0.994672 -0.020900 0.050805 -0.998490 0.569642 0.736667 -0.364458 0.925737 0.087562 -0.367892 0.793233 0.386214 0.470766 0.959560 -0.045520 -0.277800 0.037572 -0.986636 0.158546 0.143124 -0.977682 -0.153794 0.217244 0.764554 -0.606846 -0.241292 -0.566920 -0.787642 0.909587 -0.393994 -0.131987 0.785039 -0.613745 0.083852 0.578522 -0.580783 -0.572716 -0.090457 0.959693 0.266096 -0.885423 0.461082 0.058553 -0.847091 0.524881 0.083287 -0.180743 0.578408 0.795472 -0.634621 0.218032 0.741430 
						-0.346649 0.093536 0.933319 -0.321798 0.589465 0.740929 -0.877355 0.435311 0.201873 0.202194 -0.975113 -0.090958 -0.573921 0.783398 0.238543 -0.860165 0.476882 0.180830 0.843760 0.351424 0.405673 0.853301 -0.424374 -0.302959 -0.815804 -0.355000 0.456551 -0.561063 -0.667612 0.489390 0.158765 0.703728 0.692503 0.821594 0.286156 0.493049 0.446830 -0.484387 0.752139 0.901784 -0.432185 -0.001464 0.874259 -0.469897 -0.121940 0.195414 -0.381369 0.903532 -0.752724 0.566804 0.334874 -0.687841 0.725322 0.027971 -0.277267 0.768035 0.577274 0.091280 0.924428 0.370270 -0.889379 0.438173 -0.130421 -0.966094 0.209078 0.151486 -0.452711 0.876403 0.164230 -0.703603 -0.262824 0.660202 -0.570164 -0.386034 0.725183 0.128595 0.468942 0.873817 -0.711412 -0.614774 0.340509 0.045244 0.488496 -0.871393 0.519106 0.779785 -0.349950 -0.447252 0.109640 -0.887662 0.530843 0.495265 -0.687690 -0.901302 -0.398816 -0.169116 -0.822374 -0.512528 -0.247015 -0.887246 -0.456202 -0.068372 -0.629500 -0.766133 0.129501 -0.829392 -0.359349 0.427759 -0.919230 -0.311988 -0.240166 -0.730501 -0.436988 0.524795 -0.795365 0.590012 0.138855 -0.949885 0.304477 0.070799 -0.799270 -0.600969 -0.002084 -0.762420 -0.644563 -0.057049 -0.924103 -0.334470 -0.184835 -0.724769 0.137722 -0.675087 -0.739035 -0.657011 -0.148877 0.009136 -0.707103 -0.707052 0.342435 -0.589275 -0.731774 -0.790740 -0.602264 -0.109581 0.645304 0.314071 -0.696378 -0.385547 -0.197257 -0.901356 -0.804149 0.232665 0.547002 -0.043436 -0.767093 0.640064 0.510934 0.441315 -0.737691 -0.524701 -0.547002 0.652287 -0.924157 -0.381653 -0.016554 0.815293 -0.211627 0.538991 -0.326145 0.296404 0.897649 0.178360 -0.255085 0.950326 0.863898 -0.200657 0.461971 -0.955757 0.231323 -0.181707 -0.877940 -0.136038 0.459037 -0.785137 0.406600 -0.467158 -0.416861 0.908686 0.022708 -0.870947 0.476188 -0.121230 
						-0.686529 0.682935 -0.249554 -0.123625 0.622087 -0.773127 -0.940033 0.301139 -0.160165 0.768537 0.416810 -0.485407 0.697657 0.463743 -0.546093 -0.081560 0.297239 0.951313 0.144476 -0.021625 0.989272 -0.846760 -0.292836 0.444122 -0.606802 -0.314323 0.730063 0.144615 -0.205887 0.967831 -0.813255 -0.314498 0.489600 -0.893542 0.153687 -0.421856 -0.925439 0.035900 -0.377192 0.955148 -0.243810 0.168073 0.862639 -0.505667 -0.012480 0.987306 0.083199 0.135297 0.702188 0.711403 0.028927 -0.849149 0.426640 0.311327 -0.950067 0.268919 0.158291 -0.961733 -0.152888 -0.227366 0.813361 0.483392 0.323691 -0.977892 0.051457 -0.202682 
					</float_array>
					<technique_common>
						<accessor count="470" offset="0" source="#meshId4-bitangents-array" stride="3">
							<param name="X" type="float" />
							<param name="Y" type="float" />
							<param name="Z" type="float" />
						</accessor>
					</technique_common>
				</source>
				<source id="meshId4-tex0" name="meshId4-tex0">
					<float_array id="meshId4-tex0-array" count="940"> 
						0.124135 0.597242 0.130482 0.543189 0.136023 0.546987 0.138273 0.594312 0.222980 0.816090 0.234821 0.745452 0.242301 0.749550 0.242301 0.811867 0.948623 0.934890 0.959853 0.881458 0.965378 0.884788 0.963270 0.930893 0.732529 0.318274 0.745605 0.248490 0.752989 0.252697 0.751816 0.314354 0.122242 0.621477 0.138273 0.610092 0.752989 0.323197 0.728957 0.333575 0.965378 0.947212 0.948808 0.958993 0.108986 0.607324 0.111435 0.591775 0.199301 0.539248 0.203537 0.549755 0.197467 0.552592 0.193262 0.545875 0.414113 0.271953 0.402794 0.271931 0.406256 0.265861 0.414585 0.266249 0.190978 0.606954 0.203537 0.611274 0.206298 0.805734 0.226498 0.746860 0.414585 0.277983 0.406256 0.278550 0.124307 0.545880 0.226074 0.743920 0.236361 0.738944 0.715785 0.307788 0.737176 0.249818 0.559878 0.632962 0.563933 0.615853 0.584759 0.613038 0.591693 0.620328 0.770122 0.120922 0.761060 0.133109 0.739314 0.132427 0.737604 0.109888 0.903341 0.852331 0.881315 0.866508 0.874136 0.833904 0.891471 0.834501 0.770122 0.106671 0.752320 0.094481 0.763892 0.701778 0.775932 0.729753 0.761176 0.734708 0.748167 0.722024 0.283615 0.659646 0.280052 0.629894 0.301402 0.642157 
						0.297345 0.658481 0.785847 0.709515 0.787429 0.725993 0.269480 0.661461 0.261408 0.646435 0.848002 0.201006 0.826953 0.195380 0.826953 0.144659 0.848002 0.138590 0.868581 0.195447 0.868581 0.144727 0.888743 0.788488 0.903341 0.797595 0.787429 0.781394 0.770519 0.776673 0.572465 0.553992 0.591693 0.562769 0.550581 0.557018 0.543648 0.607288 0.301402 0.701675 0.288607 0.712801 0.273537 0.704656 0.783388 0.107601 0.801175 0.106061 0.801175 0.134196 0.257745 0.936874 0.234147 0.944070 0.236038 0.922560 0.248829 0.918660 0.613196 0.395793 0.633358 0.381299 0.633358 0.410372 0.604237 0.377054 0.615165 0.369198 0.982601 0.201478 0.999238 0.196672 0.999238 0.227549 0.925128 0.205773 0.945036 0.209841 0.940419 0.229079 0.929627 0.226874 0.257745 0.962449 0.350282 0.996346 0.332980 0.996346 0.337593 0.978787 0.346971 0.978787 0.777748 0.120751 0.601620 0.403504 0.597962 0.381233 0.945036 0.237466 0.935686 0.238415 0.342301 0.967279 0.334345 0.967524 0.927576 0.233899 0.715145 0.356950 0.738137 0.354771 0.738137 0.367334 0.718756 0.372107 0.288412 0.492735 0.281790 0.512211 0.262097 0.500074 0.262446 0.478996 0.723458 0.548515 0.722255 0.568257 
						0.710876 0.567221 0.708916 0.546664 0.422252 0.214713 0.423243 0.235620 0.400149 0.232718 0.392077 0.214415 0.424165 0.259814 0.393915 0.238070 0.451293 0.234380 0.445705 0.229789 0.736006 0.568154 0.738802 0.584270 0.722777 0.603706 0.304700 0.516091 0.309955 0.522382 0.274827 0.534448 0.732875 0.503836 0.741094 0.506174 0.741094 0.547859 0.423623 0.153662 0.410852 0.154122 0.863489 0.386199 0.863489 0.437817 0.854148 0.438004 0.846884 0.382305 0.451293 0.209295 0.433837 0.152722 0.589917 0.660815 0.594387 0.718741 0.577142 0.714770 0.581076 0.660426 0.317421 0.501092 0.295998 0.429410 0.305412 0.433316 0.317421 0.437489 0.717128 0.338898 0.736893 0.341942 0.312117 0.418483 0.421904 0.138121 0.845402 0.441138 0.830760 0.392209 0.583186 0.640056 0.857521 0.458036 0.594387 0.655827 0.188337 0.578412 0.186179 0.610259 0.175098 0.615803 0.153869 0.604004 0.155556 0.579105 0.176620 0.559620 0.546049 0.115884 0.571741 0.131096 0.562087 0.153156 0.544435 0.148203 0.520796 0.142036 0.529339 0.153310 0.968168 0.922329 0.966829 0.900263 0.979484 0.881746 0.981235 0.917450 0.147111 0.553957 0.173673 0.540595 0.919767 0.709712 0.926721 0.734374 
						0.912592 0.747831 0.903224 0.736980 0.571741 0.203392 0.545633 0.217984 0.543938 0.189530 0.562002 0.184448 0.167193 0.642539 0.142208 0.626117 0.188337 0.628216 0.529325 0.185642 0.981235 0.965703 0.966783 0.949335 0.598643 0.889730 0.596849 0.868469 0.607061 0.843387 0.612089 0.905018 0.926721 0.781736 0.910187 0.772250 0.625038 0.863231 0.625038 0.890041 0.324741 0.947747 0.312834 0.945331 0.320107 0.933376 0.500540 0.952132 0.483754 0.951672 0.477996 0.912284 0.500540 0.912900 0.086166 0.925023 0.069266 0.925615 0.084225 0.914548 0.086166 0.964030 0.063469 0.964825 0.805238 0.940096 0.793451 0.940096 0.799172 0.922645 0.789499 0.966963 0.775686 0.966258 0.769312 0.937267 0.787862 0.938214 0.498963 0.963281 0.806950 0.977251 0.791119 0.977251 0.330962 0.940249 0.330962 0.981353 0.314970 0.978109 0.759625 0.350605 0.778654 0.354894 0.755696 0.362848 0.778654 0.370678 0.759625 0.376144 0.777242 0.922202 0.789499 0.925985 0.669590 0.874462 0.670428 0.946826 0.663627 0.948908 0.660547 0.883286 0.558093 0.724811 0.561309 0.641011 0.574926 0.656605 0.571123 0.723503 0.157669 0.908524 0.147244 0.828785 0.165328 0.827600 0.165328 0.900059 
						0.017548 0.737045 0.023367 0.817001 0.003239 0.750780 0.018965 0.720858 0.033695 0.729476 0.030533 0.738427 0.001451 0.743188 0.544041 0.710964 0.560158 0.740900 0.542926 0.718444 0.574926 0.732362 0.147819 0.902562 0.141217 0.833303 0.678537 0.883335 0.678537 0.948948 0.033695 0.805045 0.839065 0.558143 0.839917 0.581178 0.827351 0.580453 0.823696 0.560866 0.219324 0.183092 0.236057 0.171088 0.245010 0.192390 0.232448 0.209338 0.229321 0.463132 0.226350 0.443577 0.237693 0.442209 0.243929 0.461898 0.213334 0.099340 0.232349 0.108167 0.219056 0.127236 0.199067 0.125880 0.254249 0.118579 0.220913 0.135232 0.244266 0.082793 0.237598 0.085602 0.212926 0.446556 0.206807 0.431383 0.218393 0.409025 0.219677 0.154638 0.219066 0.146470 0.254675 0.157036 0.245210 0.534873 0.206423 0.534873 0.212214 0.467464 0.145054 0.062308 0.135163 0.084407 0.822057 0.502866 0.840042 0.504362 0.222003 0.071151 0.153422 0.043477 0.161898 0.025023 0.230879 0.067959 0.200590 0.159460 0.175074 0.256020 0.161104 0.235560 0.145064 0.211734 0.857007 0.561161 0.852822 0.580679 0.857007 0.503175 0.695653 0.704368 0.704813 0.616386 0.710207 0.698589 0.254675 0.252323 
						0.175074 0.256020 0.159785 0.234584 0.241389 0.234610 0.551999 0.834387 0.557161 0.914977 0.546468 0.915076 0.542566 0.846814 0.236717 0.024889 0.153422 0.043477 0.161898 0.025023 0.229936 0.011399 0.693389 0.726885 0.710207 0.711122 0.239579 0.005823 0.254249 0.019535 0.949191 0.243781 0.947520 0.228710 0.964860 0.224234 0.964239 0.243781 0.681039 0.707311 0.683478 0.695096 0.566551 0.843420 0.566551 0.912234 0.250203 0.266794 0.180958 0.265550 0.226738 0.044653 0.147237 0.059108 0.400401 0.543237 0.418888 0.622306 0.384427 0.548997 0.122687 0.486747 0.126520 0.408504 0.139380 0.407912 0.130036 0.479238 0.235888 0.233510 0.175074 0.256020 0.161104 0.235560 0.218902 0.218910 0.372301 0.550203 0.398372 0.622592 0.382589 0.622544 0.369499 0.562624 0.873832 0.950718 0.882099 0.939878 0.896279 0.947019 0.893208 0.957446 0.881800 0.966526 0.896279 0.969584 0.225387 0.206713 0.249847 0.220294 0.139380 0.492653 0.131072 0.509017 0.239225 0.244889 0.180958 0.265550 0.155122 0.227024 0.418888 0.550608 0.900684 0.023747 0.900684 0.124413 0.889331 0.035518 0.098389 0.816700 0.099024 0.744948 0.112892 0.808775 0.688984 0.591260 0.686709 0.513223 
						0.705995 0.518431 0.704107 0.584851 0.804262 0.200959 0.817214 0.139838 0.823706 0.152314 0.816207 0.197643 0.891609 0.005357 0.881664 0.027055 0.823706 0.219226 0.810191 0.229984 0.705995 0.592194 0.689683 0.606786 0.742057 0.480146 0.742057 0.495310 0.726974 0.494080 0.721232 0.472659 0.673273 0.576851 0.680032 0.503968 0.089210 0.808213 0.088639 0.757621 0.120892 0.720845 0.120892 0.803862 0.793161 0.193647 0.645408 0.936803 0.637107 0.883466 0.658763 0.873939 0.658763 0.925822 0.925694 0.799500 0.925694 0.874129 0.923349 0.864774 0.918054 0.808493 0.391365 0.898489 0.398008 0.822880 0.409516 0.846309 0.400726 0.902728 0.006242 0.898944 0.025123 0.825337 0.016249 0.895622 0.753596 0.371808 0.739793 0.359056 0.743092 0.338886 0.753596 0.344245 0.025123 0.904869 0.013073 0.914445 0.784276 0.587054 0.784276 0.600335 0.766062 0.607729 0.769644 0.588462 0.905561 0.806323 0.912783 0.788816 0.383454 0.879031 0.409516 0.906616 0.913962 0.861586 0.001082 0.888362 0.002487 0.837091 0.953698 0.296624 0.947647 0.255662 0.960569 0.261329 0.963144 0.293895 0.035356 0.914098 0.027107 0.956319 0.029627 0.921879 0.047142 0.912216 0.047142 0.971832 
						0.043649 0.917010 0.250421 0.477086 0.258220 0.531674 0.247441 0.515893 0.258220 0.479298 0.957752 0.312704 0.967817 0.303710 0.885692 0.232441 0.871296 0.230508 0.881017 0.221693 0.890019 0.223975 0.890019 0.241046 0.881017 0.240418 0.979612 0.427897 0.984634 0.419103 0.991054 0.430869 0.985801 0.447222 0.133095 0.211409 0.139829 0.210432 0.139829 0.271557 0.991054 0.381839 0.967817 0.247591 
					</float_array>
					<technique_common>
						<accessor count="470" offset="0" source="#meshId4-tex0-array" stride="2">
							<param name="S" type="float" />
							<param name="T" type="float" />
						</accessor>
					</technique_common>
				</source>
				<vertices id="meshId4-vertices">
					<input semantic="POSITION" source="#meshId4-positions" />
				</vertices>
				<polylist count="352" material="defaultMaterial">
					<input offset="0" semantic="VERTEX" source="#meshId4-vertices" />
					<input offset="0" semantic="NORMAL" source="#meshId4-normals" />
					<input offset="0" semantic="TANGENT" source="#meshId4-tangents" />
					<input offset="0" semantic="BINORMAL" source="#meshId4-bitangents" />
					<input offset="0" semantic="TEXCOORD" source="#meshId4-tex0" set="0" />
					<vcount>
						3 3 3 3 3 3 3 3 3 3 3 3 3 3 3 3 3 3 3 3 3 3 3 3 3 3 3 3 3 3 3 3 3 3 3 3 3 3 3 3 3 3 3 3 3 3 3 3 3 3 3 3 3 3 3 3 3 3 3 3 3 3 3 3 
						3 3 3 3 3 3 3 3 3 3 3 3 3 3 3 3 3 3 3 3 3 3 3 3 3 3 3 3 3 3 3 3 3 3 3 3 3 3 3 3 3 3 3 3 3 3 3 3 3 3 3 3 3 3 3 3 3 3 3 3 3 3 3 3 
						3 3 3 3 3 3 3 3 3 3 3 3 3 3 3 3 3 3 3 3 3 3 3 3 3 3 3 3 3 3 3 3 3 3 3 3 3 3 3 3 3 3 3 3 3 3 3 3 3 3 3 3 3 3 3 3 3 3 3 3 3 3 3 3 
						3 3 3 3 3 3 3 3 3 3 3 3 3 3 3 3 3 3 3 3 3 3 3 3 3 3 3 3 3 3 3 3 3 3 3 3 3 3 3 3 3 3 3 3 3 3 3 3 3 3 3 3 3 3 3 3 3 3 3 3 3 3 3 3 
						3 3 3 3 3 3 3 3 3 3 3 3 3 3 3 3 3 3 3 3 3 3 3 3 3 3 3 3 3 3 3 3 3 3 3 3 3 3 3 3 3 3 3 3 3 3 3 3 3 3 3 3 3 3 3 3 3 3 3 3 3 3 3 3 
						3 3 3 3 3 3 3 3 3 3 3 3 3 3 3 3 3 3 3 3 3 3 3 3 3 3 3 3 3 3 3 3 
					</vcount>
					<p>
						3 0 1 1 2 3 7 4 5 5 6 7 11 8 9 9 10 11 15 12 13 13 14 15 17 16 0 0 3 17 15 18 19 19 12 15 8 11 20 20 21 8 16 22 23 23 0 16 27 24 25 25 26 27 31 28 29 29 30 31 33 32 26 26 25 33 4 34 35 35 5 4 28 36 37 37 29 28 0 23 38 38 1 0 40 5 35 35 39 40 12 41 42 42 13 12 46 43 44 44 45 46 50 47 48 48 49 50 54 51 52 52 53 54 56 55 47 47 50 56 60 57 58 58 59 60 64 61 62 62 63 64 57 65 66 66 58 57 61 67 68 68 62 61 72 69 70 70 71 72 74 73 69 69 72 74 53 75 76 76 54 53 78 59 58 58 77 78 44 79 80 80 45 44 82 81 79 79 44 82 84 61 64 64 83 84 85 67 61 61 84 85 
						86 87 88 92 89 90 90 91 92 93 94 95 97 94 93 93 96 97 98 99 100 104 101 102 102 103 104 90 89 105 109 106 107 107 108 109 110 86 88 96 93 111 111 112 96 103 113 114 109 108 115 108 116 115 104 103 114 117 104 114 121 118 119 119 120 121 125 122 123 123 124 125 129 126 127 127 128 129 133 130 131 131 132 133 131 134 135 135 132 131 137 136 134 134 131 137 127 138 139 139 140 127 143 123 141 141 142 143 126 144 145 145 146 126 148 147 130 130 133 148 152 149 150 150 151 152 130 153 137 137 131 130 154 153 130 130 147 154 126 146 138 138 127 126 158 155 156 156 157 158 122 159 141 141 123 122 122 125 160 160 161 122 162 159 122 122 161 162 118 163 164 164 119 118 162 161 165 154 147 166 161 160 165 147 148 166 168 152 151 151 167 168 
						155 158 169 151 150 170 171 155 169 167 151 170 177 172 173 177 173 174 177 174 175 175 176 177 181 178 179 179 180 181 183 182 178 178 181 183 187 184 185 185 186 187 189 177 176 176 188 189 193 190 191 191 192 193 197 194 195 195 196 197 199 175 174 174 198 199 198 174 173 173 200 198 181 180 197 181 197 196 181 196 201 201 183 181 184 187 202 202 203 184 207 204 205 205 206 207 192 191 208 208 209 192 211 207 206 206 210 211 212 213 214 218 215 216 216 217 218 219 220 221 223 220 219 219 222 223 224 225 226 230 227 228 228 229 230 216 215 231 233 225 224 224 232 233 234 212 214 236 213 212 212 235 236 237 238 239 238 240 239 240 241 239 230 229 242 243 230 242 247 244 245 245 246 247 251 248 249 249 250 251 255 252 253 253 254 255 256 257 258 256 259 260 
						260 261 256 258 262 259 259 256 258 265 263 248 248 264 265 264 248 251 251 266 264 252 267 268 268 253 252 263 249 248 244 269 270 270 245 244 256 261 271 271 257 256 275 272 273 273 274 275 279 276 277 277 278 279 283 280 281 281 282 283 287 284 285 285 286 287 285 288 289 289 286 285 291 290 288 288 285 291 281 292 293 293 294 281 297 277 295 295 296 297 280 298 299 299 300 280 302 301 284 284 287 302 272 275 303 303 304 272 284 305 291 291 285 284 306 305 284 284 301 306 280 300 292 292 281 280 306 307 308 308 305 306 276 309 295 295 277 276 276 279 310 310 311 276 312 309 276 276 311 312 272 313 314 314 273 272 313 272 304 304 315 313 316 317 318 322 319 320 320 321 322 326 323 324 324 325 326 330 327 328 328 329 330 332 331 316 316 318 332 330 333 334 
						334 327 330 338 335 336 336 337 338 331 339 340 340 316 331 323 341 342 342 324 323 319 343 344 344 320 319 340 317 316 327 345 346 346 328 327 347 348 349 353 350 351 351 352 353 357 354 355 355 356 357 361 358 359 359 360 361 365 362 363 363 364 365 367 366 362 362 365 367 354 357 368 368 369 354 371 350 353 353 370 371 354 372 373 373 355 354 368 357 356 356 374 368 375 348 347 358 349 348 348 359 358 376 377 378 379 380 381 385 382 383 383 384 385 389 386 387 387 388 389 391 390 376 376 378 391 389 392 393 393 386 389 382 385 394 394 395 382 399 396 397 397 398 399 382 400 401 401 383 382 379 402 403 403 380 379 405 381 380 380 404 405 406 387 386 410 407 408 408 409 410 414 411 412 412 413 414 418 415 416 416 417 418 419 420 421 425 422 423 423 424 425 
						421 426 427 427 419 421 431 428 429 429 430 431 433 411 414 414 432 433 434 416 415 418 417 435 432 414 413 413 436 432 419 437 438 438 420 419 442 439 440 440 441 442 443 444 445 448 446 447 447 444 448 449 450 451 449 451 452 454 453 439 439 442 454 458 455 456 456 457 458 455 459 460 460 456 455 464 461 462 462 463 464 465 466 467 448 444 443 462 468 463 454 442 441 441 469 454 
					</p>
				</polylist>
			</mesh>
		</geometry>
	</library_geometries>
	<library_visual_scenes>
		<visual_scene id="RootNode" name="RootNode">
			<node id="crystals" name="crystals">
				<matrix>100.000000 0.000000 0.000000 0.000000 0.000000 -0.000016 100.000000 0.000000 0.000000 -100.000000 -0.000016 0.000000 0.000000 0.000000 0.000000 1.000000</matrix>
				<instance_geometry url="#meshId0">
					<bind_material>
						<technique_common>
							<instance_material symbol="defaultMaterial" target="#Material1" />
						</technique_common>
					</bind_material>
				</instance_geometry>
				<instance_geometry url="#meshId1">
					<bind_material>
						<technique_common>
							<instance_material symbol="defaultMaterial" target="#Material2" />
						</technique_common>
					</bind_material>
				</instance_geometry>
				<instance_geometry url="#meshId2">
					<bind_material>
						<technique_common>
							<instance_material symbol="defaultMaterial" target="#Material3" />
						</technique_common>
					</bind_material>
				</instance_geometry>
				<instance_geometry url="#meshId3">
					<bind_material>
						<technique_common>
							<instance_material symbol="defaultMaterial" target="#Material4" />
						</technique_common>
					</bind_material>
				</instance_geometry>
				<instance_geometry url="#meshId4">
					<bind_material>
						<technique_common>
							<instance_material symbol="defaultMaterial" target="#Material5" />
						</technique_common>
					</bind_material>
				</instance_geometry>
			</node>
		</visual_scene>
	</library_visual_scenes>
	<scene>
		<instance_visual_scene url="#RootNode" />
	</scene>
</COLLADA>
