# OBJ written from E:\WORK_FOLDER\Personal_projects\spike_ball.obj
# Units	meters

o spike_ball_geo
v 0 -0.01715 0
v 0 -0.0168205 -0.0033458
v -0.00128038 -0.0168205 -0.00309112
v -0.00236584 -0.0168205 -0.00236584
v -0.00309112 -0.0168205 -0.00128038
v -0.0033458 -0.0168205 0
v -0.00309112 -0.0168205 0.00128038
v -0.00236584 -0.0168205 0.00236584
v -0.00128038 -0.0168205 0.00309112
v 0 -0.0168205 0.0033458
v 0.00128038 -0.0168205 0.00309112
v 0.00236584 -0.0168205 0.00236584
v 0.00309112 -0.0168205 0.00128038
v 0.0033458 -0.0168205 0
v 0.00309112 -0.0168205 -0.00128038
v 0.00236584 -0.0168205 -0.00236584
v 0.00128038 -0.0168205 -0.00309112
v 0 -0.0158445 -0.00656302
v -0.00251156 -0.0158445 -0.00606344
v -0.00464076 -0.0158445 -0.00464076
v -0.00606344 -0.0158445 -0.00251156
v -0.00656302 -0.0158445 0
v -0.00606344 -0.0158445 0.00251156
v -0.00464076 -0.0158445 0.00464076
v -0.00251156 -0.0158445 0.00606344
v 0 -0.0158445 0.00656302
v 0.00251156 -0.0158445 0.00606344
v 0.00464076 -0.0158445 0.00464076
v 0.00606344 -0.0158445 0.00251156
v 0.00656302 -0.0158445 0
v 0.00606344 -0.0158445 -0.00251156
v 0.00464076 -0.0158445 -0.00464076
v 0.00251156 -0.0158445 -0.00606344
v 0 -0.0142597 -0.00952803
v -0.00364622 -0.0142597 -0.00880275
v -0.00673733 -0.0142597 -0.00673733
v -0.00880275 -0.0142597 -0.00364622
v -0.00952803 -0.0142597 0
v -0.00880275 -0.0142597 0.00364622
v -0.00673733 -0.0142597 0.00673733
v -0.00364622 -0.0142597 0.00880275
v 0 -0.0142597 0.00952803
v 0.00364622 -0.0142597 0.00880275
v 0.00673733 -0.0142597 0.00673733
v 0.00880275 -0.0142597 0.00364622
v 0.00952803 -0.0142597 0
v 0.00880275 -0.0142597 -0.00364622
v 0.00673733 -0.0142597 -0.00673733
v 0.00364622 -0.0142597 -0.00880275
v 0 -0.0121269 -0.0121269
v -0.00464076 -0.0121269 -0.0112038
v -0.008575 -0.0121269 -0.008575
v -0.0112038 -0.0121269 -0.00464076
v -0.0121269 -0.0121269 0
v -0.0112038 -0.0121269 0.00464076
v -0.008575 -0.0121269 0.008575
v -0.00464076 -0.0121269 0.0112038
v 0 -0.0121269 0.0121269
v 0.00464076 -0.0121269 0.0112038
v 0.008575 -0.0121269 0.008575
v 0.0112038 -0.0121269 0.00464076
v 0.0121269 -0.0121269 0
v 0.0112038 -0.0121269 -0.00464076
v 0.008575 -0.0121269 -0.008575
v 0.00464076 -0.0121269 -0.0112038
v 0 -0.00952803 -0.0142597
v -0.00545695 -0.00952803 -0.0131742
v -0.0100831 -0.00952803 -0.0100831
v -0.0131742 -0.00952803 -0.00545695
v -0.0142597 -0.00952803 0
v -0.0131742 -0.00952803 0.00545695
v -0.0100831 -0.00952803 0.0100831
v -0.00545695 -0.00952803 0.0131742
v 0 -0.00952803 0.0142597
v 0.00545695 -0.00952803 0.0131742
v 0.0100831 -0.00952803 0.0100831
v 0.0131742 -0.00952803 0.00545695
v 0.0142597 -0.00952803 0
v 0.0131742 -0.00952803 -0.00545695
v 0.0100831 -0.00952803 -0.0100831
v 0.00545695 -0.00952803 -0.0131742
v 0 -0.00656302 -0.0158445
v -0.00606344 -0.00656302 -0.0146384
v -0.0112038 -0.00656302 -0.0112038
v -0.0146384 -0.00656302 -0.00606344
v -0.0158445 -0.00656302 0
v -0.0146384 -0.00656302 0.00606344
v -0.0112038 -0.00656302 0.0112038
v -0.00606344 -0.00656302 0.0146384
v 0 -0.00656302 0.0158445
v 0.00606344 -0.00656302 0.0146384
v 0.0112038 -0.00656302 0.0112038
v 0.0146384 -0.00656302 0.00606344
v 0.0158445 -0.00656302 0
v 0.0146384 -0.00656302 -0.00606344
v 0.0112038 -0.00656302 -0.0112038
v 0.00606344 -0.00656302 -0.0146384
v 0 -0.0033458 -0.0168205
v -0.00643691 -0.0033458 -0.0155401
v -0.0118939 -0.0033458 -0.0118939
v -0.0155401 -0.0033458 -0.00643691
v -0.0168205 -0.0033458 0
v -0.0155401 -0.0033458 0.00643691
v -0.0118939 -0.0033458 0.0118939
v -0.00643691 -0.0033458 0.0155401
v 0 -0.0033458 0.0168205
v 0.00643691 -0.0033458 0.0155401
v 0.0118939 -0.0033458 0.0118939
v 0.0155401 -0.0033458 0.00643691
v 0.0168205 -0.0033458 0
v 0.0155401 -0.0033458 -0.00643691
v 0.0118939 -0.0033458 -0.0118939
v 0.00643691 -0.0033458 -0.0155401
v 0 -1.05013e-018 -0.01715
v -0.00656302 -1.05013e-018 -0.0158445
v -0.0121269 -1.05013e-018 -0.0121269
v -0.0158445 -1.05013e-018 -0.00656302
v -0.01715 -1.05013e-018 0
v -0.0158445 -1.05013e-018 0.00656302
v -0.0121269 -1.05013e-018 0.0121269
v -0.00656302 -1.05013e-018 0.0158445
v 0 -1.05013e-018 0.01715
v 0.00656302 -1.05013e-018 0.0158445
v 0.0121269 -1.05013e-018 0.0121269
v 0.0158445 -1.05013e-018 0.00656302
v 0.01715 -1.05013e-018 0
v 0.0158445 -1.05013e-018 -0.00656302
v 0.0121269 -1.05013e-018 -0.0121269
v 0.00656302 -1.05013e-018 -0.0158445
v 0 0.0033458 -0.0168205
v -0.00643691 0.0033458 -0.0155401
v -0.0118939 0.0033458 -0.0118939
v -0.0155401 0.0033458 -0.00643691
v -0.0168205 0.0033458 0
v -0.0155401 0.0033458 0.00643691
v -0.0118939 0.0033458 0.0118939
v -0.00643691 0.0033458 0.0155401
v 0 0.0033458 0.0168205
v 0.00643691 0.0033458 0.0155401
v 0.0118939 0.0033458 0.0118939
v 0.0155401 0.0033458 0.00643691
v 0.0168205 0.0033458 0
v 0.0155401 0.0033458 -0.00643691
v 0.0118939 0.0033458 -0.0118939
v 0.00643691 0.0033458 -0.0155401
v 0 0.00656302 -0.0158445
v -0.00606344 0.00656302 -0.0146384
v -0.0112038 0.00656302 -0.0112038
v -0.0146384 0.00656302 -0.00606344
v -0.0158445 0.00656302 0
v -0.0146384 0.00656302 0.00606344
v -0.0112038 0.00656302 0.0112038
v -0.00606344 0.00656302 0.0146384
v 0 0.00656302 0.0158445
v 0.00606344 0.00656302 0.0146384
v 0.0112038 0.00656302 0.0112038
v 0.0146384 0.00656302 0.00606344
v 0.0158445 0.00656302 0
v 0.0146384 0.00656302 -0.00606344
v 0.0112038 0.00656302 -0.0112038
v 0.00606344 0.00656302 -0.0146384
v 0 0.00952803 -0.0142597
v -0.00545695 0.00952803 -0.0131742
v -0.0100831 0.00952803 -0.0100831
v -0.0131742 0.00952803 -0.00545695
v -0.0142597 0.00952803 0
v -0.0131742 0.00952803 0.00545695
v -0.0100831 0.00952803 0.0100831
v -0.00545695 0.00952803 0.0131742
v 0 0.00952803 0.0142597
v 0.00545695 0.00952803 0.0131742
v 0.0100831 0.00952803 0.0100831
v 0.0131742 0.00952803 0.00545695
v 0.0142597 0.00952803 0
v 0.0131742 0.00952803 -0.00545695
v 0.0100831 0.00952803 -0.0100831
v 0.00545695 0.00952803 -0.0131742
v 0 0.0121269 -0.0121269
v -0.00464076 0.0121269 -0.0112038
v -0.008575 0.0121269 -0.008575
v -0.0112038 0.0121269 -0.00464076
v -0.0121269 0.0121269 0
v -0.0112038 0.0121269 0.00464076
v -0.008575 0.0121269 0.008575
v -0.00464076 0.0121269 0.0112038
v 0 0.0121269 0.0121269
v 0.00464076 0.0121269 0.0112038
v 0.008575 0.0121269 0.008575
v 0.0112038 0.0121269 0.00464076
v 0.0121269 0.0121269 0
v 0.0112038 0.0121269 -0.00464076
v 0.008575 0.0121269 -0.008575
v 0.00464076 0.0121269 -0.0112038
v 0 0.0142597 -0.00952803
v -0.00364622 0.0142597 -0.00880275
v -0.00673733 0.0142597 -0.00673733
v -0.00880275 0.0142597 -0.00364622
v -0.00952803 0.0142597 0
v -0.00880275 0.0142597 0.00364622
v -0.00673733 0.0142597 0.00673733
v -0.00364622 0.0142597 0.00880275
v 0 0.0142597 0.00952803
v 0.00364622 0.0142597 0.00880275
v 0.00673733 0.0142597 0.00673733
v 0.00880275 0.0142597 0.00364622
v 0.00952803 0.0142597 0
v 0.00880275 0.0142597 -0.00364622
v 0.00673733 0.0142597 -0.00673733
v 0.00364622 0.0142597 -0.00880275
v 0 0.0158445 -0.00656302
v -0.00251156 0.0158445 -0.00606344
v -0.00464076 0.0158445 -0.00464076
v -0.00606344 0.0158445 -0.00251156
v -0.00656302 0.0158445 0
v -0.00606344 0.0158445 0.00251156
v -0.00464076 0.0158445 0.00464076
v -0.00251156 0.0158445 0.00606344
v 0 0.0158445 0.00656302
v 0.00251156 0.0158445 0.00606344
v 0.00464076 0.0158445 0.00464076
v 0.00606344 0.0158445 0.00251156
v 0.00656302 0.0158445 0
v 0.00606344 0.0158445 -0.00251156
v 0.00464076 0.0158445 -0.00464076
v 0.00251156 0.0158445 -0.00606344
v 0 0.0168205 -0.0033458
v -0.00128038 0.0168205 -0.00309112
v -0.00236584 0.0168205 -0.00236584
v -0.00309112 0.0168205 -0.00128038
v -0.0033458 0.0168205 0
v -0.00309112 0.0168205 0.00128038
v -0.00236584 0.0168205 0.00236584
v -0.00128038 0.0168205 0.00309112
v 0 0.0168205 0.0033458
v 0.00128038 0.0168205 0.00309112
v 0.00236584 0.0168205 0.00236584
v 0.00309112 0.0168205 0.00128038
v 0.0033458 0.0168205 0
v 0.00309112 0.0168205 -0.00128038
v 0.00236584 0.0168205 -0.00236584
v 0.00128038 0.0168205 -0.00309112
v 0 0.01715 2.10027e-018
v 0.0037 0.02051 0
v 0.0026163 0.02051 -0.00261629
v 1.49012e-008 0.02051 -0.00370002
v -0.0026163 0.02051 -0.00261629
v -0.0037 0.02051 0
v -0.0026163 0.02051 0.00261629
v 1.49012e-008 0.02051 0.00370002
v 0.0026163 0.02051 0.00261629
v 1.49012e-008 0.0253092 -0.00341694
v -0.00244149 0.0253092 -0.00241777
v -0.00345279 0.0253092 -5.56372e-006
v -0.00244149 0.0253092 0.00240664
v 1.49012e-008 0.0253092 0.00340581
v 0.00244152 0.0253092 0.00240664
v 0.00345282 0.0253092 -5.56372e-006
v 0.00244152 0.0253092 -0.00241777
v 1.49012e-008 0.0262411 -0.00261652
v -0.00186863 0.0262411 -0.00185179
v -0.00264265 0.0262411 -5.56372e-006
v -0.00186863 0.0262411 0.00184066
v 1.49012e-008 0.0262411 0.00260539
v 0.00186866 0.0262411 0.00184066
v 0.00264268 0.0262411 -5.56372e-006
v 0.00186866 0.0262411 -0.00185179
v 1.49012e-008 0.0268637 -0.0014186
v -0.00101129 0.0268637 -0.00100473
v -0.00143019 0.0268637 -5.56372e-006
v -0.00101129 0.0268637 0.000993605
v 1.49012e-008 0.0268637 0.00140747
v 0.00101132 0.0268637 0.000993605
v 0.00143022 0.0268637 -5.56372e-006
v 0.00101132 0.0268637 -0.00100473
v 1.49012e-008 0.0270824 -5.56372e-006
v 0.00264268 0.02421 -0.00261652
v 1.49012e-008 0.02421 -0.00369801
v -0.00264265 0.02421 -0.00261652
v -0.00373728 0.02421 -5.56372e-006
v -0.00264265 0.02421 0.00260539
v 1.49012e-008 0.02421 0.00368688
v 0.00264268 0.02421 0.00260539
v 0.00373731 0.02421 -5.56372e-006
v 0.00263626 0.02331 -0.00261646
v 1.49012e-008 0.02331 -0.0036985
v -0.00263624 0.02331 -0.00261646
v -0.00372821 0.02331 -4.21042e-006
v -0.00263624 0.02331 0.00260804
v 1.49012e-008 0.02331 0.00369008
v 0.00263626 0.02331 0.00260804
v 0.00372823 0.02331 -4.21042e-006
v 0.00359176 0.01681 0
v 0.00253976 0.01681 -0.00253975
v 1.46832e-008 0.01681 -0.00359178
v -0.00253976 0.01681 -0.00253975
v -0.00359176 0.01681 0
v -0.00253976 0.01681 0.00253975
v 1.46832e-008 0.01681 0.00359178
v 0.00253976 0.01681 0.00253975
v 0.00289254 0.01681 0
v 0.00204534 0.01681 -0.00204533
v 1.32813e-008 0.01681 -0.00289255
v -0.00204534 0.01681 -0.00204533
v -0.00289254 0.01681 0
v -0.00204534 0.01681 0.00204533
v 1.32813e-008 0.01681 0.00289255
v 0.00204534 0.01681 0.00204533
v 0.0037 0.01684 0
v 0.00367 0.01681 0
v 0.00259509 0.01681 -0.00259507
v 0.0026163 0.01684 -0.00261629
v 1.48407e-008 0.01681 -0.00367002
v 1.49012e-008 0.01684 -0.00370002
v -0.00259509 0.01681 -0.00259507
v -0.0026163 0.01684 -0.00261629
v -0.00367 0.01681 0
v -0.0037 0.01684 0
v -0.00259509 0.01681 0.00259507
v -0.0026163 0.01684 0.00261629
v 1.48407e-008 0.01681 0.00367002
v 1.49012e-008 0.01684 0.00370002
v 0.00259509 0.01681 0.00259507
v 0.0026163 0.01684 0.00261629
v 0.0037 0.0168693 0
v 0.0026163 0.0168693 0.00261629
v 1.49012e-008 0.0168693 0.00370002
v -0.0026163 0.0168693 0.00261629
v -0.0037 0.0168693 0
v -0.0026163 0.0168693 -0.00261629
v 1.49012e-008 0.0168693 -0.00370002
v 0.0026163 0.0168693 -0.00261629
v 0.00206064 0.01669 -0.00206063
v 1.33247e-008 0.01669 -0.0029142
v 0.00291419 0.01669 0
v 0.00206064 0.01669 0.00206063
v 1.33247e-008 0.01669 0.0029142
v -0.00206064 0.01669 0.00206063
v -0.00291419 0.01669 0
v -0.00206064 0.01669 -0.00206063
v 0.00206064 0.01651 -0.00206063
v 1.33247e-008 0.01651 -0.0029142
v -0.00206064 0.01651 -0.00206063
v -0.00291419 0.01651 0
v -0.00206064 0.01651 0.00206063
v 1.33247e-008 0.01651 0.0029142
v 0.00206064 0.01651 0.00206063
v 0.00291419 0.01651 0
v 0.0037 -0.0204676 -1.57514e-019
v 0.0026163 -0.0204676 0.00261629
v 1.49012e-008 -0.0204676 0.00370002
v -0.0026163 -0.0204676 0.00261629
v -0.0037 -0.0204676 -1.57514e-019
v -0.0026163 -0.0204676 -0.00261629
v 1.49012e-008 -0.0204676 -0.00370002
v 0.0026163 -0.0204676 -0.00261629
v 1.49012e-008 -0.0252668 0.00341694
v -0.00244149 -0.0252668 0.00241777
v -0.00345279 -0.0252668 5.56372e-006
v -0.00244149 -0.0252668 -0.00240664
v 1.49012e-008 -0.0252668 -0.00340581
v 0.00244152 -0.0252668 -0.00240664
v 0.00345282 -0.0252668 5.56372e-006
v 0.00244152 -0.0252668 0.00241777
v 1.49012e-008 -0.0261987 0.00261652
v -0.00186863 -0.0261987 0.00185179
v -0.00264265 -0.0261987 5.56372e-006
v -0.00186863 -0.0261987 -0.00184066
v 1.49012e-008 -0.0261987 -0.00260539
v 0.00186866 -0.0261987 -0.00184066
v 0.00264268 -0.0261987 5.56372e-006
v 0.00186866 -0.0261987 0.00185179
v 1.49012e-008 -0.0268214 0.0014186
v -0.00101129 -0.0268214 0.00100473
v -0.00143019 -0.0268214 5.56372e-006
v -0.00101129 -0.0268214 -0.000993605
v 1.49012e-008 -0.0268214 -0.00140747
v 0.00101132 -0.0268214 -0.000993605
v 0.00143022 -0.0268214 5.56372e-006
v 0.00101132 -0.0268214 0.00100473
v 1.49012e-008 -0.02704 5.56372e-006
v 0.00264268 -0.0241676 0.00261652
v 1.49012e-008 -0.0241676 0.00369801
v -0.00264265 -0.0241676 0.00261652
v -0.00373728 -0.0241676 5.56372e-006
v -0.00264265 -0.0241676 -0.00260539
v 1.49012e-008 -0.0241676 -0.00368688
v 0.00264268 -0.0241676 -0.00260539
v 0.00373731 -0.0241676 5.56372e-006
v 0.00263626 -0.0232676 0.00261646
v 1.49012e-008 -0.0232676 0.0036985
v -0.00263624 -0.0232676 0.00261646
v -0.00372821 -0.0232676 4.21042e-006
v -0.00263624 -0.0232676 -0.00260804
v 1.49012e-008 -0.0232676 -0.00369008
v 0.00263626 -0.0232676 -0.00260804
v 0.00372823 -0.0232676 4.21042e-006
v 0.00359176 -0.0167676 -6.10633e-019
v 0.00253976 -0.0167676 0.00253975
v 1.46832e-008 -0.0167676 0.00359178
v -0.00253976 -0.0167676 0.00253975
v -0.00359176 -0.0167676 -6.10633e-019
v -0.00253976 -0.0167676 -0.00253975
v 1.46832e-008 -0.0167676 -0.00359178
v 0.00253976 -0.0167676 -0.00253975
v 0.00289254 -0.0167676 -6.10633e-019
v 0.00204534 -0.0167676 0.00204533
v 1.32813e-008 -0.0167676 0.00289255
v -0.00204534 -0.0167676 0.00204533
v -0.00289254 -0.0167676 -6.10633e-019
v -0.00204534 -0.0167676 -0.00204533
v 1.32813e-008 -0.0167676 -0.00289255
v 0.00204534 -0.0167676 -0.00204533
v 0.0037 -0.0167976 -6.06959e-019
v 0.00367 -0.0167676 -6.10633e-019
v 0.00259509 -0.0167676 0.00259507
v 0.0026163 -0.0167976 0.00261629
v 1.48407e-008 -0.0167676 0.00367002
v 1.49012e-008 -0.0167976 0.00370002
v -0.00259509 -0.0167676 0.00259507
v -0.0026163 -0.0167976 0.00261629
v -0.00367 -0.0167676 -6.10633e-019
v -0.0037 -0.0167976 -6.06959e-019
v -0.00259509 -0.0167676 -0.00259507
v -0.0026163 -0.0167976 -0.00261629
v 1.48407e-008 -0.0167676 -0.00367002
v 1.49012e-008 -0.0167976 -0.00370002
v 0.00259509 -0.0167676 -0.00259507
v 0.0026163 -0.0167976 -0.00261629
v 0.0037 -0.0168269 -6.03375e-019
v 0.0026163 -0.0168269 -0.00261629
v 1.49012e-008 -0.0168269 -0.00370002
v -0.0026163 -0.0168269 -0.00261629
v -0.0037 -0.0168269 -6.03375e-019
v -0.0026163 -0.0168269 0.00261629
v 1.49012e-008 -0.0168269 0.00370002
v 0.0026163 -0.0168269 0.00261629
v 0.00206064 -0.0166476 0.00206063
v 1.33247e-008 -0.0166476 0.0029142
v 0.00291419 -0.0166476 -6.25328e-019
v 0.00206064 -0.0166476 -0.00206063
v 1.33247e-008 -0.0166476 -0.0029142
v -0.00206064 -0.0166476 -0.00206063
v -0.00291419 -0.0166476 -6.25328e-019
v -0.00206064 -0.0166476 0.00206063
v 0.00206064 -0.0164676 0.00206063
v 1.33247e-008 -0.0164676 0.0029142
v -0.00206064 -0.0164676 0.00206063
v -0.00291419 -0.0164676 -6.47372e-019
v -0.00206064 -0.0164676 -0.00206063
v 1.33247e-008 -0.0164676 -0.0029142
v 0.00206064 -0.0164676 -0.00206063
v 0.00291419 -0.0164676 -6.47372e-019
v -0.0193153 -0.00657793 -1.06757e-005
v -0.0188165 -0.00753962 0.00260575
v -0.0176091 -0.00986048 0.00368981
v -0.0164003 -0.012181 0.00260641
v -0.0158984 -0.0131418 -9.7336e-006
v -0.0163972 -0.0121801 -0.00262616
v -0.0176046 -0.00985923 -0.00371022
v -0.0188133 -0.00753874 -0.00262682
v -0.0218659 -0.0120765 0.0034038
v -0.0207379 -0.0142419 0.00240494
v -0.0202695 -0.0151386 -7.13979e-006
v -0.020735 -0.0142411 -0.00241947
v -0.0218617 -0.0120753 -0.00341895
v -0.0229897 -0.00990984 -0.0024201
v -0.0234581 -0.00901321 -8.01891e-006
v -0.0229926 -0.00991066 0.00240432
v -0.022692 -0.0125066 0.0026028
v -0.0218286 -0.014164 0.00183831
v -0.0214701 -0.0148503 -7.81349e-006
v -0.0218264 -0.0141634 -0.00185413
v -0.0226888 -0.0125057 -0.0026191
v -0.0235521 -0.0108484 -0.00185461
v -0.0239106 -0.0101621 -8.48634e-006
v -0.0235543 -0.010849 0.00183783
v -0.0232435 -0.0127939 0.00140451
v -0.0227763 -0.0136909 0.000990766
v -0.0225823 -0.0140623 -8.34908e-006
v -0.0227751 -0.0136906 -0.00100757
v -0.0232418 -0.0127935 -0.00142157
v -0.0237091 -0.0118965 -0.00100783
v -0.0239031 -0.0115251 -8.71322e-006
v -0.0237103 -0.0118968 0.000990509
v -0.0234366 -0.0128947 -8.66502e-006
v -0.0221106 -0.0092247 0.00260371
v -0.020891 -0.011569 0.00368554
v -0.0196701 -0.0139128 0.00260438
v -0.0191631 -0.0148833 -6.43055e-006
v -0.019667 -0.013912 -0.00261752
v -0.0208866 -0.0115677 -0.00369935
v -0.0221075 -0.00922381 -0.0026182
v -0.0226145 -0.00825331 -7.38211e-006
v -0.0213094 -0.00881482 0.00260421
v -0.0200927 -0.0111534 0.00368658
v -0.0188748 -0.0134916 0.00260488
v -0.018369 -0.0144597 -7.23397e-006
v -0.0188716 -0.0134907 -0.00261962
v -0.0200883 -0.0111521 -0.003702
v -0.0213062 -0.00881394 -0.00262029
v -0.021812 -0.00784579 -8.18322e-006
v -0.0159834 -0.00496546 -8.39647e-006
v -0.0154992 -0.00589903 0.00253149
v -0.0143271 -0.00815199 0.00358384
v -0.0131537 -0.0104046 0.00253213
v -0.0126664 -0.0113373 -7.48196e-006
v -0.0131506 -0.0104038 -0.00254737
v -0.0143227 -0.00815077 -0.00359972
v -0.0154961 -0.00589817 -0.00254801
v -0.0156605 -0.00558568 -8.30745e-006
v -0.0152706 -0.00633751 0.00203713
v -0.0143266 -0.00815188 0.00288461
v -0.0133817 -0.00996598 0.00203765
v -0.0129893 -0.0107171 -7.57098e-006
v -0.0133792 -0.00996528 -0.002053
v -0.0143232 -0.00815089 -0.00290049
v -0.0152681 -0.00633681 -0.00205353
v -0.01606 -0.00488331 -8.42862e-006
v -0.0160195 -0.00489606 -8.40643e-006
v -0.0155247 -0.00584997 0.0025868
v -0.0155612 -0.00584501 0.00260799
v -0.0143271 -0.00815201 0.00366208
v -0.0143537 -0.00816586 0.00369206
v -0.0131282 -0.0104537 0.00258746
v -0.013145 -0.0104864 0.00260866
v -0.0126303 -0.0114067 -7.472e-006
v -0.012643 -0.0114472 -7.48655e-006
v -0.0131251 -0.0104528 -0.00260268
v -0.0131419 -0.0104855 -0.00262391
v -0.0143227 -0.00815076 -0.00367796
v -0.0143493 -0.00816461 -0.00370797
v -0.0155216 -0.00584909 -0.00260334
v -0.015558 -0.00584412 -0.00262458
v -0.0160859 -0.00489682 -8.44653e-006
v -0.015584 -0.00585763 -0.00262459
v -0.0143752 -0.00817812 -0.00370799
v -0.0131678 -0.010499 -0.00262393
v -0.012669 -0.0114607 -7.50447e-006
v -0.013171 -0.0104999 0.00260864
v -0.0143797 -0.00817937 0.00369204
v -0.0155871 -0.00585852 0.00260798
v -0.0151712 -0.00626853 0.00205251
v -0.0142202 -0.00809647 0.00290633
v -0.0155641 -0.00551107 -8.23674e-006
v -0.0151687 -0.00626783 -0.00206876
v -0.0142167 -0.00809548 -0.00292206
v -0.0132657 -0.00992345 -0.00206824
v -0.0128728 -0.0106809 -7.49475e-006
v -0.0132682 -0.00992415 0.00205303
v -0.0150115 -0.00618541 0.00205262
v -0.0140606 -0.00801335 0.00290644
v -0.0131085 -0.00984104 0.00205314
v -0.0127132 -0.0105978 -7.38454e-006
v -0.0131061 -0.00984034 -0.00206812
v -0.014057 -0.00801236 -0.00292195
v -0.0150091 -0.00618471 -0.00206865
v -0.0154044 -0.00542796 -8.12653e-006
v -0.0135394 0.00657802 0.0137665
v -0.0113236 0.00753972 0.0152446
v -0.00970413 0.00986057 0.0151432
v -0.00962964 0.0121811 0.0135217
v -0.0111438 0.0131419 0.01133
v -0.0133596 0.0121802 0.00985188
v -0.0149791 0.0098593 0.00995326
v -0.0150536 0.00753882 0.0115748
v -0.0128917 0.0120766 0.0179789
v -0.0128136 0.014242 0.0164742
v -0.0142057 0.0151387 0.0144495
v -0.0162526 0.0142412 0.0130907
v -0.0177552 0.0120754 0.0131938
v -0.0178334 0.00990994 0.0146984
v -0.0164413 0.00901332 0.0167232
v -0.0143944 0.00991077 0.018082
v -0.0140421 0.0125067 0.0180067
v -0.0139822 0.0141641 0.016855
v -0.0150477 0.0148504 0.0153054
v -0.0166143 0.0141635 0.0142654
v -0.0177644 0.0125058 0.0143443
v -0.0178242 0.0108485 0.0154959
v -0.0167588 0.0101622 0.0170456
v -0.0151921 0.0108491 0.0180856
v -0.0152834 0.012794 0.0175602
v -0.015251 0.013691 0.0169369
v -0.0158276 0.0140624 0.0160982
v -0.0166755 0.0136907 0.0155354
v -0.0172979 0.0127936 0.0155781
v -0.0173303 0.0118966 0.0162014
v -0.0167536 0.0115252 0.0170401
v -0.0159058 0.0118969 0.0176029
v -0.0164267 0.0128948 0.0167074
v -0.013634 0.0092248 0.0175927
v -0.0120075 0.0115691 0.017481
v -0.0119229 0.0139129 0.0158524
v -0.0134297 0.0148834 0.0136608
v -0.0156452 0.013912 0.0121901
v -0.0172717 0.0115678 0.0123017
v -0.0173563 0.00922391 0.0139303
v -0.0158495 0.00825341 0.0161219
v -0.013072 0.00881493 0.0170215
v -0.0114472 0.0111535 0.0169124
v -0.0113651 0.0134917 0.0152855
v -0.0128737 0.0144598 0.0130939
v -0.0150893 0.0134908 0.0116214
v -0.016714 0.0111522 0.0117305
v -0.0167962 0.00881403 0.0133574
v -0.0152876 0.00784589 0.015549
v -0.0112024 0.00496554 0.0113916
v -0.00905146 0.00589911 0.0128264
v -0.00747933 0.00815207 0.012728
v -0.00740703 0.0104047 0.011154
v -0.00887686 0.0113374 0.00902636
v -0.0110278 0.0104038 0.00759151
v -0.0126 0.00815083 0.00768993
v -0.0126723 0.00589823 0.00926398
v -0.0109761 0.00558576 0.0111614
v -0.00924383 0.00633758 0.0123169
v -0.00797776 0.00815195 0.0122376
v -0.00791953 0.00996604 0.01097
v -0.00910323 0.0107172 0.00925658
v -0.0108355 0.00996534 0.00810106
v -0.0121015 0.00815095 0.00818032
v -0.0121598 0.00633688 0.00944795
v -0.0112561 0.00488338 0.0114462
v -0.0112278 0.00489614 0.0114173
v -0.00902993 0.00585004 0.0128834
v -0.00904034 0.00584508 0.0129243
v -0.00742356 0.00815208 0.0127829
v -0.00742084 0.00816594 0.0128229
v -0.00734968 0.0104538 0.0111745
v -0.00734636 0.0104864 0.0112014
v -0.00885153 0.0114068 0.00900059
v -0.00886049 0.0114473 0.00900968
v -0.0110494 0.0104529 0.0075345
v -0.0110763 0.0104855 0.0075316
v -0.0126557 0.00815082 0.00763505
v -0.0126958 0.00816467 0.00763298
v -0.0127296 0.00584915 0.0092434
v -0.0127703 0.00584419 0.00925447
v -0.0112743 0.00489689 0.0114647
v -0.0127885 0.00585769 0.00927297
v -0.012714 0.00817818 0.00765148
v -0.0110945 0.0104991 0.0075501
v -0.00887869 0.0114608 0.00902818
v -0.00736456 0.0105 0.0112199
v -0.00743904 0.00817945 0.0128414
v -0.00905855 0.00585859 0.0129428
v -0.00916322 0.0062686 0.0122568
v -0.00788767 0.00809654 0.0121769
v -0.0109084 0.00551114 0.0110926
v -0.012101 0.00626789 0.00936638
v -0.0120423 0.00809554 0.00808927
v -0.0107668 0.00992351 0.00800942
v -0.00902156 0.010681 0.00917358
v -0.00782901 0.00992421 0.0108998
v -0.00905123 0.00618548 0.012143
v -0.00777568 0.00801342 0.0120631
v -0.00771702 0.0098411 0.010786
v -0.00890957 0.0105978 0.00905978
v -0.0106548 0.00984039 0.00789562
v -0.0119303 0.00801242 0.00797547
v -0.011989 0.00618477 0.00925258
v -0.0107964 0.00542803 0.0109788
v 0.0193153 -0.00657793 -1.06753e-005
v 0.0188165 -0.00753962 0.00260575
v 0.0176091 -0.00986048 0.00368981
v 0.0164003 -0.012181 0.00260641
v 0.0158984 -0.0131418 -9.73325e-006
v 0.0163972 -0.0121801 -0.00262616
v 0.0176046 -0.00985923 -0.00371022
v 0.0188133 -0.00753874 -0.00262682
v 0.0218659 -0.0120765 0.0034038
v 0.0207379 -0.0142419 0.00240494
v 0.0202695 -0.0151386 -7.13944e-006
v 0.020735 -0.0142411 -0.00241947
v 0.0218617 -0.0120753 -0.00341895
v 0.0229897 -0.00990984 -0.0024201
v 0.0234581 -0.00901321 -8.01857e-006
v 0.0229926 -0.00991066 0.00240432
v 0.022692 -0.0125066 0.0026028
v 0.0218286 -0.014164 0.00183831
v 0.0214701 -0.0148503 -7.81314e-006
v 0.0218264 -0.0141634 -0.00185413
v 0.0226888 -0.0125057 -0.0026191
v 0.0235521 -0.0108484 -0.00185461
v 0.0239106 -0.0101621 -8.48599e-006
v 0.0235543 -0.010849 0.00183784
v 0.0232435 -0.0127939 0.00140451
v 0.0227763 -0.0136909 0.000990766
v 0.0225823 -0.0140623 -8.34873e-006
v 0.0227751 -0.0136906 -0.00100757
v 0.0232418 -0.0127935 -0.00142157
v 0.0237091 -0.0118965 -0.00100783
v 0.0239031 -0.0115251 -8.71287e-006
v 0.0237103 -0.0118968 0.000990509
v 0.0234366 -0.0128947 -8.66467e-006
v 0.0221106 -0.0092247 0.00260371
v 0.020891 -0.011569 0.00368554
v 0.0196701 -0.0139128 0.00260438
v 0.0191631 -0.0148833 -6.4302e-006
v 0.019667 -0.013912 -0.00261752
v 0.0208866 -0.0115677 -0.00369935
v 0.0221075 -0.00922381 -0.0026182
v 0.0226145 -0.00825331 -7.38176e-006
v 0.0213094 -0.00881482 0.00260421
v 0.0200927 -0.0111534 0.00368658
v 0.0188748 -0.0134916 0.00260488
v 0.018369 -0.0144597 -7.23362e-006
v 0.0188716 -0.0134907 -0.00261962
v 0.0200883 -0.0111521 -0.003702
v 0.0213062 -0.00881394 -0.00262029
v 0.021812 -0.00784579 -8.18287e-006
v 0.0159834 -0.00496546 -8.39612e-006
v 0.0154992 -0.00589903 0.00253149
v 0.0143271 -0.00815199 0.00358384
v 0.0131537 -0.0104046 0.00253213
v 0.0126664 -0.0113373 -7.48161e-006
v 0.0131506 -0.0104038 -0.00254737
v 0.0143227 -0.00815077 -0.00359972
v 0.0154961 -0.00589817 -0.00254801
v 0.0156605 -0.00558568 -8.3071e-006
v 0.0152706 -0.00633751 0.00203713
v 0.0143266 -0.00815188 0.00288461
v 0.0133817 -0.00996598 0.00203765
v 0.0129893 -0.0107171 -7.57063e-006
v 0.0133792 -0.00996528 -0.002053
v 0.0143232 -0.00815089 -0.00290049
v 0.0152681 -0.00633681 -0.00205353
v 0.01606 -0.00488331 -8.42827e-006
v 0.0160195 -0.00489606 -8.40608e-006
v 0.0155247 -0.00584997 0.0025868
v 0.0155612 -0.00584501 0.002608
v 0.0143271 -0.00815201 0.00366208
v 0.0143537 -0.00816586 0.00369206
v 0.0131282 -0.0104537 0.00258746
v 0.013145 -0.0104864 0.00260866
v 0.0126303 -0.0114067 -7.47165e-006
v 0.012643 -0.0114472 -7.4862e-006
v 0.0131251 -0.0104528 -0.00260268
v 0.0131419 -0.0104855 -0.00262391
v 0.0143227 -0.00815076 -0.00367796
v 0.0143493 -0.00816461 -0.00370797
v 0.0155216 -0.00584909 -0.00260334
v 0.015558 -0.00584412 -0.00262458
v 0.0160859 -0.00489682 -8.44618e-006
v 0.015584 -0.00585763 -0.00262459
v 0.0143752 -0.00817812 -0.00370799
v 0.0131678 -0.010499 -0.00262393
v 0.012669 -0.0114607 -7.50412e-006
v 0.013171 -0.0104999 0.00260864
v 0.0143797 -0.00817937 0.00369204
v 0.0155871 -0.00585852 0.00260798
v 0.0151712 -0.00626853 0.00205251
v 0.0142202 -0.00809647 0.00290633
v 0.0155641 -0.00551107 -8.23639e-006
v 0.0151687 -0.00626783 -0.00206876
v 0.0142167 -0.00809548 -0.00292206
v 0.0132657 -0.00992345 -0.00206824
v 0.0128728 -0.0106809 -7.4944e-006
v 0.0132682 -0.00992415 0.00205303
v 0.0150115 -0.00618541 0.00205262
v 0.0140606 -0.00801335 0.00290644
v 0.0131085 -0.00984104 0.00205314
v 0.0127132 -0.0105978 -7.38419e-006
v 0.0131061 -0.00984034 -0.00206812
v 0.014057 -0.00801236 -0.00292195
v 0.0150091 -0.00618471 -0.00206865
v 0.0154044 -0.00542796 -8.12618e-006
v 0.0135371 0.00657784 -0.0137868
v 0.0150537 0.00753954 -0.0115972
v 0.0149806 0.00986041 -0.00997617
v 0.0133607 0.0121809 -0.00987341
v 0.0111428 0.0131417 -0.0113491
v 0.00962631 0.01218 -0.0135387
v 0.00969939 0.00985914 -0.0151597
v 0.0113193 0.00753864 -0.0152625
v 0.0177602 0.0120764 -0.0132128
v 0.0162572 0.0142418 -0.0131084
v 0.0142084 0.0151385 -0.0144649
v 0.0128141 0.014241 -0.0164878
v 0.012891 0.0120752 -0.017992
v 0.014394 0.00990973 -0.0180964
v 0.0164428 0.0090131 -0.0167399
v 0.0178371 0.00991056 -0.014717
v 0.0177679 0.0125065 -0.0143634
v 0.0166176 0.0141639 -0.0142835
v 0.0150495 0.0148502 -0.0153218
v 0.0139824 0.0141633 -0.01687
v 0.0140412 0.0125056 -0.0180213
v 0.0151916 0.0108482 -0.0181012
v 0.0167596 0.010162 -0.0170629
v 0.0178268 0.0108489 -0.0155147
v 0.0172999 0.0127938 -0.0155968
v 0.0166773 0.0136908 -0.0155535
v 0.0158287 0.0140622 -0.0161154
v 0.0152511 0.0136905 -0.0169533
v 0.015283 0.0127933 -0.0175764
v 0.0159055 0.0118964 -0.0176196
v 0.0167542 0.011525 -0.0170577
v 0.0173317 0.0118967 -0.0162198
v 0.0164272 0.0128945 -0.016725
v 0.0173611 0.0092246 -0.0139481
v 0.0172779 0.0115689 -0.01232
v 0.015651 0.0139128 -0.012207
v 0.0134335 0.0148833 -0.0136753
v 0.0119243 0.0139119 -0.0158648
v 0.0120075 0.0115676 -0.017493
v 0.0136344 0.0092237 -0.017606
v 0.0158519 0.0082532 -0.0161377
v 0.0167998 0.00881473 -0.0133763
v 0.0167191 0.0111533 -0.0117499
v 0.0150939 0.0134915 -0.0116394
v 0.0128763 0.0144597 -0.0131095
v 0.0113653 0.0134906 -0.015299
v 0.0114461 0.011152 -0.0169255
v 0.0130713 0.00881383 -0.017036
v 0.0152889 0.00784569 -0.0155659
v 0.0112034 0.00496539 -0.0114087
v 0.0126756 0.00589896 -0.00928314
v 0.0126046 0.00815193 -0.00770955
v 0.0110321 0.0104046 -0.0076098
v 0.00887914 0.0113373 -0.00904228
v 0.00740697 0.0104037 -0.0111679
v 0.00747792 0.0081507 -0.0127415
v 0.00905046 0.00589809 -0.0128412
v 0.0109771 0.00558561 -0.0111784
v 0.0121627 0.00633744 -0.00946659
v 0.0121056 0.00815182 -0.00819934
v 0.0108392 0.00996592 -0.00811901
v 0.00910538 0.0107171 -0.00927263
v 0.0079198 0.00996522 -0.0109844
v 0.00797693 0.00815082 -0.0122517
v 0.00924334 0.00633674 -0.012332
v 0.011257 0.00488323 -0.0114634
v 0.0112287 0.00489599 -0.0114345
v 0.0127329 0.0058499 -0.00926261
v 0.0127736 0.00584494 -0.00927373
v 0.0126605 0.00815195 -0.00765474
v 0.0127005 0.0081658 -0.00765272
v 0.0110536 0.0104537 -0.00755282
v 0.0110806 0.0104863 -0.00754996
v 0.00885383 0.0114067 -0.00901651
v 0.00886276 0.0114471 -0.00902562
v 0.00734959 0.0104528 -0.0111884
v 0.00734622 0.0104854 -0.0112153
v 0.00742208 0.00815069 -0.0127963
v 0.00741931 0.00816453 -0.0128363
v 0.00902888 0.00584901 -0.0128982
v 0.00903924 0.00584404 -0.012939
v 0.0112752 0.00489674 -0.0114819
v 0.00905742 0.00585755 -0.0129576
v 0.00743748 0.00817805 -0.0128548
v 0.0073644 0.0104989 -0.0112338
v 0.00888094 0.0114606 -0.00904414
v 0.0110987 0.0104998 -0.00756849
v 0.0127187 0.00817932 -0.00767125
v 0.0127918 0.00585845 -0.00929226
v 0.0121041 0.00626846 -0.00938494
v 0.0120465 0.00809641 -0.00810821
v 0.0109096 0.005511 -0.0111096
v 0.00916282 0.00626775 -0.0122718
v 0.00788693 0.00809541 -0.0121909
v 0.00782937 0.00992339 -0.0109141
v 0.00902382 0.0106808 -0.00918952
v 0.0107706 0.00992409 -0.00802727
v 0.0119922 0.00618534 -0.00927098
v 0.0119347 0.00801329 -0.00799425
v 0.0106588 0.00984098 -0.00791332
v 0.00891199 0.0105977 -0.00907557
v 0.00771754 0.00984027 -0.0108002
v 0.0077751 0.00801229 -0.0120769
v 0.00905099 0.00618464 -0.0121578
v 0.0107978 0.00542789 -0.0109956
v -0.000170151 -0.00657793 0.0193055
v 0.00245053 -0.00753962 0.0188295
v 0.00354509 -0.00986048 0.0176316
v 0.00247228 -0.012181 0.0164135
v -0.000139391 -0.0131418 0.0158887
v -0.00276007 -0.0121801 0.0163646
v -0.00385463 -0.00985923 0.0175626
v -0.00278182 -0.00753874 0.0187807
v 0.00322193 -0.0120765 0.0218857
v 0.00223296 -0.0142419 0.0207491
v -0.000174942 -0.0151386 0.0202596
v -0.00259125 -0.0142411 0.0207041
v -0.00360052 -0.0120753 0.0218221
v -0.00261154 -0.00990984 0.0229587
v -0.000203647 -0.00901321 0.0234482
v 0.00221266 -0.00991066 0.0230037
v 0.00241376 -0.0125066 0.0227048
v 0.00165683 -0.014164 0.0218349
v -0.000186093 -0.0148503 0.0214602
v -0.00203545 -0.0141634 0.0218004
v -0.00280792 -0.0125057 0.0226561
v -0.00205099 -0.0108484 0.023526
v -0.000208063 -0.0101621 0.0239006
v 0.0016413 -0.010849 0.0235605
v 0.0012107 -0.0127939 0.0232459
v 0.00080105 -0.0136909 0.0227751
v -0.000196334 -0.0140623 0.0225724
v -0.0011972 -0.0136906 0.0227565
v -0.00161526 -0.0127935 0.0232195
v -0.00120561 -0.0118965 0.0236904
v -0.000208224 -0.0115251 0.0238931
v 0.000792643 -0.0118968 0.023709
v -0.000204105 -0.0128947 0.0234267
v 0.00241974 -0.0092247 0.0221235
v 0.00351217 -0.011569 0.0209134
v 0.00244171 -0.0139128 0.0196831
v -0.000164578 -0.0148833 0.0191533
v -0.00277997 -0.013912 0.0196344
v -0.0038724 -0.0115677 0.0208445
v -0.00280194 -0.00922381 0.0220748
v -0.000195648 -0.00825331 0.0226045
v 0.00242723 -0.00881482 0.0213223
v 0.00352018 -0.0111534 0.0201151
v 0.00244915 -0.0134916 0.0188878
v -0.000158451 -0.0144597 0.0183592
v -0.00277513 -0.0134907 0.0188391
v -0.00386808 -0.0111521 0.0200462
v -0.00279704 -0.00881394 0.0212735
v -0.000189446 -0.00784579 0.0218021
v -0.000138796 -0.00496546 0.0159737
v 0.00240522 -0.00589903 0.0155117
v 0.00346776 -0.00815199 0.0143488
v 0.00242633 -0.0104046 0.0131663
v -0.000108935 -0.0113373 0.0126569
v -0.00265295 -0.0104038 0.0131189
v -0.00371549 -0.00815077 0.0142818
v -0.00267406 -0.00589817 0.0154643
v -0.000135889 -0.00558568 0.0156509
v 0.00191287 -0.00633751 0.0152788
v 0.00276856 -0.00815188 0.0143423
v 0.00192987 -0.00996598 0.01339
v -0.000111842 -0.0107171 0.0129797
v -0.0021606 -0.00996528 0.0133518
v -0.00301629 -0.00815089 0.0142883
v -0.0021776 -0.00633681 0.0152406
v -0.000139496 -0.00488331 0.0160503
v -0.000139121 -0.00489606 0.0160098
v 0.00246031 -0.00584997 0.0155377
v 0.00248118 -0.00584501 0.0155743
v 0.00354599 -0.00815201 0.0143495
v 0.00357574 -0.00816586 0.0143764
v 0.00248188 -0.0104537 0.0131413
v 0.00250293 -0.0104864 0.0131583
v -0.00010861 -0.0114067 0.0126207
v -0.000108736 -0.0114472 0.0126335
v -0.00270804 -0.0104528 0.0130928
v -0.00272941 -0.0104855 0.0131095
v -0.00379372 -0.00815076 0.0142811
v -0.00382397 -0.00816461 0.0143074
v -0.00272961 -0.00584909 0.0154893
v -0.00275116 -0.00584412 0.0155255
v -0.000139741 -0.00489682 0.0160763
v -0.00275141 -0.00585763 0.0155515
v -0.00382422 -0.00817812 0.0143333
v -0.00272966 -0.010499 0.0131354
v -0.00010898 -0.0114607 0.0126594
v 0.00250269 -0.0104999 0.0131842
v 0.0035755 -0.00817937 0.0144024
v 0.00248094 -0.00585852 0.0156003
v 0.00192912 -0.00626853 0.0151795
v 0.00279121 -0.00809647 0.014236
v -0.000134977 -0.00551107 0.0155544
v -0.00219197 -0.00626783 0.0151411
v -0.00303694 -0.00809548 0.0141817
v -0.00217484 -0.00992345 0.0132382
v -0.00011075 -0.0106809 0.0128633
v 0.00194625 -0.00992415 0.0132766
v 0.00193062 -0.00618541 0.0150199
v 0.00279271 -0.00801335 0.0140764
v 0.00194775 -0.00984104 0.013117
v -0.000109246 -0.0105978 0.0127036
v -0.00217334 -0.00984034 0.0130785
v -0.00303543 -0.00801236 0.014022
v -0.00219047 -0.00618471 0.0149814
v -0.000133473 -0.00542796 0.0153948
v 0.0136568 0.00657796 0.0136501
v 0.0151542 0.00753965 0.0114472
v 0.015067 0.0098605 0.0098269
v 0.0134462 0.012181 0.00973826
v 0.0112414 0.0131418 0.0112332
v 0.00974401 0.0121802 0.013436
v 0.00983124 0.00985928 0.0150564
v 0.011452 0.00753878 0.015145
v 0.0178748 0.0120765 0.0130391
v 0.0163709 0.014242 0.0129478
v 0.0143341 0.0151386 0.0143222
v 0.0129574 0.0142412 0.0163572
v 0.0130474 0.0120754 0.0178606
v 0.0145513 0.00990989 0.0179519
v 0.0165881 0.00901326 0.0165776
v 0.0179648 0.00991069 0.0145426
v 0.0178925 0.0125067 0.0141897
v 0.0167415 0.014164 0.0141198
v 0.0151826 0.0148503 0.0151717
v 0.014129 0.0141634 0.0167292
v 0.0141978 0.0125058 0.0178799
v 0.0153489 0.0108484 0.0179498
v 0.0169078 0.0101622 0.0168979
v 0.0179614 0.010849 0.0153404
v 0.0174352 0.012794 0.015427
v 0.0168123 0.0136909 0.0153892
v 0.0159686 0.0140623 0.0159585
v 0.0153984 0.0136906 0.0168014
v 0.0154357 0.0127935 0.0174241
v 0.0160586 0.0118965 0.017462
v 0.0169023 0.0115251 0.0168927
v 0.0174725 0.0118969 0.0160498
v 0.0165725 0.0128947 0.0165628
v 0.0174821 0.00922473 0.013778
v 0.0173847 0.011569 0.0121506
v 0.0157569 0.0139129 0.0120518
v 0.0135522 0.0148834 0.0135394
v 0.0120622 0.013912 0.015742
v 0.0121596 0.0115678 0.0173694
v 0.0137874 0.00922386 0.0174682
v 0.015992 0.00825335 0.0159806
v 0.0169159 0.00881485 0.013211
v 0.0168209 0.0111534 0.0115854
v 0.0151948 0.0134916 0.011489
v 0.0129901 0.0144598 0.0129784
v 0.0114983 0.0134908 0.0151811
v 0.0115933 0.0111522 0.0168068
v 0.0132194 0.00881399 0.0169031
v 0.015424 0.00784583 0.0154137
v 0.0113024 0.00496549 0.0112924
v 0.012756 0.00589905 0.00915405
v 0.0126713 0.00815201 0.00758112
v 0.011098 0.0104046 0.00749508
v 0.00895763 0.0113374 0.00894629
v 0.00750406 0.0104038 0.0110847
v 0.00758874 0.00815082 0.0126576
v 0.00916209 0.00589821 0.0127436
v 0.0110742 0.00558571 0.0110641
v 0.0122448 0.00633753 0.00934197
v 0.0121766 0.00815189 0.00807525
v 0.0109095 0.00996599 0.00800596
v 0.00918587 0.0107171 0.00917465
v 0.00801527 0.00996532 0.0108967
v 0.00808347 0.00815093 0.0121635
v 0.00935053 0.00633685 0.0122328
v 0.0113566 0.00488334 0.0113466
v 0.011328 0.00489609 0.011318
v 0.0128132 0.00584998 0.00913302
v 0.0128539 0.00584503 0.00914379
v 0.0127267 0.00815202 0.00752583
v 0.0127667 0.00816587 0.00752346
v 0.0111191 0.0104537 0.00743791
v 0.0111459 0.0104864 0.00743482
v 0.00893209 0.0114068 0.00892073
v 0.0089411 0.0114472 0.00892976
v 0.00744686 0.0104529 0.0111057
v 0.00744373 0.0104855 0.0111326
v 0.00753338 0.0081508 0.0127129
v 0.00753096 0.00816465 0.0127529
v 0.00914101 0.00584913 0.0128008
v 0.00915173 0.00584416 0.0128415
v 0.0113749 0.00489685 0.011365
v 0.00917007 0.00585767 0.0128599
v 0.0075493 0.00817816 0.0127713
v 0.00746207 0.010499 0.0111509
v 0.00895944 0.0114607 0.00894813
v 0.0111643 0.0104999 0.00745319
v 0.0127851 0.00817939 0.00754182
v 0.0128723 0.00585853 0.00916215
v 0.0121854 0.00626855 0.00926084
v 0.0121167 0.00809648 0.00798463
v 0.0110061 0.0055111 0.0109958
v 0.00926948 0.00626786 0.0121733
v 0.00799294 0.00809552 0.0121035
v 0.00792423 0.00992349 0.0108272
v 0.00910359 0.0106809 0.00909226
v 0.0108402 0.00992416 0.00791482
v 0.0120726 0.00618543 0.00914786
v 0.0120039 0.00801337 0.00787166
v 0.0107273 0.00984105 0.00780185
v 0.00899077 0.0105978 0.00897929
v 0.00781141 0.00984037 0.0107143
v 0.00788011 0.0080124 0.0119905
v 0.00915666 0.00618475 0.0120603
v 0.0108932 0.00542799 0.0108828
v 0.000166961 -0.00657793 -0.0193237
v 0.00277893 -0.00753962 -0.018802
v 0.00385242 -0.00986048 -0.0175852
v 0.00275851 -0.012181 -0.016386
v 0.000138085 -0.0131418 -0.0159068
v -0.00247389 -0.0121801 -0.0164285
v -0.00354737 -0.00985923 -0.0176453
v -0.00245347 -0.00753874 -0.0188445
v 0.00360356 -0.0120765 -0.0218443
v 0.0025949 -0.0142419 -0.0207251
v 0.000178823 -0.0151386 -0.0202778
v -0.00222936 -0.0142411 -0.0207643
v -0.00321897 -0.0120753 -0.0218998
v -0.0022103 -0.00990984 -0.023019
v 0.00020577 -0.00901321 -0.0234663
v 0.00261395 -0.00991066 -0.0229798
v 0.00280981 -0.0125066 -0.0226774
v 0.00203781 -0.014164 -0.0218208
v 0.000188627 -0.0148503 -0.0214784
v -0.00165451 -0.0141634 -0.0218508
v -0.00241193 -0.0125057 -0.0227198
v -0.00163993 -0.0108484 -0.0235764
v 0.000209251 -0.0101621 -0.0239188
v 0.00205239 -0.010849 -0.0235464
v 0.00161637 -0.0127939 -0.0232394
v 0.00119857 -0.0136909 -0.0227758
v 0.000197797 -0.0140623 -0.0225905
v -0.000799704 -0.0136906 -0.022792
v -0.00120961 -0.0127935 -0.0232624
v -0.000791812 -0.0118965 -0.0237259
v 0.000208959 -0.0115251 -0.0239112
v 0.00120646 -0.0118968 -0.0237097
v 0.000204936 -0.0128947 -0.0234448
v 0.00280564 -0.0092247 -0.022096
v 0.00387679 -0.011569 -0.020867
v 0.00278502 -0.0139128 -0.0196556
v 0.000169878 -0.0148833 -0.0191714
v -0.00243672 -0.013912 -0.0196981
v -0.00350786 -0.0115677 -0.020927
v -0.00241609 -0.00922381 -0.0221385
v 0.000199045 -0.00825331 -0.0226227
v 0.00279914 -0.00881482 -0.0212948
v 0.00387086 -0.0111534 -0.0200688
v 0.00277857 -0.0134916 -0.0188603
v 0.000162144 -0.0144597 -0.0183774
v -0.00244576 -0.0134907 -0.0189028
v -0.00351747 -0.0111521 -0.0201288
v -0.00242518 -0.00881394 -0.0213373
v 0.000191241 -0.00784579 -0.0218202
v 0.000140164 -0.00496546 -0.0159919
v 0.00267573 -0.00589903 -0.0154855
v 0.00371781 -0.00815199 -0.0143043
v 0.0026559 -0.0104046 -0.0131401
v 0.000112133 -0.0113373 -0.012675
v -0.00242343 -0.0104038 -0.0131814
v -0.00346551 -0.00815077 -0.0143626
v -0.00240361 -0.00589817 -0.0155268
v 0.000137436 -0.00558568 -0.015669
v 0.00217939 -0.00633751 -0.0152612
v 0.0030186 -0.00815188 -0.0143099
v 0.00216342 -0.00996598 -0.0133724
v 0.000114861 -0.0107171 -0.0129978
v -0.00192709 -0.00996528 -0.0134056
v -0.00276631 -0.00815089 -0.0143569
v -0.00191113 -0.00633681 -0.0152944
v 0.0001408 -0.00488331 -0.0160684
v 0.000140469 -0.00489606 -0.016028
v 0.00273126 -0.00584997 -0.0155106
v 0.00275277 -0.00584501 -0.0155468
v 0.00379604 -0.00815201 -0.0143036
v 0.00382626 -0.00816586 -0.01433
v 0.00271101 -0.0104537 -0.0131141
v 0.00273235 -0.0104864 -0.0131307
v 0.000111827 -0.0114067 -0.0126389
v 0.000111924 -0.0114472 -0.0126516
v -0.00247897 -0.0104528 -0.0131563
v -0.00250005 -0.0104855 -0.0131733
v -0.00354375 -0.00815076 -0.0143633
v -0.00357353 -0.00816461 -0.0143901
v -0.00245871 -0.00584909 -0.0155527
v -0.00247963 -0.00584412 -0.0155893
v 0.000141009 -0.00489682 -0.0160944
v -0.00247942 -0.00585763 -0.0156153
v -0.00357332 -0.00817812 -0.0144161
v -0.00249984 -0.010499 -0.0131992
v 0.000112133 -0.0114607 -0.0126776
v 0.00273256 -0.0104999 -0.0131567
v 0.00382647 -0.00817937 -0.0143559
v 0.00275298 -0.00585852 -0.0155728
v 0.0021939 -0.00626853 -0.0151617
v 0.0030394 -0.00809647 -0.0142033
v 0.000136665 -0.00551107 -0.0155726
v -0.00192723 -0.00626783 -0.0151952
v -0.00278881 -0.00809548 -0.0142507
v -0.00194331 -0.00992345 -0.0132923
v 0.000113921 -0.0106809 -0.0128814
v 0.00217782 -0.00992415 -0.0132588
v 0.00219262 -0.00618541 -0.0150021
v 0.00303811 -0.00801335 -0.0140437
v 0.00217653 -0.00984104 -0.0130991
v 0.000112638 -0.0105978 -0.0127218
v -0.00194459 -0.00984034 -0.0131326
v -0.00279009 -0.00801236 -0.014091
v -0.00192851 -0.00618471 -0.0150355
v 0.000135382 -0.00542796 -0.0154129
v -0.0136591 0.00657789 -0.0136659
v -0.0114563 0.00753958 -0.0151633
v -0.00983598 0.00986043 -0.0150761
v -0.00974735 0.012181 -0.0134553
v -0.0112423 0.0131418 -0.0112505
v -0.0134451 0.0121801 -0.0097531
v -0.0150654 0.00985921 -0.00984032
v -0.0151541 0.00753871 -0.0114611
v -0.0130482 0.0120764 -0.0178839
v -0.0129569 0.0142419 -0.01638
v -0.0143313 0.0151385 -0.0143432
v -0.0163662 0.0142411 -0.0129665
v -0.0178697 0.0120753 -0.0130565
v -0.017961 0.00990981 -0.0145604
v -0.0165867 0.00901317 -0.0165972
v -0.0145517 0.0099106 -0.0179738
v -0.0141988 0.0125066 -0.0179016
v -0.0141289 0.014164 -0.0167506
v -0.0151808 0.0148502 -0.0151917
v -0.0167383 0.0141633 -0.0141381
v -0.017889 0.0125057 -0.0142069
v -0.0179588 0.0108483 -0.015358
v -0.016907 0.0101621 -0.0169169
v -0.0153495 0.0108489 -0.0179705
v -0.0154361 0.0127939 -0.0174443
v -0.0153983 0.0136909 -0.0168214
v -0.0159676 0.0140623 -0.0159777
v -0.0168105 0.0136905 -0.0154075
v -0.0174332 0.0127934 -0.0154448
v -0.0174711 0.0118964 -0.0160677
v -0.0169018 0.011525 -0.0169114
v -0.0160589 0.0118968 -0.0174816
v -0.0165719 0.0128946 -0.0165816
v -0.013787 0.00922464 -0.0174912
v -0.0121597 0.0115689 -0.0173937
v -0.0120609 0.0139128 -0.015766
v -0.0135485 0.0148833 -0.0135613
v -0.0157511 0.0139119 -0.0120713
v -0.0173784 0.0115677 -0.0121687
v -0.0174773 0.00922378 -0.0137965
v -0.0159897 0.00825326 -0.0160011
v -0.0132201 0.00881477 -0.0169249
v -0.0115945 0.0111533 -0.01683
v -0.0114981 0.0134915 -0.0152039
v -0.0129875 0.0144597 -0.0129992
v -0.0151902 0.0134907 -0.0115074
v -0.0168158 0.0111521 -0.0116024
v -0.0169122 0.00881391 -0.0132284
v -0.0154228 0.00784575 -0.0154331
v -0.0113015 0.00496543 -0.0113115
v -0.00916312 0.00589899 -0.0127651
v -0.0075902 0.00815195 -0.0126804
v -0.00750416 0.0104046 -0.0111071
v -0.00895537 0.0113373 -0.00896672
v -0.0110937 0.0104038 -0.00751315
v -0.0126667 0.00815076 -0.00759782
v -0.0127527 0.00589815 -0.00917117
v -0.0110731 0.00558565 -0.0110833
v -0.00935104 0.00633747 -0.0122539
v -0.00808433 0.00815183 -0.0121857
v -0.00801504 0.00996594 -0.0109186
v -0.00918374 0.0107171 -0.00919495
v -0.0109058 0.00996527 -0.00802436
v -0.0121725 0.00815088 -0.00809254
v -0.0122418 0.0063368 -0.0093596
v -0.0113557 0.00488328 -0.0113656
v -0.011327 0.00489603 -0.011337
v -0.00914209 0.00584993 -0.0128223
v -0.00915286 0.00584497 -0.012863
v -0.00753491 0.00815196 -0.0127358
v -0.00753254 0.00816582 -0.0127758
v -0.007447 0.0104537 -0.0111281
v -0.0074439 0.0104863 -0.011155
v -0.00892982 0.0114067 -0.00894118
v -0.00893885 0.0114472 -0.00895019
v -0.0111148 0.0104528 -0.00745595
v -0.0111417 0.0104855 -0.00745282
v -0.012722 0.00815075 -0.00754246
v -0.012762 0.0081646 -0.00754004
v -0.0128099 0.00584907 -0.00915008
v -0.0128506 0.0058441 -0.0091608
v -0.011374 0.00489679 -0.011384
v -0.012869 0.00585761 -0.00917914
v -0.0127804 0.00817811 -0.00755838
v -0.01116 0.010499 -0.00747116
v -0.00895722 0.0114607 -0.00896853
v -0.00746227 0.0104999 -0.0111734
v -0.0075509 0.00817933 -0.0127941
v -0.00917123 0.00585847 -0.0128814
v -0.00926991 0.00626849 -0.0121945
v -0.00799371 0.00809643 -0.0121258
v -0.0110049 0.00551104 -0.0110151
v -0.0121823 0.00626781 -0.00927855
v -0.0121125 0.00809547 -0.00800201
v -0.0108363 0.00992343 -0.00793332
v -0.00910135 0.0106809 -0.00911267
v -0.0079239 0.00992411 -0.0108492
v -0.00915693 0.00618537 -0.0120817
v -0.00788074 0.00801331 -0.012013
v -0.00781093 0.009841 -0.0107364
v -0.00898837 0.0105978 -0.00899985
v -0.0107233 0.00984032 -0.00782049
v -0.0119996 0.00801235 -0.00788919
v -0.0120694 0.00618469 -0.00916573
v -0.0108919 0.00542793 -0.0109023
vn 0 -1 0
vn 0 -0.980793 -0.19505
vn 0.0879004 -0.973263 -0.21221
vn 0.137921 -0.980793 -0.137921
vn 0.21221 -0.973263 -0.0879004
vn 0.19505 -0.980793 0
vn 0.21221 -0.973263 0.0879004
vn 0.137921 -0.980793 0.137921
vn 0.0879004 -0.973263 0.21221
vn 0 -0.980793 0.19505
vn -0.0879004 -0.973263 0.21221
vn -0.137921 -0.980793 0.137921
vn -0.21221 -0.973263 0.0879004
vn -0.19505 -0.980793 0
vn -0.21221 -0.973263 -0.0879004
vn -0.137921 -0.980793 -0.137921
vn -0.0879004 -0.973263 -0.21221
vn -3.75464e-009 -0.923931 -0.38256
vn -0.146399 -0.923931 -0.353439
vn -0.270511 -0.923931 -0.270511
vn -0.353439 -0.923931 -0.146399
vn -0.38256 -0.923931 3.75464e-009
vn -0.353439 -0.923931 0.146399
vn -0.270511 -0.923931 0.270511
vn -0.146399 -0.923931 0.353439
vn 3.75464e-009 -0.923931 0.38256
vn 0.146399 -0.923931 0.353439
vn 0.270511 -0.923931 0.270511
vn 0.353439 -0.923931 0.146399
vn 0.38256 -0.923931 -3.75464e-009
vn 0.353439 -0.923931 -0.146399
vn 0.270511 -0.923931 -0.270511
vn 0.146399 -0.923931 -0.353439
vn -7.53271e-009 -0.831566 -0.555426
vn -0.212552 -0.831566 -0.513147
vn -0.392745 -0.831566 -0.392745
vn -0.513147 -0.831566 -0.212552
vn -0.555426 -0.831566 7.53271e-009
vn -0.513147 -0.831566 0.212552
vn -0.392745 -0.831566 0.392745
vn -0.212552 -0.831566 0.513147
vn 7.53271e-009 -0.831566 0.555426
vn 0.212552 -0.831566 0.513147
vn 0.392745 -0.831566 0.392745
vn 0.513147 -0.831566 0.212552
vn 0.555426 -0.831566 -7.53271e-009
vn 0.513147 -0.831566 -0.212552
vn 0.392745 -0.831566 -0.392745
vn 0.212552 -0.831566 -0.513147
vn 7.56028e-009 -0.707238 -0.706975
vn -0.270548 -0.707239 -0.65316
vn -0.499907 -0.707238 -0.499907
vn -0.65316 -0.707238 -0.270548
vn -0.706975 -0.707238 -7.56028e-009
vn -0.65316 -0.707239 0.270548
vn -0.499907 -0.707238 0.499907
vn -0.270548 -0.707238 0.65316
vn -7.56028e-009 -0.707238 0.706975
vn 0.270548 -0.707239 0.65316
vn 0.499907 -0.707238 0.499907
vn 0.65316 -0.707238 0.270548
vn 0.706975 -0.707238 7.56028e-009
vn 0.65316 -0.707239 -0.270548
vn 0.499907 -0.707238 -0.499907
vn 0.270548 -0.707238 -0.65316
vn 7.58776e-009 -0.555712 -0.831375
vn -0.318153 -0.555712 -0.76809
vn -0.587871 -0.555712 -0.587871
vn -0.76809 -0.555712 -0.318153
vn -0.831375 -0.555712 -7.58776e-009
vn -0.76809 -0.555712 0.318153
vn -0.587871 -0.555712 0.587871
vn -0.318153 -0.555712 0.76809
vn -7.58776e-009 -0.555712 0.831375
vn 0.318153 -0.555712 0.76809
vn 0.587871 -0.555712 0.587871
vn 0.76809 -0.555712 0.318153
vn 0.831375 -0.555712 7.58776e-009
vn 0.76809 -0.555712 -0.318153
vn 0.587871 -0.555712 -0.587871
vn 0.318153 -0.555712 -0.76809
vn -7.61099e-009 -0.382803 -0.92383
vn -0.353534 -0.382804 -0.853507
vn -0.653246 -0.382804 -0.653246
vn -0.853507 -0.382804 -0.353534
vn -0.92383 -0.382804 7.61099e-009
vn -0.853507 -0.382804 0.353534
vn -0.653246 -0.382804 0.653246
vn -0.353534 -0.382804 0.853507
vn 7.61099e-009 -0.382803 0.92383
vn 0.353534 -0.382804 0.853507
vn 0.653246 -0.382804 0.653246
vn 0.853507 -0.382804 0.353534
vn 0.92383 -0.382804 -7.61099e-009
vn 0.853507 -0.382804 -0.353534
vn 0.653246 -0.382804 -0.653246
vn 0.353534 -0.382804 -0.853507
vn 0 -0.195159 -0.980772
vn -0.375325 -0.195159 -0.906115
vn -0.69351 -0.195159 -0.69351
vn -0.906115 -0.195159 -0.375325
vn -0.980772 -0.195159 0
vn -0.906115 -0.195159 0.375325
vn -0.69351 -0.195159 0.69351
vn -0.375325 -0.195159 0.906115
vn 0 -0.195159 0.980772
vn 0.375325 -0.195159 0.906115
vn 0.69351 -0.195159 0.69351
vn 0.906115 -0.195159 0.375325
vn 0.980772 -0.195159 0
vn 0.906115 -0.195159 -0.375325
vn 0.69351 -0.195159 -0.69351
vn 0.375325 -0.195159 -0.906115
vn 7.63191e-009 -7.63191e-009 -1
vn -0.382683 0 -0.92388
vn -0.707107 1.90798e-009 -0.707107
vn -0.92388 -5.72393e-009 -0.382683
vn -1 -7.63191e-009 -7.63191e-009
vn -0.92388 0 0.382683
vn -0.707107 1.90798e-009 0.707107
vn -0.382683 -5.72393e-009 0.92388
vn -7.63191e-009 -7.63191e-009 1
vn 0.382683 0 0.92388
vn 0.707107 1.90798e-009 0.707107
vn 0.92388 -5.72393e-009 0.382683
vn 1 -7.63191e-009 7.63191e-009
vn 0.92388 0 -0.382683
vn 0.707107 1.90798e-009 -0.707107
vn 0.382683 -5.72393e-009 -0.92388
vn 0 0.195159 -0.980772
vn -0.375325 0.195159 -0.906115
vn -0.69351 0.195159 -0.69351
vn -0.906115 0.195159 -0.375325
vn -0.980772 0.195159 0
vn -0.906115 0.195159 0.375325
vn -0.69351 0.195159 0.69351
vn -0.375325 0.195159 0.906115
vn 0 0.195159 0.980772
vn 0.375325 0.195159 0.906115
vn 0.69351 0.195159 0.69351
vn 0.906115 0.195159 0.375325
vn 0.980772 0.195159 0
vn 0.906115 0.195159 -0.375325
vn 0.69351 0.195159 -0.69351
vn 0.375325 0.195159 -0.906115
vn -1.14165e-008 0.382804 -0.92383
vn -0.353534 0.382804 -0.853507
vn -0.653246 0.382804 -0.653246
vn -0.853507 0.382804 -0.353534
vn -0.92383 0.382804 1.14165e-008
vn -0.853507 0.382804 0.353534
vn -0.653246 0.382804 0.653246
vn -0.353534 0.382804 0.853507
vn 1.14165e-008 0.382804 0.92383
vn 0.353534 0.382804 0.853507
vn 0.653246 0.382804 0.653246
vn 0.853507 0.382804 0.353534
vn 0.92383 0.382804 -1.14165e-008
vn 0.853507 0.382804 -0.353534
vn 0.653246 0.382804 -0.653246
vn 0.353534 0.382804 -0.853507
vn 3.79388e-009 0.555712 -0.831375
vn -0.318153 0.555712 -0.76809
vn -0.587871 0.555712 -0.587871
vn -0.76809 0.555712 -0.318153
vn -0.831375 0.555712 -3.79388e-009
vn -0.76809 0.555712 0.318153
vn -0.587871 0.555712 0.587871
vn -0.318153 0.555712 0.76809
vn -3.79388e-009 0.555712 0.831375
vn 0.318153 0.555712 0.76809
vn 0.587871 0.555712 0.587871
vn 0.76809 0.555712 0.318153
vn 0.831375 0.555712 3.79388e-009
vn 0.76809 0.555712 -0.318153
vn 0.587871 0.555712 -0.587871
vn 0.318153 0.555712 -0.76809
vn 7.56028e-009 0.707238 -0.706975
vn -0.270548 0.707239 -0.65316
vn -0.499907 0.707238 -0.499907
vn -0.65316 0.707238 -0.270548
vn -0.706975 0.707238 -7.56028e-009
vn -0.65316 0.707239 0.270548
vn -0.499907 0.707238 0.499907
vn -0.270548 0.707238 0.65316
vn -7.56028e-009 0.707238 0.706975
vn 0.270548 0.707239 0.65316
vn 0.499907 0.707238 0.499907
vn 0.65316 0.707238 0.270548
vn 0.706975 0.707238 7.56028e-009
vn 0.65316 0.707239 -0.270548
vn 0.499907 0.707238 -0.499907
vn 0.270548 0.707238 -0.65316
vn -7.53271e-009 0.831566 -0.555426
vn -0.212552 0.831566 -0.513147
vn -0.392745 0.831566 -0.392745
vn -0.513147 0.831566 -0.212552
vn -0.555426 0.831566 7.53271e-009
vn -0.513147 0.831566 0.212552
vn -0.392745 0.831566 0.392745
vn -0.212552 0.831566 0.513147
vn 7.53271e-009 0.831566 0.555426
vn 0.212552 0.831566 0.513147
vn 0.392745 0.831566 0.392745
vn 0.513147 0.831566 0.212552
vn 0.555426 0.831566 -7.53271e-009
vn 0.513147 0.831566 -0.212552
vn 0.392745 0.831566 -0.392745
vn 0.212552 0.831566 -0.513147
vn -3.75464e-009 0.923931 -0.38256
vn -0.146399 0.923931 -0.353439
vn -0.270511 0.923931 -0.270511
vn -0.353439 0.923931 -0.146399
vn -0.38256 0.923931 3.75464e-009
vn -0.353439 0.923931 0.146399
vn -0.270511 0.923931 0.270511
vn -0.146399 0.923931 0.353439
vn 3.75464e-009 0.923931 0.38256
vn 0.146399 0.923931 0.353439
vn 0.270511 0.923931 0.270511
vn 0.353439 0.923931 0.146399
vn 0.38256 0.923931 -3.75464e-009
vn 0.353439 0.923931 -0.146399
vn 0.270511 0.923931 -0.270511
vn 0.146399 0.923931 -0.353439
vn 0 0.980793 -0.19505
vn -0.0879005 0.973263 -0.21221
vn -0.137921 0.980793 -0.137921
vn -0.21221 0.973263 -0.0879004
vn -0.19505 0.980793 0
vn -0.21221 0.973263 0.0879005
vn -0.137921 0.980793 0.137921
vn -0.0879004 0.973263 0.21221
vn 0 0.980793 0.19505
vn 0.0879005 0.973263 0.21221
vn 0.137921 0.980793 0.137921
vn 0.21221 0.973263 0.0879004
vn 0.19505 0.980793 0
vn 0.21221 0.973263 -0.0879005
vn 0.137921 0.980793 -0.137921
vn 0.0879004 0.973263 -0.21221
vn 0 1 0
vn 0.265022 -0.927108 -0.265019
vn 7.58051e-007 -0.927108 -0.374795
vn -0.265021 -0.927108 -0.265019
vn -0.374795 -0.927108 0
vn -0.265021 -0.927108 0.265019
vn 7.58051e-007 -0.927108 0.374795
vn 0.265022 -0.927108 0.265019
vn 0.374795 -0.927108 0
vn -1.47198e-008 0.785379 -0.619015
vn -3.06035e-008 0.464574 -0.885534
vn -0.622506 0.466619 -0.628294
vn -0.433894 0.787088 -0.438439
vn -0.883366 0.468684 -4.30572e-010
vn -0.614644 0.788805 -4.13359e-010
vn -0.622506 0.466619 0.628294
vn -0.433894 0.787088 0.438439
vn -3.06035e-008 0.464574 0.885534
vn -1.47198e-008 0.785379 0.619015
vn 0.622506 0.466619 0.628294
vn 0.433894 0.787088 0.438439
vn 0.883366 0.468684 -4.30571e-010
vn 0.614644 0.788805 -4.13359e-010
vn 0.622506 0.466619 -0.628294
vn 0.433894 0.787088 -0.438439
vn 7.1061e-009 0.950748 -0.309965
vn -0.219433 0.950055 -0.221911
vn -0.306736 0.951795 6.88723e-009
vn -0.219433 0.950055 0.221911
vn 7.1061e-009 0.950748 0.309965
vn 0.219433 0.950055 0.221911
vn 0.306736 0.951795 6.88723e-009
vn 0.219433 0.950055 -0.221911
vn 6.08319e-009 1 -3.40614e-010
vn 0.698672 0.12334 -0.70473
vn -1.53871e-008 0.125386 -0.992108
vn -0.698672 0.123343 -0.70473
vn -0.99258 0.121598 1.13895e-006
vn -0.698579 0.1244 0.704636
vn -1.53842e-008 0.126874 0.991919
vn 0.698579 0.124397 0.704636
vn 0.99258 0.121594 1.13986e-006
vn 4.65354e-007 0.000542755 -1
vn 0.704806 -0.00506931 -0.709382
vn 0.707107 -0.00254276 -0.707102
vn 2.0137e-006 0.00027137 -1
vn -0.704806 -0.00506361 -0.709382
vn -0.707105 -0.00253988 -0.707104
vn -0.999949 -0.0100741 2.24877e-006
vn -0.999987 -0.00503707 1.10914e-006
vn -0.704812 -0.00293022 0.709388
vn -0.707107 -0.00147662 0.707105
vn 4.65352e-007 0.00355018 0.999994
vn 2.0137e-006 0.00177506 0.999998
vn 0.704812 -0.00293592 0.709388
vn 0.707108 -0.00147951 0.707104
vn 0.999949 -0.0100821 2.25057e-006
vn 0.999987 -0.00504111 1.11002e-006
vn 0.521183 -0.675827 -0.521178
vn 1.48604e-006 -0.675829 -0.737058
vn 0.737059 -0.675828 0
vn 0.521183 -0.675827 0.521178
vn 1.48604e-006 -0.675829 0.737058
vn -0.521181 -0.675828 0.521178
vn -0.737059 -0.675828 0
vn -0.521181 -0.675828 -0.521178
vn 0.651133 -0.389947 -0.651127
vn 0.920837 -0.389947 0
vn 1.85429e-006 -0.389948 -0.920837
vn -0.651132 -0.389947 -0.651128
vn -0.920837 -0.389947 0
vn -0.651132 -0.389947 0.651128
vn 1.85429e-006 -0.389948 0.920837
vn 0.651133 -0.389947 0.651127
vn 0.70711 0 0.707103
vn 1 0 0
vn 2.0137e-006 0 1
vn -0.707109 0 0.707105
vn -1 0 0
vn -0.707109 0 -0.707105
vn 2.0137e-006 0 -1
vn 0.70711 0 -0.707103
vn 0.70429 0.0892235 -0.704283
vn 2.00059e-006 0.0892238 -0.996012
vn 0.996012 0.0892238 0
vn 0.70429 0.0892235 0.704283
vn 2.00059e-006 0.0892238 0.996012
vn -0.704289 0.0892235 0.704285
vn -0.996012 0.0892238 0
vn -0.704289 0.0892235 -0.704285
vn 2.00859e-006 0 -1
vn 2.00859e-006 0 1
vn 0.265022 0.927108 0.265019
vn 7.58051e-007 0.927108 0.374795
vn -0.265021 0.927108 0.265019
vn -0.374795 0.927108 -1.53297e-017
vn -0.265021 0.927108 -0.265019
vn 7.58051e-007 0.927108 -0.374795
vn 0.265022 0.927108 -0.265019
vn 0.374795 0.927108 -1.53297e-017
vn -1.47198e-008 -0.785379 0.619015
vn -3.06035e-008 -0.464574 0.885534
vn -0.622506 -0.466619 0.628294
vn -0.433894 -0.787088 0.438439
vn -0.883366 -0.468684 4.30572e-010
vn -0.614644 -0.788805 4.13359e-010
vn -0.622506 -0.466619 -0.628294
vn -0.433894 -0.787088 -0.438439
vn -3.06035e-008 -0.464574 -0.885534
vn -1.47198e-008 -0.785379 -0.619015
vn 0.622506 -0.466619 -0.628294
vn 0.433894 -0.787088 -0.438439
vn 0.883366 -0.468684 4.30571e-010
vn 0.614644 -0.788805 4.13359e-010
vn 0.622506 -0.466619 0.628294
vn 0.433894 -0.787088 0.438439
vn 7.1061e-009 -0.950748 0.309965
vn -0.219433 -0.950055 0.221911
vn -0.306736 -0.951795 -6.88723e-009
vn -0.219433 -0.950055 -0.221911
vn 7.1061e-009 -0.950748 -0.309965
vn 0.219433 -0.950055 -0.221911
vn 0.306736 -0.951795 -6.88723e-009
vn 0.219433 -0.950055 0.221911
vn 6.08319e-009 -1 3.40614e-010
vn 0.698672 -0.12334 0.70473
vn -1.53871e-008 -0.125386 0.992108
vn -0.698672 -0.123343 0.70473
vn -0.99258 -0.121598 -1.13895e-006
vn -0.698579 -0.1244 -0.704636
vn -1.53842e-008 -0.126874 -0.991919
vn 0.698579 -0.124397 -0.704636
vn 0.99258 -0.121594 -1.13986e-006
vn 4.65354e-007 -0.000542755 1
vn 0.704806 0.00506931 0.709382
vn 0.707107 0.00254276 0.707102
vn 2.0137e-006 -0.00027137 1
vn -0.704806 0.00506361 0.709382
vn -0.707105 0.00253988 0.707104
vn -0.999949 0.0100741 -2.24877e-006
vn -0.999987 0.00503707 -1.10914e-006
vn -0.704812 0.00293022 -0.709388
vn -0.707107 0.00147662 -0.707105
vn 4.65352e-007 -0.00355018 -0.999994
vn 2.0137e-006 -0.00177506 -0.999998
vn 0.704812 0.00293592 -0.709388
vn 0.707108 0.00147951 -0.707104
vn 0.999949 0.0100821 -2.25057e-006
vn 0.999987 0.00504111 -1.11002e-006
vn 0.521183 0.675827 0.521178
vn 1.48604e-006 0.675829 0.737058
vn 0.737059 0.675828 -6.73454e-017
vn 0.521183 0.675827 -0.521178
vn 1.48604e-006 0.675829 -0.737058
vn -0.521181 0.675828 -0.521178
vn -0.737059 0.675828 -2.24485e-017
vn -0.521181 0.675828 0.521178
vn 0.651133 0.389947 0.651127
vn 0.920837 0.389947 -7.97465e-017
vn 1.85429e-006 0.389948 0.920837
vn -0.651132 0.389947 0.651128
vn -0.920837 0.389947 -7.97465e-017
vn -0.651132 0.389947 -0.651128
vn 1.85429e-006 0.389948 -0.920837
vn 0.651133 0.389947 -0.651127
vn 1 -8.33845e-033 -7.51061e-017
vn -1 -8.33845e-033 -7.51061e-017
vn 0.70429 -0.0892235 0.704283
vn 2.00059e-006 -0.0892238 0.996012
vn 0.996012 -0.0892238 -6.02551e-017
vn 0.70429 -0.0892235 -0.704283
vn 2.00059e-006 -0.0892238 -0.996012
vn -0.704289 -0.0892235 -0.704285
vn -0.996012 -0.0892238 -4.51913e-017
vn -0.704289 -0.0892235 0.704285
vn 1 -3.33538e-033 -3.00424e-017
vn 0.699815 0.663127 0.26556
vn 0.82213 0.428029 0.375358
vn 0.88701 0.461749 0.000614367
vn 0.887014 0.461742 0.000604417
vn 0.944568 0.192973 0.265617
vn 0.887009 0.461751 0.000610151
vn 0.995414 0.0956561 0.000615148
vn 0.887006 0.461758 0.000612396
vn 0.944887 0.193059 -0.264418
vn 0.887013 0.461744 0.000606532
vn 0.822587 0.428159 -0.374207
vn 0.88701 0.461749 0.000612311
vn 0.700149 0.663207 -0.264477
vn 0.887013 0.461744 0.000617158
vn 0.649289 0.760541 0.000519624
vn 0.887008 0.461755 0.000612072
vn -0.697012 -0.362753 0.618535
vn -0.498069 -0.74838 0.438012
vn -0.126831 -0.767737 0.628087
vn -0.412615 -0.214667 0.88525
vn -0.415867 -0.909425 -0.000404414
vn -0.00783303 -0.999969 -0.000174592
vn -0.497541 -0.748231 -0.438866
vn -0.126075 -0.767524 -0.6285
vn -0.696267 -0.362543 -0.619496
vn -0.411549 -0.214366 -0.885818
vn -0.898241 0.0215069 -0.438976
vn -0.700959 0.336815 -0.628659
vn -0.983489 0.180965 -0.000561177
vn -0.823621 0.56714 -0.000399324
vn -0.898769 0.0213585 0.437902
vn -0.701716 0.336601 0.627929
vn -0.84351 -0.439061 0.309381
vn -0.741518 -0.633365 0.221357
vn -0.702617 -0.711568 -0.000543773
vn -0.741252 -0.633289 -0.222464
vn -0.843137 -0.438955 -0.310546
vn -0.943898 -0.24401 -0.22252
vn -0.985887 -0.167412 -0.000622017
vn -0.944165 -0.244085 0.221301
vn -0.88701 -0.461749 -0.000612402
vn -0.111816 -0.0580657 0.992031
vn -0.43244 0.562657 0.704566
vn 0.212781 -0.676802 0.704743
vn 0.350464 -0.936576 5.07063e-005
vn 0.212648 -0.676969 -0.704623
vn -0.111942 -0.0584162 -0.991996
vn -0.432487 0.562326 -0.704801
vn -0.566178 0.824283 -0.000202016
vn -0.00108347 -0.000419977 0.999999
vn -0.321375 0.62739 0.709295
vn -0.000843383 -0.000293566 1
vn -0.324676 0.628265 0.707014
vn 0.329507 -0.622953 0.709475
vn 0.328333 -0.626157 0.707195
vn 0.470661 -0.882314 0.000131106
vn 0.466212 -0.884673 0.000129423
vn 0.328471 -0.623703 -0.709296
vn 0.328241 -0.626409 -0.707014
vn -0.00254737 -0.00146904 -0.999996
vn -0.000973531 -0.000648183 -0.999999
vn -0.322416 0.626652 -0.709475
vn -0.324769 0.628016 -0.707193
vn -0.452783 0.891621 -0.000123549
vn -0.457272 0.889327 -0.000125356
vn 0.599023 0.31194 0.737472
vn 0.3585 0.774268 0.521523
vn 0.259127 0.965843 0.000320012
vn 0.359126 0.774445 -0.520829
vn 0.599909 0.312189 -0.736646
vn 0.840434 -0.150144 -0.520699
vn 0.939803 -0.341717 0.000507956
vn 0.839806 -0.150321 0.52166
vn -0.0792983 0.996851 0.000121702
vn 0.0448281 0.757508 0.651285
vn 0.345338 0.179906 0.921073
vn 0.646155 -0.397614 0.65145
vn 0.771052 -0.636772 0.000355881
vn 0.646957 -0.397375 -0.650799
vn 0.346459 0.180225 -0.920589
vn 0.045641 0.757734 -0.650965
vn -0.326067 0.627342 -0.707193
vn -0.46174 0.887015 -0.000127176
vn 0.000601135 0.000171613 -1
vn 0.326948 -0.627085 -0.707014
vn 0.461703 -0.887034 0.0001275
vn 0.326079 -0.627334 0.707195
vn -0.00060297 -0.000168115 1
vn -0.326918 0.627102 0.707013
vn -0.0797431 -0.0413663 0.995957
vn -0.40477 0.583395 0.704139
vn -0.539052 0.842272 -0.000181401
vn -0.403924 0.583633 -0.704427
vn -0.0785443 -0.0410281 -0.996066
vn 0.246484 -0.665792 -0.704249
vn 0.380767 -0.924671 7.23162e-005
vn 0.245633 -0.666032 0.704319
vn -0.000604839 -0.000168736 1
vn -0.326937 0.627092 0.707013
vn 0.326076 -0.627336 0.707195
vn 0.461753 -0.887008 0.000127212
vn 0.326932 -0.627093 -0.707015
vn 0.000601664 0.000172026 -1
vn -0.326088 0.627331 -0.707193
vn -0.461751 0.88701 -0.000127162
vn 0.679916 -0.66313 -0.313007
vn 0.622146 -0.461745 -0.632239
vn 0.622151 -0.461753 -0.632228
vn 0.843964 -0.428032 -0.323287
vn 0.622149 -0.461754 -0.63223
vn 0.851507 -0.192978 -0.487539
vn 0.622146 -0.461762 -0.632226
vn 0.698133 -0.0956644 -0.709548
vn 0.622147 -0.461747 -0.632237
vn 0.473684 -0.193064 -0.859273
vn 0.622151 -0.461754 -0.632228
vn 0.309657 -0.428164 -0.848992
vn 0.622154 -0.461749 -0.632228
vn 0.302101 -0.663211 -0.684753
vn 0.622147 -0.461761 -0.632227
vn 0.455462 -0.760544 -0.462739
vn -0.0473715 0.362757 0.930679
vn 0.342199 0.214671 0.914777
vn 0.359088 0.767739 0.530691
vn -0.0366868 0.748383 0.662251
vn -0.00561292 0.999969 0.0054599
vn -0.291772 0.909427 0.29633
vn -0.536643 0.767523 -0.350602
vn -0.661751 0.748233 0.0472626
vn -0.920269 0.214367 -0.327342
vn -0.929875 0.362545 0.0624004
vn -0.939701 -0.336813 0.0593283
vn -0.942686 -0.0215033 0.332989
vn -0.57757 -0.567136 0.587171
vn -0.689737 -0.18096 0.701082
vn -0.0439695 -0.336597 0.940622
vn -0.317622 -0.0213534 0.947977
vn -0.370557 0.439065 0.81848
vn -0.361853 0.633369 0.684037
vn -0.492858 0.711571 0.500758
vn -0.678222 0.633292 0.372768
vn -0.812459 0.438958 0.383701
vn -0.820299 0.244014 0.517268
vn -0.691461 0.167417 0.702747
vn -0.503931 0.24409 0.828537
vn -0.62215 0.461753 0.632229
vn 0.199429 -0.562654 0.802277
vn 0.629194 0.0580679 0.775076
vn 0.6518 0.676802 0.342192
vn 0.245681 0.936575 -0.249937
vn -0.353525 0.676967 -0.645551
vn -0.786003 0.0584149 -0.615457
vn -0.805835 -0.562325 -0.185528
vn -0.396986 -0.82428 0.403689
vn 0.71249 0.000421708 0.701682
vn 0.28065 -0.627388 0.726375
vn 0.276708 -0.628262 0.727131
vn 0.712659 0.000295515 0.70151
vn 0.736989 0.622952 0.262254
vn 0.73454 0.626157 0.261493
vn 0.329986 0.882312 -0.335611
vn 0.326866 0.884671 -0.332439
vn -0.275676 0.6237 -0.731438
vn -0.27421 0.626406 -0.729674
vn -0.715033 0.00146708 -0.699089
vn -0.713932 0.000646284 -0.700214
vn -0.732019 -0.626652 -0.267312
vn -0.73204 -0.628016 -0.264033
vn -0.317449 -0.891619 0.322865
vn -0.320597 -0.889325 0.326065
vn 0.623251 -0.774269 0.109843
vn 0.945862 -0.311942 0.0896467
vn 0.18185 -0.965845 -0.184593
vn -0.119769 -0.774448 -0.621197
vn -0.104934 -0.312193 -0.944206
vn 0.217678 0.15014 -0.964404
vn 0.659079 0.341715 -0.669959
vn 0.960703 0.150319 -0.233355
vn 0.49595 -0.757508 0.424518
vn -0.0554973 -0.99685 0.0566502
vn 0.899002 -0.179902 0.399287
vn 0.917548 0.397603 -0.00427385
vn 0.540691 0.63677 -0.549706
vn -0.0107249 0.397372 -0.917595
vn -0.413781 -0.180225 -0.892359
vn -0.432309 -0.757736 -0.48882
vn -0.732948 -0.627344 -0.263111
vn -0.323733 -0.887011 0.329254
vn -0.712835 -0.000169016 -0.701332
vn -0.275119 0.627084 -0.728749
vn 0.323701 0.887035 -0.329222
vn 0.732966 0.627329 0.263094
vn 0.712823 0.000173394 0.701344
vn 0.27514 -0.627101 0.728726
vn 0.218519 -0.583391 0.782243
vn 0.654475 0.041368 0.754951
vn -0.377957 -0.84227 0.384355
vn -0.785547 -0.583634 -0.205639
vn -0.765498 0.0410278 -0.642129
vn -0.329543 0.66579 -0.669421
vn 0.266935 0.92467 -0.271534
vn 0.674522 0.666033 0.318464
vn 0.275122 -0.627089 0.728744
vn 0.712826 0.00017075 0.701341
vn 0.732957 0.627336 0.263103
vn 0.32374 0.887006 -0.329261
vn -0.275128 0.62709 -0.72874
vn -0.712829 -0.000173881 -0.701338
vn -0.732962 -0.627333 -0.263096
vn -0.323737 -0.887008 0.329258
vn -0.699815 0.663127 0.26556
vn -0.887014 0.461742 0.000604417
vn -0.88701 0.461749 0.000614368
vn -0.82213 0.428029 0.375358
vn -0.887009 0.461751 0.000610151
vn -0.944568 0.192973 0.265617
vn -0.887006 0.461758 0.000612396
vn -0.995414 0.0956561 0.000615148
vn -0.887013 0.461744 0.000606532
vn -0.944887 0.19306 -0.264417
vn -0.88701 0.461749 0.000612311
vn -0.822587 0.428159 -0.374206
vn -0.887013 0.461744 0.000617158
vn -0.700148 0.663207 -0.264478
vn -0.887008 0.461755 0.000612072
vn -0.649289 0.760541 0.000519631
vn 0.697012 -0.362753 0.618535
vn 0.412615 -0.214667 0.88525
vn 0.126831 -0.767737 0.628087
vn 0.498069 -0.74838 0.438012
vn 0.00783303 -0.999969 -0.000174592
vn 0.415867 -0.909425 -0.000404414
vn 0.126075 -0.767524 -0.6285
vn 0.497541 -0.748231 -0.438866
vn 0.411549 -0.214366 -0.885819
vn 0.696267 -0.362543 -0.619496
vn 0.700959 0.336815 -0.628659
vn 0.898241 0.021507 -0.438976
vn 0.823621 0.56714 -0.000399324
vn 0.983489 0.180965 -0.000561177
vn 0.701716 0.336601 0.627929
vn 0.898769 0.0213585 0.437902
vn 0.84351 -0.439061 0.309381
vn 0.741518 -0.633365 0.221357
vn 0.702617 -0.711568 -0.000543773
vn 0.741252 -0.633289 -0.222464
vn 0.843137 -0.438955 -0.310546
vn 0.943898 -0.24401 -0.22252
vn 0.985887 -0.167412 -0.000622017
vn 0.944165 -0.244085 0.221301
vn 0.88701 -0.461749 -0.000612402
vn 0.43244 0.562657 0.704566
vn 0.111816 -0.0580656 0.992031
vn -0.212781 -0.676802 0.704743
vn -0.350464 -0.936576 5.07063e-005
vn -0.212648 -0.676969 -0.704623
vn 0.111942 -0.0584161 -0.991996
vn 0.432487 0.562326 -0.704801
vn 0.566178 0.824283 -0.000202016
vn 0.00108345 -0.000419924 0.999999
vn 0.321375 0.62739 0.709295
vn 0.324676 0.628265 0.707014
vn 0.000843392 -0.000293528 1
vn -0.329507 -0.622953 0.709475
vn -0.328333 -0.626157 0.707195
vn -0.470661 -0.882314 0.000131106
vn -0.466212 -0.884673 0.000129423
vn -0.328471 -0.623703 -0.709296
vn -0.328241 -0.626409 -0.707014
vn 0.00254741 -0.00146906 -0.999996
vn 0.00097354 -0.000648187 -0.999999
vn 0.322416 0.626652 -0.709476
vn 0.324769 0.628016 -0.707193
vn 0.452783 0.891621 -0.000123533
vn 0.457272 0.889327 -0.00012534
vn -0.358499 0.774268 0.521524
vn -0.599023 0.31194 0.737472
vn -0.259127 0.965843 0.000320012
vn -0.359125 0.774445 -0.520829
vn -0.599909 0.312189 -0.736646
vn -0.840434 -0.150144 -0.520699
vn -0.939803 -0.341717 0.000507956
vn -0.839806 -0.150321 0.52166
vn -0.0448307 0.757508 0.651284
vn 0.0792983 0.996851 0.000121702
vn -0.345341 0.179908 0.921072
vn -0.646157 -0.397612 0.651449
vn -0.771052 -0.636772 0.000355896
vn -0.646956 -0.397376 -0.650799
vn -0.346458 0.180225 -0.92059
vn -0.0456423 0.757734 -0.650965
vn 0.326065 0.627343 -0.707193
vn 0.46174 0.887015 -0.000127176
vn -0.000597652 0.000169757 -1
vn -0.326946 -0.627086 -0.707014
vn -0.461703 -0.887034 0.000127484
vn -0.326082 -0.627333 0.707195
vn 0.00059947 -0.000166293 1
vn 0.326916 0.627103 0.707013
vn 0.40477 0.583395 0.704139
vn 0.0797425 -0.041366 0.995957
vn 0.539052 0.842272 -0.000181401
vn 0.403924 0.583633 -0.704427
vn 0.0785443 -0.0410281 -0.996066
vn -0.246484 -0.665791 -0.704249
vn -0.380767 -0.924671 7.23162e-005
vn -0.245633 -0.666032 0.704319
vn 0.326936 0.627093 0.707013
vn 0.000603713 -0.000168096 1
vn -0.326076 -0.627336 0.707195
vn -0.461753 -0.887008 0.000127192
vn -0.326933 -0.627093 -0.707015
vn -0.000601664 0.000172026 -1
vn 0.326087 0.627332 -0.707193
vn 0.461751 0.88701 -0.000127162
vn -0.301099 -0.663123 0.685279
vn -0.308513 -0.428024 0.849479
vn -0.621278 -0.461745 0.633092
vn -0.621285 -0.461738 0.633089
vn -0.472605 -0.192968 0.859888
vn -0.621278 -0.461746 0.633091
vn -0.697256 -0.095655 0.710411
vn -0.621275 -0.461753 0.633089
vn -0.850877 -0.193055 0.488608
vn -0.621285 -0.461739 0.633089
vn -0.843464 -0.428155 0.324426
vn -0.62128 -0.461745 0.633089
vn -0.67938 -0.663203 0.314014
vn -0.621276 -0.46174 0.633097
vn -0.454724 -0.760537 0.463475
vn -0.621277 -0.461749 0.63309
vn 0.929713 0.362751 -0.0636083
vn 0.661515 0.748379 -0.0482442
vn 0.536883 0.767738 0.349766
vn 0.920611 0.214667 0.326181
vn 0.291199 0.909423 -0.296905
vn 0.00536746 0.999969 -0.00571381
vn 0.0357114 0.748228 -0.66248
vn -0.35991 0.767522 -0.530448
vn 0.0461648 0.362538 -0.930825
vn -0.343352 0.214363 -0.914417
vn 0.316486 -0.0215118 -0.948353
vn 0.0429171 -0.33682 -0.940591
vn 0.688936 -0.180969 -0.701867
vn 0.576998 -0.567144 -0.587726
vn 0.942289 -0.0213616 -0.334118
vn 0.939709 -0.336603 -0.0603763
vn 0.811891 0.439057 -0.384787
vn 0.677621 0.633362 -0.37374
vn 0.492084 0.711565 -0.501526
vn 0.360879 0.633285 -0.684628
vn 0.369466 0.438951 -0.819034
vn 0.502876 0.244005 -0.829203
vn 0.690574 0.167408 -0.70362
vn 0.819617 0.244081 -0.518316
vn 0.621278 0.461745 -0.633092
vn 0.78594 0.058067 0.615571
vn 0.805632 -0.562658 0.185401
vn 0.35352 0.676804 0.645724
vn -0.245606 0.936578 0.25
vn -0.651618 0.676969 -0.342209
vn -0.629081 0.0584137 -0.775142
vn -0.199567 -0.562329 -0.802471
vn 0.396694 -0.824285 -0.403965
vn 0.714009 0.000421665 0.700136
vn 0.731158 -0.627391 0.267934
vn 0.713841 0.000295508 0.700307
vn 0.731845 -0.628265 0.26398
vn 0.27508 0.622956 0.732296
vn 0.274277 0.62616 0.72986
vn -0.329796 0.882316 0.335787
vn -0.326678 0.884675 0.332612
vn -0.736133 0.623703 -0.262873
vn -0.734344 0.626409 -0.261437
vn -0.711462 0.00146737 -0.702723
vn -0.712568 0.000646394 -0.701603
vn -0.28005 -0.626655 -0.727238
vn -0.276773 -0.628019 -0.727316
vn 0.31727 -0.891623 -0.32303
vn 0.320415 -0.889329 -0.326233
vn 0.10614 -0.311936 0.944156
vn 0.120699 -0.774265 0.621245
vn -0.181397 -0.965842 0.18505
vn -0.623199 -0.774444 -0.108901
vn -0.945895 -0.312188 -0.0884351
vn -0.960457 0.150145 0.234477
vn -0.658354 0.34172 0.67067
vn -0.216556 0.150323 0.964628
vn 0.0556615 -0.996852 -0.056465
vn 0.433112 -0.757506 0.488466
vn 0.414912 -0.179899 0.891899
vn 0.0117523 0.397619 0.917475
vn -0.540185 0.63677 0.550204
vn -0.917639 0.397379 0.00528646
vn -0.899451 -0.18023 -0.398126
vn -0.496295 -0.757736 -0.423707
vn -0.275864 -0.627345 -0.728243
vn 0.323541 -0.887021 -0.329416
vn -0.713677 -0.000177641 -0.700475
vn -0.733434 0.627088 -0.262364
vn -0.323521 0.887036 0.329397
vn 0.275858 0.627338 0.728251
vn 0.713675 0.000171672 0.700477
vn 0.733422 -0.627098 0.262375
vn 0.766259 0.0413678 0.641199
vn 0.785934 -0.583395 0.204837
vn 0.377696 -0.842274 -0.384603
vn -0.219322 -0.583638 -0.781834
vn -0.655393 0.0410254 -0.754173
vn -0.675068 0.665791 -0.317813
vn -0.266831 0.924672 0.27163
vn 0.33019 0.666034 0.66886
vn 0.713674 0.000170883 0.700477
vn 0.733432 -0.627091 0.262365
vn 0.27586 0.62734 0.728249
vn -0.323555 0.88701 0.329431
vn -0.733426 0.627094 -0.262373
vn -0.713673 -0.000174786 -0.700479
vn -0.275849 -0.627334 -0.728258
vn 0.323554 -0.887011 -0.32943
vn 0.271659 0.663129 -0.697468
vn 0.382519 0.428029 -0.818823
vn 0.00835446 0.461749 -0.886971
vn 0.00834744 0.461744 -0.886974
vn 0.273852 0.192971 -0.942214
vn 0.00835227 0.46175 -0.886971
vn 0.00930168 0.0956571 -0.995371
vn 0.00835287 0.461756 -0.886968
vn -0.256161 0.19306 -0.947158
vn 0.00834611 0.461743 -0.886974
vn -0.367011 0.42816 -0.825822
vn 0.00835239 0.461749 -0.886971
vn -0.258356 0.663207 -0.70243
vn 0.00835589 0.461746 -0.886973
vn 0.00618562 0.760547 -0.649254
vn 0.00835251 0.461762 -0.886965
vn 0.612428 -0.362753 0.702383
vn 0.433649 -0.74838 0.501872
vn 0.626957 -0.767737 0.132308
vn 0.881615 -0.214667 0.420324
vn -0.00403344 -0.909425 0.415848
vn -0.000242949 -0.999969 0.00783124
vn -0.443191 -0.748231 0.493692
vn -0.629577 -0.767524 0.120585
vn -0.625548 -0.362543 0.690834
vn -0.889376 -0.214366 0.403803
vn -0.446798 0.021507 0.894376
vn -0.634752 0.336815 0.695447
vn -0.00914355 0.180965 0.983447
vn -0.00758682 0.56714 0.823586
vn 0.430042 0.0213582 0.902556
vn 0.621781 0.336601 0.707169
vn 0.302009 -0.439061 0.846178
vn 0.214878 -0.633365 0.743422
vn -0.00667566 -0.711568 0.702586
vn -0.228925 -0.633289 0.739283
vn -0.317892 -0.438955 0.840394
vn -0.230748 -0.24401 0.94192
vn -0.00922516 -0.167412 0.985844
vn 0.213053 -0.244085 0.946061
vn -0.00835279 -0.461749 0.886971
vn 0.991018 -0.0580657 0.120469
vn 0.700765 0.562657 0.438572
vn 0.706573 -0.676802 -0.206623
vn 0.00310907 -0.936576 -0.35045
vn -0.702741 -0.676969 -0.218789
vn -0.992935 -0.0584161 0.103281
vn -0.708549 0.562326 0.42632
vn -0.00514285 0.824283 0.566155
vn 0.999952 -0.000420027 0.00980983
vn 0.706464 0.62739 0.327552
vn 0.999954 -0.000293587 0.00956987
vn 0.704153 0.628265 0.330833
vn 0.712324 -0.622953 -0.323303
vn 0.710034 -0.626157 -0.322149
vn 0.00423836 -0.882314 -0.470642
vn 0.00419774 -0.884673 -0.466193
vn -0.706403 -0.623703 -0.334649
vn -0.704123 -0.626409 -0.334399
vn -0.99998 -0.00146905 -0.00617922
vn -0.99997 -0.000648201 -0.00775308
vn -0.712262 0.626652 0.316212
vn -0.71 0.628016 0.318585
vn -0.0040748 0.891621 0.452764
vn -0.00411579 0.889327 0.457253
vn 0.742671 0.31194 -0.592565
vn 0.524632 0.774268 -0.353936
vn 0.00258129 0.965843 -0.259113
vn -0.517675 0.774445 -0.363658
vn -0.731382 0.31219 -0.606315
vn -0.513345 -0.150144 -0.844946
vn 0.00870926 -0.341717 -0.939762
vn 0.528969 -0.150321 -0.835222
vn -0.000570347 0.996851 0.0793014
vn 0.651651 0.757508 -0.0391457
vn 0.924053 0.179905 -0.337285
vn 0.657064 -0.397615 -0.640445
vn 0.00708458 -0.63677 -0.771021
vn -0.645128 -0.397373 -0.652614
vn -0.91753 0.180227 -0.354481
vn -0.65054 0.757735 -0.0513246
vn -0.710012 0.627343 0.319882
vn -0.00415666 0.887013 0.461727
vn -0.999956 0.000170188 -0.00932493
vn -0.704134 -0.627085 -0.333105
vn 0.0041566 -0.887035 -0.461683
vn 0.710013 -0.627335 -0.319894
vn 0.999956 -0.000168626 0.0093304
vn 0.704134 0.627103 0.333073
vn 0.995223 -0.0413661 0.0884309
vn 0.70058 0.583395 0.410898
vn -0.00488553 0.842272 0.539031
vn -0.707925 0.583633 0.397761
vn -0.996714 -0.0410278 0.0698487
vn -0.702072 -0.665792 -0.25262
vn 0.00339506 -0.924671 -0.380752
vn 0.706436 -0.666032 -0.239478
vn 0.999956 -0.000168607 0.00933122
vn 0.704133 0.627093 0.333093
vn 0.710013 -0.627335 -0.319893
vn 0.00415669 -0.887008 -0.461735
vn -0.704135 -0.627093 -0.33309
vn -0.999956 0.000171855 -0.00932796
vn -0.710012 0.627331 0.319905
vn -0.00415661 0.887009 0.461733
vn -0.307062 -0.663131 -0.68262
vn -0.626784 -0.461746 -0.62764
vn -0.626779 -0.461751 -0.627642
vn -0.315916 -0.428032 -0.84675
vn -0.626779 -0.461751 -0.627641
vn -0.480089 -0.192973 -0.855731
vn -0.626776 -0.461758 -0.627639
vn -0.703429 -0.0956576 -0.704299
vn -0.626788 -0.461743 -0.627638
vn -0.855111 -0.193055 -0.48116
vn -0.626781 -0.461751 -0.62764
vn -0.846262 -0.428159 -0.317048
vn -0.626778 -0.461748 -0.627645
vn -0.682095 -0.663207 -0.308065
vn -0.626774 -0.461765 -0.627637
vn -0.458744 -0.760551 -0.459473
vn 0.930232 0.362751 0.0554904
vn 0.917729 0.214664 -0.334204
vn 0.53381 0.767735 -0.354445
vn 0.661911 0.748379 0.0424623
vn 0.0054173 0.999969 0.00565764
vn 0.293778 0.909426 0.294344
vn -0.355267 0.767527 0.533561
vn 0.0414913 0.748234 0.662136
vn -0.335358 0.214371 0.917377
vn 0.0542859 0.362546 0.930383
vn 0.051124 -0.33681 0.940184
vn 0.324749 -0.0215035 0.945556
vn 0.582105 -0.567138 0.582674
vn 0.695035 -0.180963 0.69583
vn 0.9402 -0.336602 0.0521772
vn 0.945169 -0.0213584 0.325883
vn 0.815219 0.43906 0.377683
vn 0.680858 0.633365 0.367806
vn 0.496442 0.711569 0.497207
vn 0.366839 0.633291 0.681448
vn 0.376599 0.438958 0.815775
vn 0.510092 0.244013 0.824781
vn 0.696688 0.167414 0.697566
vn 0.82411 0.244086 0.511141
vn 0.626779 0.461751 0.627642
vn 0.803984 -0.562659 -0.192419
vn 0.780538 0.0580612 -0.622406
vn 0.347872 0.676798 -0.64879
vn -0.247777 0.936576 -0.247855
vn -0.648608 0.676972 0.347876
vn -0.622292 0.0584211 0.780602
vn -0.192556 -0.562321 0.804187
vn 0.400204 -0.824282 0.400495
vn 0.707873 0.000415579 -0.70634
vn 0.728792 -0.627393 -0.274299
vn 0.729514 -0.628268 -0.270351
vn 0.707703 0.000288945 -0.70651
vn 0.268679 0.622949 -0.734674
vn 0.267897 0.626153 -0.732232
vn -0.332713 0.882313 -0.332904
vn -0.329569 0.884672 -0.329757
vn -0.733812 0.623705 0.269281
vn -0.732035 0.626412 0.26783
vn -0.705302 0.00147357 0.708905
vn -0.706418 0.00065287 0.707795
vn -0.273694 -0.626648 0.72966
vn -0.270416 -0.628012 0.72971
vn 0.320077 -0.89162 0.320257
vn 0.32325 -0.889326 0.323433
vn 0.115274 -0.774271 -0.622267
vn 0.0978969 -0.311945 -0.945043
vn -0.183005 -0.965844 -0.183452
vn -0.622224 -0.774444 0.114345
vn -0.945087 -0.312189 0.0966849
vn -0.962466 0.150145 -0.226087
vn -0.664182 0.341713 -0.664902
vn -0.224963 0.150317 -0.962703
vn 0.428832 -0.75751 -0.492221
vn 0.0561627 -0.99685 0.0559976
vn 0.407111 -0.179908 -0.895485
vn 0.00374684 0.397612 -0.917546
vn -0.544962 0.636771 -0.545471
vn -0.917651 0.397377 0.00271471
vn -0.895942 -0.180227 0.405963
vn -0.492573 -0.75773 0.428039
vn -0.26949 -0.627332 0.730636
vn 0.326411 -0.887012 0.326597
vn -0.707538 -0.000171569 0.706675
vn -0.731122 0.627086 0.268743
vn -0.32638 0.887035 -0.326566
vn 0.269491 0.627331 -0.730637
vn 0.707536 0.000165417 -0.706678
vn 0.731103 -0.627102 -0.268761
vn 0.784116 -0.583398 -0.211683
vn 0.760634 0.0413614 -0.647862
vn 0.381038 -0.842271 0.3813
vn -0.212489 -0.583629 0.783726
vn -0.648789 0.0410309 0.759862
vn -0.672269 0.665794 0.323686
vn -0.269192 0.924669 -0.2693
vn 0.324342 0.666029 -0.67172
vn 0.73111 -0.627096 -0.268754
vn 0.707534 0.000163441 -0.70668
vn 0.269493 0.627332 -0.730635
vn -0.326417 0.887008 -0.326603
vn -0.73111 0.627095 0.268755
vn -0.707532 -0.000167334 0.706681
vn -0.269483 -0.627327 0.730644
vn 0.326416 -0.887008 0.326601
vn 0.259444 0.663128 0.702105
vn -0.00713495 0.461743 0.886985
vn -0.00713043 0.461749 0.886982
vn 0.368165 0.42803 0.825375
vn -0.00712878 0.46175 0.886982
vn 0.257362 0.192976 0.94685
vn -0.00712808 0.461755 0.886979
vn -0.00807139 0.0956588 0.995381
vn -0.00713625 0.461742 0.886985
vn -0.272653 0.193059 0.942544
vn -0.00712777 0.461749 0.886982
vn -0.381367 0.42816 0.819291
vn -0.00712566 0.461746 0.886983
vn -0.270578 0.663208 0.697813
vn -0.00712842 0.461752 0.886981
vn -0.00514642 0.760542 0.649268
vn 0.624593 -0.362753 -0.691588
vn 0.888817 -0.214667 -0.404874
vn 0.62917 -0.767737 -0.121345
vn 0.442342 -0.74838 -0.494227
vn -0.000106226 -0.999969 -0.00783441
vn 0.00322464 -0.909425 -0.415855
vn -0.627376 -0.767524 -0.131555
vn -0.434507 -0.748231 -0.501352
vn -0.882193 -0.214366 -0.419263
vn -0.613396 -0.362543 -0.701646
vn -0.622518 0.336815 -0.706419
vn -0.431121 0.0215072 -0.902038
vn 0.00678819 0.56714 -0.823594
vn 0.00802119 0.180965 -0.983457
vn 0.634029 0.336601 -0.696209
vn 0.445728 0.0213585 -0.894914
vn 0.316731 -0.439061 -0.840778
vn 0.22782 -0.633365 -0.739559
vn 0.00558748 -0.711568 -0.702595
vn -0.215988 -0.633289 -0.743165
vn -0.303177 -0.438956 -0.845814
vn -0.214275 -0.244011 -0.945804
vn 0.00798203 -0.167412 -0.985855
vn 0.229532 -0.244086 -0.942198
vn 0.00712799 -0.461749 -0.886982
vn 0.708312 0.562657 -0.426276
vn 0.992969 -0.0580656 -0.103155
vn 0.70286 -0.676802 0.218922
vn -0.00300764 -0.936576 0.350451
vn -0.706452 -0.676969 0.206491
vn -0.990982 -0.0584161 -0.120594
vn -0.701 0.562326 -0.438621
vn 0.00473879 0.824283 -0.566158
vn 0.999971 -0.000419961 0.00764312
vn 0.712073 0.62739 -0.315173
vn 0.70982 0.628265 -0.318494
vn 0.999969 -0.000293495 0.00788316
vn 0.706573 -0.622953 0.335686
vn 0.704303 -0.626157 0.334492
vn -0.00397615 -0.882314 0.470644
vn -0.00393902 -0.884673 0.466195
vn -0.712136 -0.623703 0.322269
vn -0.709852 -0.626409 0.322059
vn -0.999935 -0.00146904 -0.0112738
vn -0.999953 -0.00064823 -0.00970004
vn -0.706635 0.626652 -0.328595
vn -0.704332 0.628016 -0.330928
vn 0.0038277 0.891621 -0.452767
vn 0.0038651 0.889327 -0.457255
vn 0.518375 0.774268 0.363037
vn 0.732216 0.31194 0.605436
vn -0.0019412 0.965844 0.259118
vn -0.523944 0.774445 0.354566
vn -0.741853 0.312189 0.593458
vn -0.528013 -0.150143 0.835858
vn -0.00769335 -0.341717 0.939772
vn 0.514311 -0.150321 0.844327
vn 0.650869 0.757508 0.0505104
vn 0.000813805 0.99685 -0.0793072
vn 0.918023 0.179908 0.353366
vn 0.645783 -0.397607 0.651823
vn -0.00637282 -0.636766 0.771031
vn -0.656419 -0.397375 0.641254
vn -0.923578 0.180225 0.338412
vn -0.651338 0.757735 0.0399613
vn -0.704321 0.627343 -0.332225
vn 0.00390225 0.887011 -0.461731
vn -0.999967 0.000169321 -0.00812974
vn -0.709841 -0.627086 0.320764
vn -0.00390163 -0.887034 0.461687
vn 0.704322 -0.627332 0.332242
vn 0.999967 -0.00016579 0.0081279
vn 0.709839 0.627102 -0.320736
vn 0.707644 0.583395 -0.39861
vn 0.996615 -0.041366 -0.071048
vn 0.00452261 0.842272 -0.539034
vn -0.700876 0.583633 -0.410056
vn -0.995343 -0.041028 -0.0872333
vn -0.706374 -0.665791 0.240329
vn -0.00325043 -0.924671 0.380753
vn 0.702149 -0.666032 0.25177
vn 0.709839 0.627093 -0.320753
vn 0.999967 -0.000168171 0.00812263
vn 0.704322 -0.627336 0.332234
vn -0.00390236 -0.887009 0.461736
vn -0.709841 -0.627092 0.320751
vn -0.999967 0.000172139 -0.0081246
vn -0.704321 0.627331 -0.332246
vn 0.00390235 0.88701 -0.461733
vn 0.682621 -0.663127 0.307067
vn 0.846747 -0.42803 0.315927
vn 0.627642 -0.461747 0.626782
vn 0.627641 -0.461741 0.626787
vn 0.855726 -0.192979 0.480096
vn 0.627641 -0.461749 0.626781
vn 0.704299 -0.0956569 0.703429
vn 0.627642 -0.46175 0.626779
vn 0.481163 -0.193054 0.855109
vn 0.627639 -0.461739 0.62679
vn 0.317048 -0.428155 0.846265
vn 0.62764 -0.461748 0.626783
vn 0.308065 -0.663205 0.682097
vn 0.627646 -0.461745 0.626779
vn 0.459482 -0.76054 0.458753
vn 0.627641 -0.461753 0.626778
vn -0.0554912 0.362749 -0.930233
vn -0.0424649 0.748377 -0.661913
vn 0.354443 0.767734 -0.533812
vn 0.334204 0.214662 -0.91773
vn -0.294347 0.909424 -0.293781
vn -0.00566042 0.999969 -0.0054201
vn -0.662138 0.748232 -0.0414937
vn -0.533564 0.767526 0.355265
vn -0.930384 0.362544 -0.0542867
vn -0.917377 0.21437 0.335358
vn -0.945556 -0.0215069 -0.32475
vn -0.940183 -0.336813 -0.0511227
vn -0.695829 -0.180966 -0.695034
vn -0.582672 -0.567141 -0.582104
vn -0.325882 -0.0213623 -0.945169
vn -0.0521761 -0.336606 -0.940199
vn -0.377685 0.439058 -0.815219
vn -0.367808 0.633363 -0.680859
vn -0.497209 0.711567 -0.496444
vn -0.681449 0.633288 -0.366841
vn -0.815776 0.438955 -0.3766
vn -0.824782 0.24401 -0.510093
vn -0.697567 0.16741 -0.696688
vn -0.511142 0.244082 -0.82411
vn -0.627643 0.461748 -0.62678
vn 0.622407 0.0580604 -0.780537
vn 0.192421 -0.562661 -0.803982
vn 0.648789 0.676799 -0.347874
vn 0.247853 0.936577 0.247775
vn -0.347878 0.676973 0.648606
vn -0.780602 0.0584204 0.622293
vn -0.804185 -0.562323 0.192558
vn -0.400493 -0.824284 -0.400202
vn 0.70634 0.000415238 -0.707872
vn 0.2743 -0.627394 -0.728791
vn 0.70651 0.000289034 -0.707703
vn 0.270352 -0.628269 -0.729512
vn 0.734672 0.62295 -0.268681
vn 0.73223 0.626154 -0.267899
vn 0.332902 0.882315 0.332711
vn 0.329755 0.884674 0.329566
vn -0.269283 0.623707 0.73381
vn -0.267832 0.626413 0.732033
vn -0.708905 0.0014734 0.705303
vn -0.707795 0.000652828 0.706418
vn -0.729658 -0.626649 0.273696
vn -0.729708 -0.628013 0.270417
vn -0.320255 -0.891622 -0.320074
vn -0.32343 -0.889328 -0.323247
vn 0.945044 -0.311942 -0.097897
vn 0.622269 -0.77427 -0.115272
vn 0.183453 -0.965844 0.183006
vn -0.114343 -0.774442 0.622226
vn -0.0966894 -0.312184 0.945088
vn 0.226088 0.150146 0.962466
vn 0.6649 0.341721 0.66418
vn 0.962702 0.15032 0.224963
vn -0.055997 -0.99685 -0.0561619
vn 0.492224 -0.757511 -0.428828
vn 0.895488 -0.179911 -0.407103
vn 0.917547 0.397609 -0.0037422
vn 0.545474 0.636765 0.544966
vn -0.00271397 0.397378 0.917651
vn -0.405972 -0.18022 0.895939
vn -0.428026 -0.757732 0.492581
vn -0.730625 -0.62734 0.269501
vn -0.326599 -0.887011 -0.326413
vn -0.706683 -0.000166278 0.707531
vn -0.268747 0.62709 0.731118
vn 0.326565 0.887036 0.326379
vn 0.730633 0.627334 -0.269496
vn 0.706678 0.00016539 -0.707536
vn 0.268765 -0.627105 -0.731099
vn 0.64786 0.041362 -0.760635
vn 0.211683 -0.583398 -0.784116
vn -0.381298 -0.842273 -0.381036
vn -0.783724 -0.583631 0.212491
vn -0.759865 0.0410333 0.648785
vn -0.323687 0.665794 0.672268
vn 0.269295 0.924672 0.269186
vn 0.671719 0.666029 -0.324343
vn 0.706677 0.000165323 -0.707536
vn 0.268751 -0.627095 -0.731112
vn 0.730634 0.627333 -0.269494
vn 0.326601 0.887009 0.326415
vn -0.268758 0.627097 0.731108
vn -0.706681 -0.000167382 0.707532
vn -0.730641 -0.627329 0.269486
vn -0.326597 -0.887012 -0.326411
vt 0.96875 0
vt 1 0.0625
vt 0.9375 0.0625
vt 0.875 0.0625
vt 0.84375 0
vt 0.8125 0.0625
vt 0.75 0.0625
vt 0.71875 0
vt 0.6875 0.0625
vt 0.625 0.0625
vt 0.59375 0
vt 0.5625 0.0625
vt 0.5 0.0625
vt 0.46875 0
vt 0.4375 0.0625
vt 0.375 0.0625
vt 0.34375 0
vt 0.3125 0.0625
vt 0.25 0.0625
vt 0.21875 0
vt 0.1875 0.0625
vt 0.125 0.0625
vt 0.09375 0
vt 0.0625 0.0625
vt 0 0.0625
vt 0 0.125
vt 0.0625 0.125
vt 0.125 0.125
vt 0.1875 0.125
vt 0.25 0.125
vt 0.3125 0.125
vt 0.375 0.125
vt 0.4375 0.125
vt 0.5 0.125
vt 0.5625 0.125
vt 0.625 0.125
vt 0.6875 0.125
vt 0.75 0.125
vt 0.8125 0.125
vt 0.875 0.125
vt 0.9375 0.125
vt 1 0.125
vt 0 0.1875
vt 0.0625 0.1875
vt 0.125 0.1875
vt 0.1875 0.1875
vt 0.25 0.1875
vt 0.3125 0.1875
vt 0.375 0.1875
vt 0.4375 0.1875
vt 0.5 0.1875
vt 0.5625 0.1875
vt 0.625 0.1875
vt 0.6875 0.1875
vt 0.75 0.1875
vt 0.8125 0.1875
vt 0.875 0.1875
vt 0.9375 0.1875
vt 1 0.1875
vt 0 0.25
vt 0.0625 0.25
vt 0.125 0.25
vt 0.1875 0.25
vt 0.25 0.25
vt 0.3125 0.25
vt 0.375 0.25
vt 0.4375 0.25
vt 0.5 0.25
vt 0.5625 0.25
vt 0.625 0.25
vt 0.6875 0.25
vt 0.75 0.25
vt 0.8125 0.25
vt 0.875 0.25
vt 0.9375 0.25
vt 1 0.25
vt 0 0.3125
vt 0.0625 0.3125
vt 0.125 0.3125
vt 0.1875 0.3125
vt 0.25 0.3125
vt 0.3125 0.3125
vt 0.375 0.3125
vt 0.4375 0.3125
vt 0.5 0.3125
vt 0.5625 0.3125
vt 0.625 0.3125
vt 0.6875 0.3125
vt 0.75 0.3125
vt 0.8125 0.3125
vt 0.875 0.3125
vt 0.9375 0.3125
vt 1 0.3125
vt 0 0.375
vt 0.0625 0.375
vt 0.125 0.375
vt 0.1875 0.375
vt 0.25 0.375
vt 0.3125 0.375
vt 0.375 0.375
vt 0.4375 0.375
vt 0.5 0.375
vt 0.5625 0.375
vt 0.625 0.375
vt 0.6875 0.375
vt 0.75 0.375
vt 0.8125 0.375
vt 0.875 0.375
vt 0.9375 0.375
vt 1 0.375
vt 0 0.4375
vt 0.0625 0.4375
vt 0.125 0.4375
vt 0.1875 0.4375
vt 0.25 0.4375
vt 0.3125 0.4375
vt 0.375 0.4375
vt 0.4375 0.4375
vt 0.5 0.4375
vt 0.5625 0.4375
vt 0.625 0.4375
vt 0.6875 0.4375
vt 0.75 0.4375
vt 0.8125 0.4375
vt 0.875 0.4375
vt 0.9375 0.4375
vt 1 0.4375
vt 0 0.5
vt 0.0625 0.5
vt 0.125 0.5
vt 0.1875 0.5
vt 0.25 0.5
vt 0.3125 0.5
vt 0.375 0.5
vt 0.4375 0.5
vt 0.5 0.5
vt 0.5625 0.5
vt 0.625 0.5
vt 0.6875 0.5
vt 0.75 0.5
vt 0.8125 0.5
vt 0.875 0.5
vt 0.9375 0.5
vt 1 0.5
vt 0 0.5625
vt 0.0625 0.5625
vt 0.125 0.5625
vt 0.1875 0.5625
vt 0.25 0.5625
vt 0.3125 0.5625
vt 0.375 0.5625
vt 0.4375 0.5625
vt 0.5 0.5625
vt 0.5625 0.5625
vt 0.625 0.5625
vt 0.6875 0.5625
vt 0.75 0.5625
vt 0.8125 0.5625
vt 0.875 0.5625
vt 0.9375 0.5625
vt 1 0.5625
vt 0 0.625
vt 0.0625 0.625
vt 0.125 0.625
vt 0.1875 0.625
vt 0.25 0.625
vt 0.3125 0.625
vt 0.375 0.625
vt 0.4375 0.625
vt 0.5 0.625
vt 0.5625 0.625
vt 0.625 0.625
vt 0.6875 0.625
vt 0.75 0.625
vt 0.8125 0.625
vt 0.875 0.625
vt 0.9375 0.625
vt 1 0.625
vt 0 0.6875
vt 0.0625 0.6875
vt 0.125 0.6875
vt 0.1875 0.6875
vt 0.25 0.6875
vt 0.3125 0.6875
vt 0.375 0.6875
vt 0.4375 0.6875
vt 0.5 0.6875
vt 0.5625 0.6875
vt 0.625 0.6875
vt 0.6875 0.6875
vt 0.75 0.6875
vt 0.8125 0.6875
vt 0.875 0.6875
vt 0.9375 0.6875
vt 1 0.6875
vt 0 0.75
vt 0.0625 0.75
vt 0.125 0.75
vt 0.1875 0.75
vt 0.25 0.75
vt 0.3125 0.75
vt 0.375 0.75
vt 0.4375 0.75
vt 0.5 0.75
vt 0.5625 0.75
vt 0.625 0.75
vt 0.6875 0.75
vt 0.75 0.75
vt 0.8125 0.75
vt 0.875 0.75
vt 0.9375 0.75
vt 1 0.75
vt 0 0.8125
vt 0.0625 0.8125
vt 0.125 0.8125
vt 0.1875 0.8125
vt 0.25 0.8125
vt 0.3125 0.8125
vt 0.375 0.8125
vt 0.4375 0.8125
vt 0.5 0.8125
vt 0.5625 0.8125
vt 0.625 0.8125
vt 0.6875 0.8125
vt 0.75 0.8125
vt 0.8125 0.8125
vt 0.875 0.8125
vt 0.9375 0.8125
vt 1 0.8125
vt 0 0.875
vt 0.0625 0.875
vt 0.125 0.875
vt 0.1875 0.875
vt 0.25 0.875
vt 0.3125 0.875
vt 0.375 0.875
vt 0.4375 0.875
vt 0.5 0.875
vt 0.5625 0.875
vt 0.625 0.875
vt 0.6875 0.875
vt 0.75 0.875
vt 0.8125 0.875
vt 0.875 0.875
vt 0.9375 0.875
vt 1 0.875
vt 0 0.9375
vt 0.0625 0.9375
vt 0.125 0.9375
vt 0.1875 0.9375
vt 0.25 0.9375
vt 0.3125 0.9375
vt 0.375 0.9375
vt 0.4375 0.9375
vt 0.5 0.9375
vt 0.5625 0.9375
vt 0.625 0.9375
vt 0.6875 0.9375
vt 0.75 0.9375
vt 0.8125 0.9375
vt 0.875 0.9375
vt 0.9375 0.9375
vt 1 0.9375
vt 0.96875 1
vt 0.84375 1
vt 0.71875 1
vt 0.59375 1
vt 0.46875 1
vt 0.34375 1
vt 0.21875 1
vt 0.09375 1
vt 0.9375 1
vt 0.6875 1
vt 0.4375 1
vt 0.1875 1
vt 0 0
vt 0 1
vt 1 0
vt 1 1
mtllib spike_ball.mtl
usemtl Default
g Default
f 1/1/1 2/2/2 17/3/3 16/4/4
f 1/5/1 16/4/4 15/6/5 14/7/6
f 1/8/1 14/7/6 13/9/7 12/10/8
f 1/11/1 12/10/8 11/12/9 10/13/10
f 1/14/1 10/13/10 9/15/11 8/16/12
f 1/17/1 8/16/12 7/18/13 6/19/14
f 1/20/1 6/19/14 5/21/15 4/22/16
f 1/23/1 4/22/16 3/24/17 2/25/2
f 18/26/18 2/25/2 3/24/17 19/27/19
f 19/27/19 3/24/17 4/22/16 20/28/20
f 20/28/20 4/22/16 5/21/15 21/29/21
f 21/29/21 5/21/15 6/19/14 22/30/22
f 22/30/22 6/19/14 7/18/13 23/31/23
f 23/31/23 7/18/13 8/16/12 24/32/24
f 24/32/24 8/16/12 9/15/11 25/33/25
f 25/33/25 9/15/11 10/13/10 26/34/26
f 26/34/26 10/13/10 11/12/9 27/35/27
f 27/35/27 11/12/9 12/10/8 28/36/28
f 28/36/28 12/10/8 13/9/7 29/37/29
f 29/37/29 13/9/7 14/7/6 30/38/30
f 30/38/30 14/7/6 15/6/5 31/39/31
f 31/39/31 15/6/5 16/4/4 32/40/32
f 32/40/32 16/4/4 17/3/3 33/41/33
f 33/41/33 17/3/3 2/2/2 18/42/18
f 34/43/34 18/26/18 19/27/19 35/44/35
f 35/44/35 19/27/19 20/28/20 36/45/36
f 36/45/36 20/28/20 21/29/21 37/46/37
f 37/46/37 21/29/21 22/30/22 38/47/38
f 38/47/38 22/30/22 23/31/23 39/48/39
f 39/48/39 23/31/23 24/32/24 40/49/40
f 40/49/40 24/32/24 25/33/25 41/50/41
f 41/50/41 25/33/25 26/34/26 42/51/42
f 42/51/42 26/34/26 27/35/27 43/52/43
f 43/52/43 27/35/27 28/36/28 44/53/44
f 44/53/44 28/36/28 29/37/29 45/54/45
f 45/54/45 29/37/29 30/38/30 46/55/46
f 46/55/46 30/38/30 31/39/31 47/56/47
f 47/56/47 31/39/31 32/40/32 48/57/48
f 48/57/48 32/40/32 33/41/33 49/58/49
f 49/58/49 33/41/33 18/42/18 34/59/34
f 50/60/50 34/43/34 35/44/35 51/61/51
f 51/61/51 35/44/35 36/45/36 52/62/52
f 52/62/52 36/45/36 37/46/37 53/63/53
f 53/63/53 37/46/37 38/47/38 54/64/54
f 54/64/54 38/47/38 39/48/39 55/65/55
f 55/65/55 39/48/39 40/49/40 56/66/56
f 56/66/56 40/49/40 41/50/41 57/67/57
f 57/67/57 41/50/41 42/51/42 58/68/58
f 58/68/58 42/51/42 43/52/43 59/69/59
f 59/69/59 43/52/43 44/53/44 60/70/60
f 60/70/60 44/53/44 45/54/45 61/71/61
f 61/71/61 45/54/45 46/55/46 62/72/62
f 62/72/62 46/55/46 47/56/47 63/73/63
f 63/73/63 47/56/47 48/57/48 64/74/64
f 64/74/64 48/57/48 49/58/49 65/75/65
f 65/75/65 49/58/49 34/59/34 50/76/50
f 66/77/66 50/60/50 51/61/51 67/78/67
f 67/78/67 51/61/51 52/62/52 68/79/68
f 68/79/68 52/62/52 53/63/53 69/80/69
f 69/80/69 53/63/53 54/64/54 70/81/70
f 70/81/70 54/64/54 55/65/55 71/82/71
f 71/82/71 55/65/55 56/66/56 72/83/72
f 72/83/72 56/66/56 57/67/57 73/84/73
f 73/84/73 57/67/57 58/68/58 74/85/74
f 74/85/74 58/68/58 59/69/59 75/86/75
f 75/86/75 59/69/59 60/70/60 76/87/76
f 76/87/76 60/70/60 61/71/61 77/88/77
f 77/88/77 61/71/61 62/72/62 78/89/78
f 78/89/78 62/72/62 63/73/63 79/90/79
f 79/90/79 63/73/63 64/74/64 80/91/80
f 80/91/80 64/74/64 65/75/65 81/92/81
f 81/92/81 65/75/65 50/76/50 66/93/66
f 82/94/82 66/77/66 67/78/67 83/95/83
f 83/95/83 67/78/67 68/79/68 84/96/84
f 84/96/84 68/79/68 69/80/69 85/97/85
f 85/97/85 69/80/69 70/81/70 86/98/86
f 86/98/86 70/81/70 71/82/71 87/99/87
f 87/99/87 71/82/71 72/83/72 88/100/88
f 88/100/88 72/83/72 73/84/73 89/101/89
f 89/101/89 73/84/73 74/85/74 90/102/90
f 90/102/90 74/85/74 75/86/75 91/103/91
f 91/103/91 75/86/75 76/87/76 92/104/92
f 92/104/92 76/87/76 77/88/77 93/105/93
f 93/105/93 77/88/77 78/89/78 94/106/94
f 94/106/94 78/89/78 79/90/79 95/107/95
f 95/107/95 79/90/79 80/91/80 96/108/96
f 96/108/96 80/91/80 81/92/81 97/109/97
f 97/109/97 81/92/81 66/93/66 82/110/82
f 98/111/98 82/94/82 83/95/83 99/112/99
f 99/112/99 83/95/83 84/96/84 100/113/100
f 100/113/100 84/96/84 85/97/85 101/114/101
f 101/114/101 85/97/85 86/98/86 102/115/102
f 102/115/102 86/98/86 87/99/87 103/116/103
f 103/116/103 87/99/87 88/100/88 104/117/104
f 104/117/104 88/100/88 89/101/89 105/118/105
f 105/118/105 89/101/89 90/102/90 106/119/106
f 106/119/106 90/102/90 91/103/91 107/120/107
f 107/120/107 91/103/91 92/104/92 108/121/108
f 108/121/108 92/104/92 93/105/93 109/122/109
f 109/122/109 93/105/93 94/106/94 110/123/110
f 110/123/110 94/106/94 95/107/95 111/124/111
f 111/124/111 95/107/95 96/108/96 112/125/112
f 112/125/112 96/108/96 97/109/97 113/126/113
f 113/126/113 97/109/97 82/110/82 98/127/98
f 114/128/114 98/111/98 99/112/99 115/129/115
f 115/129/115 99/112/99 100/113/100 116/130/116
f 116/130/116 100/113/100 101/114/101 117/131/117
f 117/131/117 101/114/101 102/115/102 118/132/118
f 118/132/118 102/115/102 103/116/103 119/133/119
f 119/133/119 103/116/103 104/117/104 120/134/120
f 120/134/120 104/117/104 105/118/105 121/135/121
f 121/135/121 105/118/105 106/119/106 122/136/122
f 122/136/122 106/119/106 107/120/107 123/137/123
f 123/137/123 107/120/107 108/121/108 124/138/124
f 124/138/124 108/121/108 109/122/109 125/139/125
f 125/139/125 109/122/109 110/123/110 126/140/126
f 126/140/126 110/123/110 111/124/111 127/141/127
f 127/141/127 111/124/111 112/125/112 128/142/128
f 128/142/128 112/125/112 113/126/113 129/143/129
f 129/143/129 113/126/113 98/127/98 114/144/114
f 130/145/130 114/128/114 115/129/115 131/146/131
f 131/146/131 115/129/115 116/130/116 132/147/132
f 132/147/132 116/130/116 117/131/117 133/148/133
f 133/148/133 117/131/117 118/132/118 134/149/134
f 134/149/134 118/132/118 119/133/119 135/150/135
f 135/150/135 119/133/119 120/134/120 136/151/136
f 136/151/136 120/134/120 121/135/121 137/152/137
f 137/152/137 121/135/121 122/136/122 138/153/138
f 138/153/138 122/136/122 123/137/123 139/154/139
f 139/154/139 123/137/123 124/138/124 140/155/140
f 140/155/140 124/138/124 125/139/125 141/156/141
f 141/156/141 125/139/125 126/140/126 142/157/142
f 142/157/142 126/140/126 127/141/127 143/158/143
f 143/158/143 127/141/127 128/142/128 144/159/144
f 144/159/144 128/142/128 129/143/129 145/160/145
f 145/160/145 129/143/129 114/144/114 130/161/130
f 146/162/146 130/145/130 131/146/131 147/163/147
f 147/163/147 131/146/131 132/147/132 148/164/148
f 148/164/148 132/147/132 133/148/133 149/165/149
f 149/165/149 133/148/133 134/149/134 150/166/150
f 150/166/150 134/149/134 135/150/135 151/167/151
f 151/167/151 135/150/135 136/151/136 152/168/152
f 152/168/152 136/151/136 137/152/137 153/169/153
f 153/169/153 137/152/137 138/153/138 154/170/154
f 154/170/154 138/153/138 139/154/139 155/171/155
f 155/171/155 139/154/139 140/155/140 156/172/156
f 156/172/156 140/155/140 141/156/141 157/173/157
f 157/173/157 141/156/141 142/157/142 158/174/158
f 158/174/158 142/157/142 143/158/143 159/175/159
f 159/175/159 143/158/143 144/159/144 160/176/160
f 160/176/160 144/159/144 145/160/145 161/177/161
f 161/177/161 145/160/145 130/161/130 146/178/146
f 162/179/162 146/162/146 147/163/147 163/180/163
f 163/180/163 147/163/147 148/164/148 164/181/164
f 164/181/164 148/164/148 149/165/149 165/182/165
f 165/182/165 149/165/149 150/166/150 166/183/166
f 166/183/166 150/166/150 151/167/151 167/184/167
f 167/184/167 151/167/151 152/168/152 168/185/168
f 168/185/168 152/168/152 153/169/153 169/186/169
f 169/186/169 153/169/153 154/170/154 170/187/170
f 170/187/170 154/170/154 155/171/155 171/188/171
f 171/188/171 155/171/155 156/172/156 172/189/172
f 172/189/172 156/172/156 157/173/157 173/190/173
f 173/190/173 157/173/157 158/174/158 174/191/174
f 174/191/174 158/174/158 159/175/159 175/192/175
f 175/192/175 159/175/159 160/176/160 176/193/176
f 176/193/176 160/176/160 161/177/161 177/194/177
f 177/194/177 161/177/161 146/178/146 162/195/162
f 178/196/178 162/179/162 163/180/163 179/197/179
f 179/197/179 163/180/163 164/181/164 180/198/180
f 180/198/180 164/181/164 165/182/165 181/199/181
f 181/199/181 165/182/165 166/183/166 182/200/182
f 182/200/182 166/183/166 167/184/167 183/201/183
f 183/201/183 167/184/167 168/185/168 184/202/184
f 184/202/184 168/185/168 169/186/169 185/203/185
f 185/203/185 169/186/169 170/187/170 186/204/186
f 186/204/186 170/187/170 171/188/171 187/205/187
f 187/205/187 171/188/171 172/189/172 188/206/188
f 188/206/188 172/189/172 173/190/173 189/207/189
f 189/207/189 173/190/173 174/191/174 190/208/190
f 190/208/190 174/191/174 175/192/175 191/209/191
f 191/209/191 175/192/175 176/193/176 192/210/192
f 192/210/192 176/193/176 177/194/177 193/211/193
f 193/211/193 177/194/177 162/195/162 178/212/178
f 194/213/194 178/196/178 179/197/179 195/214/195
f 195/214/195 179/197/179 180/198/180 196/215/196
f 196/215/196 180/198/180 181/199/181 197/216/197
f 197/216/197 181/199/181 182/200/182 198/217/198
f 198/217/198 182/200/182 183/201/183 199/218/199
f 199/218/199 183/201/183 184/202/184 200/219/200
f 200/219/200 184/202/184 185/203/185 201/220/201
f 201/220/201 185/203/185 186/204/186 202/221/202
f 202/221/202 186/204/186 187/205/187 203/222/203
f 203/222/203 187/205/187 188/206/188 204/223/204
f 204/223/204 188/206/188 189/207/189 205/224/205
f 205/224/205 189/207/189 190/208/190 206/225/206
f 206/225/206 190/208/190 191/209/191 207/226/207
f 207/226/207 191/209/191 192/210/192 208/227/208
f 208/227/208 192/210/192 193/211/193 209/228/209
f 209/228/209 193/211/193 178/212/178 194/229/194
f 210/230/210 194/213/194 195/214/195 211/231/211
f 211/231/211 195/214/195 196/215/196 212/232/212
f 212/232/212 196/215/196 197/216/197 213/233/213
f 213/233/213 197/216/197 198/217/198 214/234/214
f 214/234/214 198/217/198 199/218/199 215/235/215
f 215/235/215 199/218/199 200/219/200 216/236/216
f 216/236/216 200/219/200 201/220/201 217/237/217
f 217/237/217 201/220/201 202/221/202 218/238/218
f 218/238/218 202/221/202 203/222/203 219/239/219
f 219/239/219 203/222/203 204/223/204 220/240/220
f 220/240/220 204/223/204 205/224/205 221/241/221
f 221/241/221 205/224/205 206/225/206 222/242/222
f 222/242/222 206/225/206 207/226/207 223/243/223
f 223/243/223 207/226/207 208/227/208 224/244/224
f 224/244/224 208/227/208 209/228/209 225/245/225
f 225/245/225 209/228/209 194/229/194 210/246/210
f 226/247/226 210/230/210 211/231/211 227/248/227
f 227/248/227 211/231/211 212/232/212 228/249/228
f 228/249/228 212/232/212 213/233/213 229/250/229
f 229/250/229 213/233/213 214/234/214 230/251/230
f 230/251/230 214/234/214 215/235/215 231/252/231
f 231/252/231 215/235/215 216/236/216 232/253/232
f 232/253/232 216/236/216 217/237/217 233/254/233
f 233/254/233 217/237/217 218/238/218 234/255/234
f 234/255/234 218/238/218 219/239/219 235/256/235
f 235/256/235 219/239/219 220/240/220 236/257/236
f 236/257/236 220/240/220 221/241/221 237/258/237
f 237/258/237 221/241/221 222/242/222 238/259/238
f 238/259/238 222/242/222 223/243/223 239/260/239
f 239/260/239 223/243/223 224/244/224 240/261/240
f 240/261/240 224/244/224 225/245/225 241/262/241
f 241/262/241 225/245/225 210/246/210 226/263/226
f 242/264/242 240/261/240 241/262/241 226/263/226
f 242/265/242 238/259/238 239/260/239 240/261/240
f 242/266/242 236/257/236 237/258/237 238/259/238
f 242/267/242 234/255/234 235/256/235 236/257/236
f 242/268/242 232/253/232 233/254/233 234/255/234
f 242/269/242 230/251/230 231/252/231 232/253/232
f 242/270/242 228/249/228 229/250/229 230/251/230
f 242/271/242 226/247/226 227/248/227 228/249/228
f 310//243 293//1 294//1 312//244
f 312//244 294//1 295//1 314//245
f 314//245 295//1 296//1 316//246
f 316//246 296//1 297//1 318//247
f 318//247 297//1 298//1 320//248
f 320//248 298//1 299//1 322//249
f 322//249 299//1 292//1 309//250
f 309//250 292//1 293//1 310//243
f 259/196/251 251/162/252 252/164/253 260/198/254
f 260/198/254 252/164/253 253/166/255 261/200/256
f 261/200/256 253/166/255 254/168/257 262/202/258
f 262/202/258 254/168/257 255/170/259 263/204/260
f 263/204/260 255/170/259 256/172/261 264/206/262
f 264/206/262 256/172/261 257/174/263 265/208/264
f 265/208/264 257/174/263 258/176/265 266/210/266
f 266/210/266 258/176/265 251/178/252 259/212/251
f 267/230/267 259/196/251 260/198/254 268/232/268
f 268/232/268 260/198/254 261/200/256 269/234/269
f 269/234/269 261/200/256 262/202/258 270/236/270
f 270/236/270 262/202/258 263/204/260 271/238/271
f 271/238/271 263/204/260 264/206/262 272/240/272
f 272/240/272 264/206/262 265/208/264 273/242/273
f 273/242/273 265/208/264 266/210/266 274/244/274
f 274/244/274 266/210/266 259/212/251 267/246/267
f 275/272/275 273/242/273 274/244/274 267/246/267
f 275/273/275 271/238/271 272/240/272 273/242/273
f 275/274/275 269/234/269 270/236/270 271/238/271
f 275/275/275 267/230/267 268/232/268 269/234/269
f 258/176/265 276//276 277/144/277 251/178/252
f 251/162/252 277/128/277 278//278 252/164/253
f 252/164/253 278//278 279/132/279 253/166/255
f 253/166/255 279/132/279 280//280 254/168/257
f 254/168/257 280//280 281/136/281 255/170/259
f 255/170/259 281/136/281 282//282 256/172/261
f 257/174/263 283/140/283 276//276 258/176/265
f 256/172/261 282//282 283/140/283 257/174/263
f 285//284 277/128/277 276//276 284//285
f 284//285 244//286 245//287 285//284
f 286//288 278//278 277/128/277 285//284
f 285//284 245//287 246//289 286//288
f 287//290 279/132/279 278//278 286//288
f 286//288 246//289 247//291 287//290
f 288//292 280//280 279/132/279 287//290
f 287//290 247//291 248//293 288//292
f 289//294 281/136/281 280//280 288//292
f 288//292 248//293 249//295 289//294
f 290//296 282//282 281/136/281 289//294
f 289//294 249//295 250//297 290//296
f 284//285 276//276 283/140/283 291//298
f 291//298 243//299 244//286 284//285
f 291//298 283/140/283 282//282 290//296
f 290//296 250//297 243//299 291//298
f 294//1 293//1 301/276/300 302/277/301
f 293//1 292//1 300/276/302 301/276/300
f 292//1 299//1 307/276/303 300/276/302
f 299//1 298//1 306/276/304 307/276/303
f 298//1 297//1 305/276/305 306/276/304
f 297//1 296//1 304/276/306 305/276/305
f 296//1 295//1 303/276/307 304/276/306
f 295//1 294//1 302/277/301 303/276/307
f 309//250 310//243 311//308 308//309
f 310//243 312//244 313//310 311//308
f 312//244 314//245 315//311 313//310
f 314//245 316//246 317//312 315//311
f 316//246 318//247 319//313 317//312
f 318//247 320//248 321//314 319//313
f 320//248 322//249 323//315 321//314
f 322//249 309//250 308//309 323//315
f 325//316 323//315 308//309 324//317
f 324//317 243//299 250//297 325//316
f 326//318 321//314 323//315 325//316
f 325//316 250//297 249//295 326//318
f 327//319 319//313 321//314 326//318
f 326//318 249//295 248//293 327//319
f 328//320 317//312 319//313 327//319
f 327//319 248//293 247//291 328//320
f 329//321 315//311 317//312 328//320
f 328//320 247//291 246//289 329//321
f 330//322 313//310 315//311 329//321
f 329//321 246//289 245//287 330//322
f 331//323 311//308 313//310 330//322
f 330//322 245//287 244//286 331//323
f 324//317 308//309 311//308 331//323
f 331//323 244//286 243//299 324//317
f 301/276/300 332/278/324 333/279/325 302/277/301
f 300/276/302 334/278/326 332/279/324 301/277/300
f 307/276/303 335/278/327 334/279/326 300/277/302
f 306/276/304 336/278/328 335/279/327 307/277/303
f 305/276/305 337/278/329 336/279/328 306/277/304
f 304/276/306 338/278/330 337/279/329 305/277/305
f 303/276/307 339/278/331 338/279/330 304/277/306
f 302/276/301 333/278/325 339/279/331 303/277/307
f 332/276/324 340/278/323 341/279/332 333/277/325
f 333/276/325 341/278/332 342/279/321 339/277/331
f 339/276/331 342/278/321 343/279/320 338/277/330
f 338/276/330 343/278/320 344/279/319 337/277/329
f 337/276/329 344/278/319 345/279/333 336/277/328
f 336/276/328 345/278/333 346/279/316 335/277/327
f 335/276/327 346/278/316 347/279/317 334/277/326
f 334/276/326 347/278/317 340/279/323 332/277/324
f 415//334 398//242 399//242 417//335
f 417//335 399//242 400//242 419//336
f 419//336 400//242 401//242 421//337
f 421//337 401//242 402//242 423//338
f 423//338 402//242 403//242 425//339
f 425//339 403//242 404//242 427//340
f 427//340 404//242 397//242 414//341
f 414//341 397//242 398//242 415//334
f 364/196/342 356/162/343 357/164/344 365/198/345
f 365/198/345 357/164/344 358/166/346 366/200/347
f 366/200/347 358/166/346 359/168/348 367/202/349
f 367/202/349 359/168/348 360/170/350 368/204/351
f 368/204/351 360/170/350 361/172/352 369/206/353
f 369/206/353 361/172/352 362/174/354 370/208/355
f 370/208/355 362/174/354 363/176/356 371/210/357
f 371/210/357 363/176/356 356/178/343 364/212/342
f 372/230/358 364/196/342 365/198/345 373/232/359
f 373/232/359 365/198/345 366/200/347 374/234/360
f 374/234/360 366/200/347 367/202/349 375/236/361
f 375/236/361 367/202/349 368/204/351 376/238/362
f 376/238/362 368/204/351 369/206/353 377/240/363
f 377/240/363 369/206/353 370/208/355 378/242/364
f 378/242/364 370/208/355 371/210/357 379/244/365
f 379/244/365 371/210/357 364/212/342 372/246/358
f 380/272/366 378/242/364 379/244/365 372/246/358
f 380/273/366 376/238/362 377/240/363 378/242/364
f 380/274/366 374/234/360 375/236/361 376/238/362
f 380/275/366 372/230/358 373/232/359 374/234/360
f 363/176/356 381//367 382/144/368 356/178/343
f 356/162/343 382/128/368 383//369 357/164/344
f 357/164/344 383//369 384/132/370 358/166/346
f 358/166/346 384/132/370 385//371 359/168/348
f 359/168/348 385//371 386/136/372 360/170/350
f 360/170/350 386/136/372 387//373 361/172/352
f 362/174/354 388/140/374 381//367 363/176/356
f 361/172/352 387//373 388/140/374 362/174/354
f 390//375 382/128/368 381//367 389//376
f 389//376 349//377 350//378 390//375
f 391//379 383//369 382/128/368 390//375
f 390//375 350//378 351//380 391//379
f 392//381 384/132/370 383//369 391//379
f 391//379 351//380 352//382 392//381
f 393//383 385//371 384/132/370 392//381
f 392//381 352//382 353//384 393//383
f 394//385 386/136/372 385//371 393//383
f 393//383 353//384 354//386 394//385
f 395//387 387//373 386/136/372 394//385
f 394//385 354//386 355//388 395//387
f 389//376 381//367 388/140/374 396//389
f 396//389 348//390 349//377 389//376
f 396//389 388/140/374 387//373 395//387
f 395//387 355//388 348//390 396//389
f 399//242 398//242 406/276/391 407/277/392
f 398//242 397//242 405/276/393 406/276/391
f 397//242 404//242 412/276/394 405/276/393
f 404//242 403//242 411/276/395 412/276/394
f 403//242 402//242 410/276/396 411/276/395
f 402//242 401//242 409/276/397 410/276/396
f 401//242 400//242 408/276/398 409/276/397
f 400//242 399//242 407/277/392 408/276/398
f 414//341 415//334 416//399 413//400
f 415//334 417//335 418//401 416//399
f 417//335 419//336 420//402 418//401
f 419//336 421//337 422//403 420//402
f 421//337 423//338 424//404 422//403
f 423//338 425//339 426//405 424//404
f 425//339 427//340 428//406 426//405
f 427//340 414//341 413//400 428//406
f 430//323 428//406 413//400 429//407
f 429//407 348//390 355//388 430//323
f 431//322 426//405 428//406 430//323
f 430//323 355//388 354//386 431//322
f 432//321 424//404 426//405 431//322
f 431//322 354//386 353//384 432//321
f 433//408 422//403 424//404 432//321
f 432//321 353//384 352//382 433//408
f 434//319 420//402 422//403 433//408
f 433//408 352//382 351//380 434//319
f 435//318 418//401 420//402 434//319
f 434//319 351//380 350//378 435//318
f 436//316 416//399 418//401 435//318
f 435//318 350//378 349//377 436//316
f 429//407 413//400 416//399 436//316
f 436//316 349//377 348//390 429//407
f 406/276/391 437/278/409 438/279/410 407/277/392
f 405/276/393 439/278/411 437/279/409 406/277/391
f 412/276/394 440/278/412 439/279/411 405/277/393
f 411/276/395 441/278/413 440/279/412 412/277/394
f 410/276/396 442/278/414 441/279/413 411/277/395
f 409/276/397 443/278/415 442/279/414 410/277/396
f 408/276/398 444/278/416 443/279/415 409/277/397
f 407/276/392 438/278/410 444/279/416 408/277/398
f 437/276/409 445/278/316 446/279/333 438/277/410
f 438/276/410 446/278/333 447/279/319 444/277/416
f 444/276/416 447/278/319 448/279/320 443/277/415
f 443/276/415 448/278/320 449/279/321 442/277/414
f 442/276/414 449/278/321 450/279/332 441/277/413
f 441/276/413 450/278/332 451/279/323 440/277/412
f 440/276/412 451/278/323 452/279/417 439/277/411
f 439/276/411 452/278/417 445/279/316 437/277/409
f 520//418 522//419 504//420 503//421
f 522//419 524//422 505//423 504//420
f 524//422 526//424 506//425 505//423
f 526//424 528//426 507//427 506//425
f 528//426 530//428 508//429 507//427
f 530//428 532//430 509//431 508//429
f 532//430 519//432 502//433 509//431
f 519//432 520//418 503//421 502//433
f 469/196/434 470/198/435 462/164/436 461/162/437
f 470/198/435 471/200/438 463/166/439 462/164/436
f 471/200/438 472/202/440 464/168/441 463/166/439
f 472/202/440 473/204/442 465/170/443 464/168/441
f 473/204/442 474/206/444 466/172/445 465/170/443
f 474/206/444 475/208/446 467/174/447 466/172/445
f 475/208/446 476/210/448 468/176/449 467/174/447
f 476/210/448 469/212/434 461/178/437 468/176/449
f 477/230/450 478/232/451 470/198/435 469/196/434
f 478/232/451 479/234/452 471/200/438 470/198/435
f 479/234/452 480/236/453 472/202/440 471/200/438
f 480/236/453 481/238/454 473/204/442 472/202/440
f 481/238/454 482/240/455 474/206/444 473/204/442
f 482/240/455 483/242/456 475/208/446 474/206/444
f 483/242/456 484/244/457 476/210/448 475/208/446
f 484/244/457 477/246/450 469/212/434 476/210/448
f 485/272/458 477/246/450 484/244/457 483/242/456
f 485/273/458 483/242/456 482/240/455 481/238/454
f 485/274/458 481/238/454 480/236/453 479/234/452
f 485/275/458 479/234/452 478/232/451 477/230/450
f 468/176/449 461/178/437 487/144/459 486//460
f 461/162/437 462/164/436 488//461 487/128/459
f 462/164/436 463/166/439 489/132/462 488//461
f 463/166/439 464/168/441 490//463 489/132/462
f 464/168/441 465/170/443 491/136/464 490//463
f 465/170/443 466/172/445 492//465 491/136/464
f 467/174/447 468/176/449 486//460 493/140/466
f 466/172/445 467/174/447 493/140/466 492//465
f 495//467 494//468 486//460 487/128/459
f 494//468 495//467 455//469 454//470
f 496//471 495//467 487/128/459 488//461
f 495//467 496//471 456//472 455//469
f 497//473 496//471 488//461 489/132/462
f 496//471 497//473 457//474 456//472
f 498//475 497//473 489/132/462 490//463
f 497//473 498//475 458//476 457//474
f 499//477 498//475 490//463 491/136/464
f 498//475 499//477 459//478 458//476
f 500//479 499//477 491/136/464 492//465
f 499//477 500//479 460//480 459//478
f 494//468 501//481 493/140/466 486//460
f 501//481 494//468 454//470 453//482
f 501//481 500//479 492//465 493/140/466
f 500//479 501//481 453//482 460//480
f 504//420 512/277/483 511/276/484 503//421
f 503//421 511/276/484 510/276/485 502//433
f 502//433 510/276/485 517/276/486 509//431
f 509//431 517/276/486 516/276/487 508//429
f 508//429 516/276/487 515/276/488 507//427
f 507//427 515/276/488 514/276/489 506//425
f 506//425 514/276/489 513/276/490 505//423
f 505//423 513/276/490 512/277/483 504//420
f 519//432 518//491 521//492 520//418
f 520//418 521//492 523//493 522//419
f 522//419 523//493 525//494 524//422
f 524//422 525//494 527//495 526//424
f 526//424 527//495 529//496 528//426
f 528//426 529//496 531//497 530//428
f 530//428 531//497 533//498 532//430
f 532//430 533//498 518//491 519//432
f 535//499 534//500 518//491 533//498
f 534//500 535//499 460//480 453//482
f 536//501 535//499 533//498 531//497
f 535//499 536//501 459//478 460//480
f 537//502 536//501 531//497 529//496
f 536//501 537//502 458//476 459//478
f 538//503 537//502 529//496 527//495
f 537//502 538//503 457//474 458//476
f 539//504 538//503 527//495 525//494
f 538//503 539//504 456//472 457//474
f 540//505 539//504 525//494 523//493
f 539//504 540//505 455//469 456//472
f 541//506 540//505 523//493 521//492
f 540//505 541//506 454//470 455//469
f 534//500 541//506 521//492 518//491
f 541//506 534//500 453//482 454//470
f 511/276/484 512/277/483 543/279/507 542/278/508
f 510/276/485 511/277/484 542/279/508 544/278/509
f 517/276/486 510/277/485 544/279/509 545/278/510
f 516/276/487 517/277/486 545/279/510 546/278/511
f 515/276/488 516/277/487 546/279/511 547/278/512
f 514/276/489 515/277/488 547/279/512 548/278/513
f 513/276/490 514/277/489 548/279/513 549/278/514
f 512/276/483 513/277/490 549/279/514 543/278/507
f 542/276/508 543/277/507 551/279/515 550/278/516
f 543/276/507 549/277/514 552/279/517 551/278/515
f 549/276/514 548/277/513 553/279/518 552/278/517
f 548/276/513 547/277/512 554/279/519 553/278/518
f 547/276/512 546/277/511 555/279/520 554/278/519
f 546/276/511 545/277/510 556/279/521 555/278/520
f 545/276/510 544/277/509 557/279/522 556/278/521
f 544/276/509 542/277/508 550/279/516 557/278/522
f 625//523 608//524 609//525 627//526
f 627//526 609//525 610//527 629//528
f 629//528 610//527 611//529 631//530
f 631//530 611//529 612//531 633//532
f 633//532 612//531 613//533 635//534
f 635//534 613//533 614//535 637//536
f 637//536 614//535 607//537 624//538
f 624//538 607//537 608//524 625//523
f 574/196/539 566/162/540 567/164/541 575/198/542
f 575/198/542 567/164/541 568/166/543 576/200/544
f 576/200/544 568/166/543 569/168/545 577/202/546
f 577/202/546 569/168/545 570/170/547 578/204/548
f 578/204/548 570/170/547 571/172/549 579/206/550
f 579/206/550 571/172/549 572/174/551 580/208/552
f 580/208/552 572/174/551 573/176/553 581/210/554
f 581/210/554 573/176/553 566/178/540 574/212/539
f 582/230/555 574/196/539 575/198/542 583/232/556
f 583/232/556 575/198/542 576/200/544 584/234/557
f 584/234/557 576/200/544 577/202/546 585/236/558
f 585/236/558 577/202/546 578/204/548 586/238/559
f 586/238/559 578/204/548 579/206/550 587/240/560
f 587/240/560 579/206/550 580/208/552 588/242/561
f 588/242/561 580/208/552 581/210/554 589/244/562
f 589/244/562 581/210/554 574/212/539 582/246/555
f 590/272/563 588/242/561 589/244/562 582/246/555
f 590/273/563 586/238/559 587/240/560 588/242/561
f 590/274/563 584/234/557 585/236/558 586/238/559
f 590/275/563 582/230/555 583/232/556 584/234/557
f 573/176/553 591//564 592/144/565 566/178/540
f 566/162/540 592/128/565 593//566 567/164/541
f 567/164/541 593//566 594/132/567 568/166/543
f 568/166/543 594/132/567 595//568 569/168/545
f 569/168/545 595//568 596/136/569 570/170/547
f 570/170/547 596/136/569 597//570 571/172/549
f 572/174/551 598/140/571 591//564 573/176/553
f 571/172/549 597//570 598/140/571 572/174/551
f 600//572 592/128/565 591//564 599//573
f 599//573 559//574 560//575 600//572
f 601//576 593//566 592/128/565 600//572
f 600//572 560//575 561//577 601//576
f 602//578 594/132/567 593//566 601//576
f 601//576 561//577 562//579 602//578
f 603//580 595//568 594/132/567 602//578
f 602//578 562//579 563//581 603//580
f 604//582 596/136/569 595//568 603//580
f 603//580 563//581 564//583 604//582
f 605//584 597//570 596/136/569 604//582
f 604//582 564//583 565//585 605//584
f 599//573 591//564 598/140/571 606//586
f 606//586 558//587 559//574 599//573
f 606//586 598/140/571 597//570 605//584
f 605//584 565//585 558//587 606//586
f 609//525 608//524 616/276/588 617/277/589
f 608//524 607//537 615/276/590 616/276/588
f 607//537 614//535 622/276/591 615/276/590
f 614//535 613//533 621/276/592 622/276/591
f 613//533 612//531 620/276/593 621/276/592
f 612//531 611//529 619/276/594 620/276/593
f 611//529 610//527 618/276/595 619/276/594
f 610//527 609//525 617/277/589 618/276/595
f 624//538 625//523 626//596 623//597
f 625//523 627//526 628//598 626//596
f 627//526 629//528 630//599 628//598
f 629//528 631//530 632//600 630//599
f 631//530 633//532 634//601 632//600
f 633//532 635//534 636//602 634//601
f 635//534 637//536 638//603 636//602
f 637//536 624//538 623//597 638//603
f 640//604 638//603 623//597 639//605
f 639//605 558//587 565//585 640//604
f 641//606 636//602 638//603 640//604
f 640//604 565//585 564//583 641//606
f 642//607 634//601 636//602 641//606
f 641//606 564//583 563//581 642//607
f 643//608 632//600 634//601 642//607
f 642//607 563//581 562//579 643//608
f 644//609 630//599 632//600 643//608
f 643//608 562//579 561//577 644//609
f 645//610 628//598 630//599 644//609
f 644//609 561//577 560//575 645//610
f 646//611 626//596 628//598 645//610
f 645//610 560//575 559//574 646//611
f 639//605 623//597 626//596 646//611
f 646//611 559//574 558//587 639//605
f 616/276/588 647/278/612 648/279/613 617/277/589
f 615/276/590 649/278/614 647/279/612 616/277/588
f 622/276/591 650/278/615 649/279/614 615/277/590
f 621/276/592 651/278/616 650/279/615 622/277/591
f 620/276/593 652/278/617 651/279/616 621/277/592
f 619/276/594 653/278/618 652/279/617 620/277/593
f 618/276/595 654/278/619 653/279/618 619/277/594
f 617/276/589 648/278/613 654/279/619 618/277/595
f 647/276/612 655/278/620 656/279/621 648/277/613
f 648/276/613 656/278/621 657/279/622 654/277/619
f 654/276/619 657/278/622 658/279/623 653/277/618
f 653/276/618 658/278/623 659/279/624 652/277/617
f 652/276/617 659/278/624 660/279/625 651/277/616
f 651/276/616 660/278/625 661/279/626 650/277/615
f 650/276/615 661/278/626 662/279/627 649/277/614
f 649/276/614 662/278/627 655/279/620 647/277/612
f 730//628 713//629 714//630 732//631
f 732//631 714//630 715//632 734//633
f 734//633 715//632 716//634 736//635
f 736//635 716//634 717//636 738//637
f 738//637 717//636 718//638 740//639
f 740//639 718//638 719//640 742//641
f 742//641 719//640 712//642 729//643
f 729//643 712//642 713//629 730//628
f 679/196/644 671/162/645 672/164/646 680/198/647
f 680/198/647 672/164/646 673/166/648 681/200/649
f 681/200/649 673/166/648 674/168/650 682/202/651
f 682/202/651 674/168/650 675/170/652 683/204/653
f 683/204/653 675/170/652 676/172/654 684/206/655
f 684/206/655 676/172/654 677/174/656 685/208/657
f 685/208/657 677/174/656 678/176/658 686/210/659
f 686/210/659 678/176/658 671/178/645 679/212/644
f 687/230/660 679/196/644 680/198/647 688/232/661
f 688/232/661 680/198/647 681/200/649 689/234/662
f 689/234/662 681/200/649 682/202/651 690/236/663
f 690/236/663 682/202/651 683/204/653 691/238/664
f 691/238/664 683/204/653 684/206/655 692/240/665
f 692/240/665 684/206/655 685/208/657 693/242/666
f 693/242/666 685/208/657 686/210/659 694/244/667
f 694/244/667 686/210/659 679/212/644 687/246/660
f 695/272/668 693/242/666 694/244/667 687/246/660
f 695/273/668 691/238/664 692/240/665 693/242/666
f 695/274/668 689/234/662 690/236/663 691/238/664
f 695/275/668 687/230/660 688/232/661 689/234/662
f 678/176/658 696//669 697/144/670 671/178/645
f 671/162/645 697/128/670 698//671 672/164/646
f 672/164/646 698//671 699/132/672 673/166/648
f 673/166/648 699/132/672 700//673 674/168/650
f 674/168/650 700//673 701/136/674 675/170/652
f 675/170/652 701/136/674 702//675 676/172/654
f 677/174/656 703/140/676 696//669 678/176/658
f 676/172/654 702//675 703/140/676 677/174/656
f 705//677 697/128/670 696//669 704//678
f 704//678 664//679 665//680 705//677
f 706//681 698//671 697/128/670 705//677
f 705//677 665//680 666//682 706//681
f 707//683 699/132/672 698//671 706//681
f 706//681 666//682 667//684 707//683
f 708//685 700//673 699/132/672 707//683
f 707//683 667//684 668//686 708//685
f 709//687 701/136/674 700//673 708//685
f 708//685 668//686 669//688 709//687
f 710//689 702//675 701/136/674 709//687
f 709//687 669//688 670//690 710//689
f 704//678 696//669 703/140/676 711//691
f 711//691 663//692 664//679 704//678
f 711//691 703/140/676 702//675 710//689
f 710//689 670//690 663//692 711//691
f 714//630 713//629 721/276/693 722/277/694
f 713//629 712//642 720/276/695 721/276/693
f 712//642 719//640 727/276/696 720/276/695
f 719//640 718//638 726/276/697 727/276/696
f 718//638 717//636 725/276/698 726/276/697
f 717//636 716//634 724/276/699 725/276/698
f 716//634 715//632 723/276/700 724/276/699
f 715//632 714//630 722/277/694 723/276/700
f 729//643 730//628 731//701 728//702
f 730//628 732//631 733//703 731//701
f 732//631 734//633 735//704 733//703
f 734//633 736//635 737//705 735//704
f 736//635 738//637 739//706 737//705
f 738//637 740//639 741//707 739//706
f 740//639 742//641 743//708 741//707
f 742//641 729//643 728//702 743//708
f 745//709 743//708 728//702 744//710
f 744//710 663//692 670//690 745//709
f 746//711 741//707 743//708 745//709
f 745//709 670//690 669//688 746//711
f 747//712 739//706 741//707 746//711
f 746//711 669//688 668//686 747//712
f 748//713 737//705 739//706 747//712
f 747//712 668//686 667//684 748//713
f 749//714 735//704 737//705 748//713
f 748//713 667//684 666//682 749//714
f 750//715 733//703 735//704 749//714
f 749//714 666//682 665//680 750//715
f 751//716 731//701 733//703 750//715
f 750//715 665//680 664//679 751//716
f 744//710 728//702 731//701 751//716
f 751//716 664//679 663//692 744//710
f 721/276/693 752/278/717 753/279/718 722/277/694
f 720/276/695 754/278/719 752/279/717 721/277/693
f 727/276/696 755/278/720 754/279/719 720/277/695
f 726/276/697 756/278/721 755/279/720 727/277/696
f 725/276/698 757/278/722 756/279/721 726/277/697
f 724/276/699 758/278/723 757/279/722 725/277/698
f 723/276/700 759/278/724 758/279/723 724/277/699
f 722/276/694 753/278/718 759/279/724 723/277/700
f 752/276/717 760/278/725 761/279/726 753/277/718
f 753/276/718 761/278/726 762/279/727 759/277/724
f 759/276/724 762/278/727 763/279/728 758/277/723
f 758/276/723 763/278/728 764/279/729 757/277/722
f 757/276/722 764/278/729 765/279/730 756/277/721
f 756/276/721 765/278/730 766/279/731 755/277/720
f 755/276/720 766/278/731 767/279/732 754/277/719
f 754/276/719 767/278/732 760/279/725 752/277/717
f 835//733 837//734 819//735 818//736
f 837//734 839//737 820//738 819//735
f 839//737 841//739 821//740 820//738
f 841//739 843//741 822//742 821//740
f 843//741 845//743 823//744 822//742
f 845//743 847//745 824//746 823//744
f 847//745 834//747 817//748 824//746
f 834//747 835//733 818//736 817//748
f 784/196/749 785/198/750 777/164/751 776/162/752
f 785/198/750 786/200/753 778/166/754 777/164/751
f 786/200/753 787/202/755 779/168/756 778/166/754
f 787/202/755 788/204/757 780/170/758 779/168/756
f 788/204/757 789/206/759 781/172/760 780/170/758
f 789/206/759 790/208/761 782/174/762 781/172/760
f 790/208/761 791/210/763 783/176/764 782/174/762
f 791/210/763 784/212/749 776/178/752 783/176/764
f 792/230/765 793/232/766 785/198/750 784/196/749
f 793/232/766 794/234/767 786/200/753 785/198/750
f 794/234/767 795/236/768 787/202/755 786/200/753
f 795/236/768 796/238/769 788/204/757 787/202/755
f 796/238/769 797/240/770 789/206/759 788/204/757
f 797/240/770 798/242/771 790/208/761 789/206/759
f 798/242/771 799/244/772 791/210/763 790/208/761
f 799/244/772 792/246/765 784/212/749 791/210/763
f 800/272/773 792/246/765 799/244/772 798/242/771
f 800/273/773 798/242/771 797/240/770 796/238/769
f 800/274/773 796/238/769 795/236/768 794/234/767
f 800/275/773 794/234/767 793/232/766 792/230/765
f 783/176/764 776/178/752 802/144/774 801//775
f 776/162/752 777/164/751 803//776 802/128/774
f 777/164/751 778/166/754 804/132/777 803//776
f 778/166/754 779/168/756 805//778 804/132/777
f 779/168/756 780/170/758 806/136/779 805//778
f 780/170/758 781/172/760 807//780 806/136/779
f 782/174/762 783/176/764 801//775 808/140/781
f 781/172/760 782/174/762 808/140/781 807//780
f 810//782 809//783 801//775 802/128/774
f 809//783 810//782 770//784 769//785
f 811//786 810//782 802/128/774 803//776
f 810//782 811//786 771//787 770//784
f 812//788 811//786 803//776 804/132/777
f 811//786 812//788 772//789 771//787
f 813//790 812//788 804/132/777 805//778
f 812//788 813//790 773//791 772//789
f 814//792 813//790 805//778 806/136/779
f 813//790 814//792 774//793 773//791
f 815//794 814//792 806/136/779 807//780
f 814//792 815//794 775//795 774//793
f 809//783 816//796 808/140/781 801//775
f 816//796 809//783 769//785 768//797
f 816//796 815//794 807//780 808/140/781
f 815//794 816//796 768//797 775//795
f 819//735 827/277/798 826/276/799 818//736
f 818//736 826/276/799 825/276/800 817//748
f 817//748 825/276/800 832/276/801 824//746
f 824//746 832/276/801 831/276/802 823//744
f 823//744 831/276/802 830/276/803 822//742
f 822//742 830/276/803 829/276/804 821//740
f 821//740 829/276/804 828/276/805 820//738
f 820//738 828/276/805 827/277/798 819//735
f 834//747 833//806 836//807 835//733
f 835//733 836//807 838//808 837//734
f 837//734 838//808 840//809 839//737
f 839//737 840//809 842//810 841//739
f 841//739 842//810 844//811 843//741
f 843//741 844//811 846//812 845//743
f 845//743 846//812 848//813 847//745
f 847//745 848//813 833//806 834//747
f 850//814 849//815 833//806 848//813
f 849//815 850//814 775//795 768//797
f 851//816 850//814 848//813 846//812
f 850//814 851//816 774//793 775//795
f 852//817 851//816 846//812 844//811
f 851//816 852//817 773//791 774//793
f 853//818 852//817 844//811 842//810
f 852//817 853//818 772//789 773//791
f 854//819 853//818 842//810 840//809
f 853//818 854//819 771//787 772//789
f 855//820 854//819 840//809 838//808
f 854//819 855//820 770//784 771//787
f 856//821 855//820 838//808 836//807
f 855//820 856//821 769//785 770//784
f 849//815 856//821 836//807 833//806
f 856//821 849//815 768//797 769//785
f 826/276/799 827/277/798 858/279/822 857/278/823
f 825/276/800 826/277/799 857/279/823 859/278/824
f 832/276/801 825/277/800 859/279/824 860/278/825
f 831/276/802 832/277/801 860/279/825 861/278/826
f 830/276/803 831/277/802 861/279/826 862/278/827
f 829/276/804 830/277/803 862/279/827 863/278/828
f 828/276/805 829/277/804 863/279/828 864/278/829
f 827/276/798 828/277/805 864/279/829 858/278/822
f 857/276/823 858/277/822 866/279/830 865/278/831
f 858/276/822 864/277/829 867/279/832 866/278/830
f 864/276/829 863/277/828 868/279/833 867/278/832
f 863/276/828 862/277/827 869/279/834 868/278/833
f 862/276/827 861/277/826 870/279/835 869/278/834
f 861/276/826 860/277/825 871/279/836 870/278/835
f 860/276/825 859/277/824 872/279/837 871/278/836
f 859/276/824 857/277/823 865/279/831 872/278/837
f 940//838 942//839 924//840 923//841
f 942//839 944//842 925//843 924//840
f 944//842 946//844 926//845 925//843
f 946//844 948//846 927//847 926//845
f 948//846 950//848 928//849 927//847
f 950//848 952//850 929//851 928//849
f 952//850 939//852 922//853 929//851
f 939//852 940//838 923//841 922//853
f 889/196/854 890/198/855 882/164/856 881/162/857
f 890/198/855 891/200/858 883/166/859 882/164/856
f 891/200/858 892/202/860 884/168/861 883/166/859
f 892/202/860 893/204/862 885/170/863 884/168/861
f 893/204/862 894/206/864 886/172/865 885/170/863
f 894/206/864 895/208/866 887/174/867 886/172/865
f 895/208/866 896/210/868 888/176/869 887/174/867
f 896/210/868 889/212/854 881/178/857 888/176/869
f 897/230/870 898/232/871 890/198/855 889/196/854
f 898/232/871 899/234/872 891/200/858 890/198/855
f 899/234/872 900/236/873 892/202/860 891/200/858
f 900/236/873 901/238/874 893/204/862 892/202/860
f 901/238/874 902/240/875 894/206/864 893/204/862
f 902/240/875 903/242/876 895/208/866 894/206/864
f 903/242/876 904/244/877 896/210/868 895/208/866
f 904/244/877 897/246/870 889/212/854 896/210/868
f 905/272/878 897/246/870 904/244/877 903/242/876
f 905/273/878 903/242/876 902/240/875 901/238/874
f 905/274/878 901/238/874 900/236/873 899/234/872
f 905/275/878 899/234/872 898/232/871 897/230/870
f 888/176/869 881/178/857 907/144/879 906//880
f 881/162/857 882/164/856 908//881 907/128/879
f 882/164/856 883/166/859 909/132/882 908//881
f 883/166/859 884/168/861 910//883 909/132/882
f 884/168/861 885/170/863 911/136/884 910//883
f 885/170/863 886/172/865 912//885 911/136/884
f 887/174/867 888/176/869 906//880 913/140/886
f 886/172/865 887/174/867 913/140/886 912//885
f 915//887 914//888 906//880 907/128/879
f 914//888 915//887 875//889 874//890
f 916//891 915//887 907/128/879 908//881
f 915//887 916//891 876//892 875//889
f 917//893 916//891 908//881 909/132/882
f 916//891 917//893 877//894 876//892
f 918//895 917//893 909/132/882 910//883
f 917//893 918//895 878//896 877//894
f 919//897 918//895 910//883 911/136/884
f 918//895 919//897 879//898 878//896
f 920//899 919//897 911/136/884 912//885
f 919//897 920//899 880//900 879//898
f 914//888 921//901 913/140/886 906//880
f 921//901 914//888 874//890 873//902
f 921//901 920//899 912//885 913/140/886
f 920//899 921//901 873//902 880//900
f 924//840 932/277/903 931/276/904 923//841
f 923//841 931/276/904 930/276/905 922//853
f 922//853 930/276/905 937/276/906 929//851
f 929//851 937/276/906 936/276/907 928//849
f 928//849 936/276/907 935/276/908 927//847
f 927//847 935/276/908 934/276/909 926//845
f 926//845 934/276/909 933/276/910 925//843
f 925//843 933/276/910 932/277/903 924//840
f 939//852 938//911 941//912 940//838
f 940//838 941//912 943//913 942//839
f 942//839 943//913 945//914 944//842
f 944//842 945//914 947//915 946//844
f 946//844 947//915 949//916 948//846
f 948//846 949//916 951//917 950//848
f 950//848 951//917 953//918 952//850
f 952//850 953//918 938//911 939//852
f 955//919 954//920 938//911 953//918
f 954//920 955//919 880//900 873//902
f 956//921 955//919 953//918 951//917
f 955//919 956//921 879//898 880//900
f 957//922 956//921 951//917 949//916
f 956//921 957//922 878//896 879//898
f 958//923 957//922 949//916 947//915
f 957//922 958//923 877//894 878//896
f 959//924 958//923 947//915 945//914
f 958//923 959//924 876//892 877//894
f 960//925 959//924 945//914 943//913
f 959//924 960//925 875//889 876//892
f 961//926 960//925 943//913 941//912
f 960//925 961//926 874//890 875//889
f 954//920 961//926 941//912 938//911
f 961//926 954//920 873//902 874//890
f 931/276/904 932/277/903 963/279/927 962/278/928
f 930/276/905 931/277/904 962/279/928 964/278/929
f 937/276/906 930/277/905 964/279/929 965/278/930
f 936/276/907 937/277/906 965/279/930 966/278/931
f 935/276/908 936/277/907 966/279/931 967/278/932
f 934/276/909 935/277/908 967/279/932 968/278/933
f 933/276/910 934/277/909 968/279/933 969/278/934
f 932/276/903 933/277/910 969/279/934 963/278/927
f 962/276/928 963/277/927 971/279/935 970/278/936
f 963/276/927 969/277/934 972/279/937 971/278/935
f 969/276/934 968/277/933 973/279/938 972/278/937
f 968/276/933 967/277/932 974/279/939 973/278/938
f 967/276/932 966/277/931 975/279/940 974/278/939
f 966/276/931 965/277/930 976/279/941 975/278/940
f 965/276/930 964/277/929 977/279/942 976/278/941
f 964/276/929 962/277/928 970/279/936 977/278/942
f 1045//943 1028//944 1029//945 1047//946
f 1047//946 1029//945 1030//947 1049//948
f 1049//948 1030//947 1031//949 1051//950
f 1051//950 1031//949 1032//951 1053//952
f 1053//952 1032//951 1033//953 1055//954
f 1055//954 1033//953 1034//955 1057//956
f 1057//956 1034//955 1027//957 1044//958
f 1044//958 1027//957 1028//944 1045//943
f 994/196/959 986/162/960 987/164/961 995/198/962
f 995/198/962 987/164/961 988/166/963 996/200/964
f 996/200/964 988/166/963 989/168/965 997/202/966
f 997/202/966 989/168/965 990/170/967 998/204/968
f 998/204/968 990/170/967 991/172/969 999/206/970
f 999/206/970 991/172/969 992/174/971 1000/208/972
f 1000/208/972 992/174/971 993/176/973 1001/210/974
f 1001/210/974 993/176/973 986/178/960 994/212/959
f 1002/230/975 994/196/959 995/198/962 1003/232/976
f 1003/232/976 995/198/962 996/200/964 1004/234/977
f 1004/234/977 996/200/964 997/202/966 1005/236/978
f 1005/236/978 997/202/966 998/204/968 1006/238/979
f 1006/238/979 998/204/968 999/206/970 1007/240/980
f 1007/240/980 999/206/970 1000/208/972 1008/242/981
f 1008/242/981 1000/208/972 1001/210/974 1009/244/982
f 1009/244/982 1001/210/974 994/212/959 1002/246/975
f 1010/272/983 1008/242/981 1009/244/982 1002/246/975
f 1010/273/983 1006/238/979 1007/240/980 1008/242/981
f 1010/274/983 1004/234/977 1005/236/978 1006/238/979
f 1010/275/983 1002/230/975 1003/232/976 1004/234/977
f 993/176/973 1011//984 1012/144/985 986/178/960
f 986/162/960 1012/128/985 1013//986 987/164/961
f 987/164/961 1013//986 1014/132/987 988/166/963
f 988/166/963 1014/132/987 1015//988 989/168/965
f 989/168/965 1015//988 1016/136/989 990/170/967
f 990/170/967 1016/136/989 1017//990 991/172/969
f 992/174/971 1018/140/991 1011//984 993/176/973
f 991/172/969 1017//990 1018/140/991 992/174/971
f 1020//992 1012/128/985 1011//984 1019//993
f 1019//993 979//994 980//995 1020//992
f 1021//996 1013//986 1012/128/985 1020//992
f 1020//992 980//995 981//997 1021//996
f 1022//998 1014/132/987 1013//986 1021//996
f 1021//996 981//997 982//999 1022//998
f 1023//1000 1015//988 1014/132/987 1022//998
f 1022//998 982//999 983//1001 1023//1000
f 1024//1002 1016/136/989 1015//988 1023//1000
f 1023//1000 983//1001 984//1003 1024//1002
f 1025//1004 1017//990 1016/136/989 1024//1002
f 1024//1002 984//1003 985//1005 1025//1004
f 1019//993 1011//984 1018/140/991 1026//1006
f 1026//1006 978//1007 979//994 1019//993
f 1026//1006 1018/140/991 1017//990 1025//1004
f 1025//1004 985//1005 978//1007 1026//1006
f 1029//945 1028//944 1036/276/1008 1037/277/1009
f 1028//944 1027//957 1035/276/1010 1036/276/1008
f 1027//957 1034//955 1042/276/1011 1035/276/1010
f 1034//955 1033//953 1041/276/1012 1042/276/1011
f 1033//953 1032//951 1040/276/1013 1041/276/1012
f 1032//951 1031//949 1039/276/1014 1040/276/1013
f 1031//949 1030//947 1038/276/1015 1039/276/1014
f 1030//947 1029//945 1037/277/1009 1038/276/1015
f 1044//958 1045//943 1046//1016 1043//1017
f 1045//943 1047//946 1048//1018 1046//1016
f 1047//946 1049//948 1050//1019 1048//1018
f 1049//948 1051//950 1052//1020 1050//1019
f 1051//950 1053//952 1054//1021 1052//1020
f 1053//952 1055//954 1056//1022 1054//1021
f 1055//954 1057//956 1058//1023 1056//1022
f 1057//956 1044//958 1043//1017 1058//1023
f 1060//1024 1058//1023 1043//1017 1059//1025
f 1059//1025 978//1007 985//1005 1060//1024
f 1061//1026 1056//1022 1058//1023 1060//1024
f 1060//1024 985//1005 984//1003 1061//1026
f 1062//1027 1054//1021 1056//1022 1061//1026
f 1061//1026 984//1003 983//1001 1062//1027
f 1063//1028 1052//1020 1054//1021 1062//1027
f 1062//1027 983//1001 982//999 1063//1028
f 1064//1029 1050//1019 1052//1020 1063//1028
f 1063//1028 982//999 981//997 1064//1029
f 1065//1030 1048//1018 1050//1019 1064//1029
f 1064//1029 981//997 980//995 1065//1030
f 1066//1031 1046//1016 1048//1018 1065//1030
f 1065//1030 980//995 979//994 1066//1031
f 1059//1025 1043//1017 1046//1016 1066//1031
f 1066//1031 979//994 978//1007 1059//1025
f 1036/276/1008 1067/278/1032 1068/279/1033 1037/277/1009
f 1035/276/1010 1069/278/1034 1067/279/1032 1036/277/1008
f 1042/276/1011 1070/278/1035 1069/279/1034 1035/277/1010
f 1041/276/1012 1071/278/1036 1070/279/1035 1042/277/1011
f 1040/276/1013 1072/278/1037 1071/279/1036 1041/277/1012
f 1039/276/1014 1073/278/1038 1072/279/1037 1040/277/1013
f 1038/276/1015 1074/278/1039 1073/279/1038 1039/277/1014
f 1037/276/1009 1068/278/1033 1074/279/1039 1038/277/1015
f 1067/276/1032 1075/278/1040 1076/279/1041 1068/277/1033
f 1068/276/1033 1076/278/1041 1077/279/1042 1074/277/1039
f 1074/276/1039 1077/278/1042 1078/279/1043 1073/277/1038
f 1073/276/1038 1078/278/1043 1079/279/1044 1072/277/1037
f 1072/276/1037 1079/278/1044 1080/279/1045 1071/277/1036
f 1071/276/1036 1080/278/1045 1081/279/1046 1070/277/1035
f 1070/276/1035 1081/278/1046 1082/279/1047 1069/277/1034
f 1069/276/1034 1082/278/1047 1075/279/1040 1067/277/1032
f 1150//1048 1133//1049 1134//1050 1152//1051
f 1152//1051 1134//1050 1135//1052 1154//1053
f 1154//1053 1135//1052 1136//1054 1156//1055
f 1156//1055 1136//1054 1137//1056 1158//1057
f 1158//1057 1137//1056 1138//1058 1160//1059
f 1160//1059 1138//1058 1139//1060 1162//1061
f 1162//1061 1139//1060 1132//1062 1149//1063
f 1149//1063 1132//1062 1133//1049 1150//1048
f 1099/196/1064 1091/162/1065 1092/164/1066 1100/198/1067
f 1100/198/1067 1092/164/1066 1093/166/1068 1101/200/1069
f 1101/200/1069 1093/166/1068 1094/168/1070 1102/202/1071
f 1102/202/1071 1094/168/1070 1095/170/1072 1103/204/1073
f 1103/204/1073 1095/170/1072 1096/172/1074 1104/206/1075
f 1104/206/1075 1096/172/1074 1097/174/1076 1105/208/1077
f 1105/208/1077 1097/174/1076 1098/176/1078 1106/210/1079
f 1106/210/1079 1098/176/1078 1091/178/1065 1099/212/1064
f 1107/230/1080 1099/196/1064 1100/198/1067 1108/232/1081
f 1108/232/1081 1100/198/1067 1101/200/1069 1109/234/1082
f 1109/234/1082 1101/200/1069 1102/202/1071 1110/236/1083
f 1110/236/1083 1102/202/1071 1103/204/1073 1111/238/1084
f 1111/238/1084 1103/204/1073 1104/206/1075 1112/240/1085
f 1112/240/1085 1104/206/1075 1105/208/1077 1113/242/1086
f 1113/242/1086 1105/208/1077 1106/210/1079 1114/244/1087
f 1114/244/1087 1106/210/1079 1099/212/1064 1107/246/1080
f 1115/272/1088 1113/242/1086 1114/244/1087 1107/246/1080
f 1115/273/1088 1111/238/1084 1112/240/1085 1113/242/1086
f 1115/274/1088 1109/234/1082 1110/236/1083 1111/238/1084
f 1115/275/1088 1107/230/1080 1108/232/1081 1109/234/1082
f 1098/176/1078 1116//1089 1117/144/1090 1091/178/1065
f 1091/162/1065 1117/128/1090 1118//1091 1092/164/1066
f 1092/164/1066 1118//1091 1119/132/1092 1093/166/1068
f 1093/166/1068 1119/132/1092 1120//1093 1094/168/1070
f 1094/168/1070 1120//1093 1121/136/1094 1095/170/1072
f 1095/170/1072 1121/136/1094 1122//1095 1096/172/1074
f 1097/174/1076 1123/140/1096 1116//1089 1098/176/1078
f 1096/172/1074 1122//1095 1123/140/1096 1097/174/1076
f 1125//1097 1117/128/1090 1116//1089 1124//1098
f 1124//1098 1084//1099 1085//1100 1125//1097
f 1126//1101 1118//1091 1117/128/1090 1125//1097
f 1125//1097 1085//1100 1086//1102 1126//1101
f 1127//1103 1119/132/1092 1118//1091 1126//1101
f 1126//1101 1086//1102 1087//1104 1127//1103
f 1128//1105 1120//1093 1119/132/1092 1127//1103
f 1127//1103 1087//1104 1088//1106 1128//1105
f 1129//1107 1121/136/1094 1120//1093 1128//1105
f 1128//1105 1088//1106 1089//1108 1129//1107
f 1130//1109 1122//1095 1121/136/1094 1129//1107
f 1129//1107 1089//1108 1090//1110 1130//1109
f 1124//1098 1116//1089 1123/140/1096 1131//1111
f 1131//1111 1083//1112 1084//1099 1124//1098
f 1131//1111 1123/140/1096 1122//1095 1130//1109
f 1130//1109 1090//1110 1083//1112 1131//1111
f 1134//1050 1133//1049 1141/276/1113 1142/277/1114
f 1133//1049 1132//1062 1140/276/1115 1141/276/1113
f 1132//1062 1139//1060 1147/276/1116 1140/276/1115
f 1139//1060 1138//1058 1146/276/1117 1147/276/1116
f 1138//1058 1137//1056 1145/276/1118 1146/276/1117
f 1137//1056 1136//1054 1144/276/1119 1145/276/1118
f 1136//1054 1135//1052 1143/276/1120 1144/276/1119
f 1135//1052 1134//1050 1142/277/1114 1143/276/1120
f 1149//1063 1150//1048 1151//1121 1148//1122
f 1150//1048 1152//1051 1153//1123 1151//1121
f 1152//1051 1154//1053 1155//1124 1153//1123
f 1154//1053 1156//1055 1157//1125 1155//1124
f 1156//1055 1158//1057 1159//1126 1157//1125
f 1158//1057 1160//1059 1161//1127 1159//1126
f 1160//1059 1162//1061 1163//1128 1161//1127
f 1162//1061 1149//1063 1148//1122 1163//1128
f 1165//1129 1163//1128 1148//1122 1164//1130
f 1164//1130 1083//1112 1090//1110 1165//1129
f 1166//1131 1161//1127 1163//1128 1165//1129
f 1165//1129 1090//1110 1089//1108 1166//1131
f 1167//1132 1159//1126 1161//1127 1166//1131
f 1166//1131 1089//1108 1088//1106 1167//1132
f 1168//1133 1157//1125 1159//1126 1167//1132
f 1167//1132 1088//1106 1087//1104 1168//1133
f 1169//1134 1155//1124 1157//1125 1168//1133
f 1168//1133 1087//1104 1086//1102 1169//1134
f 1170//1135 1153//1123 1155//1124 1169//1134
f 1169//1134 1086//1102 1085//1100 1170//1135
f 1171//1136 1151//1121 1153//1123 1170//1135
f 1170//1135 1085//1100 1084//1099 1171//1136
f 1164//1130 1148//1122 1151//1121 1171//1136
f 1171//1136 1084//1099 1083//1112 1164//1130
f 1141/276/1113 1172/278/1137 1173/279/1138 1142/277/1114
f 1140/276/1115 1174/278/1139 1172/279/1137 1141/277/1113
f 1147/276/1116 1175/278/1140 1174/279/1139 1140/277/1115
f 1146/276/1117 1176/278/1141 1175/279/1140 1147/277/1116
f 1145/276/1118 1177/278/1142 1176/279/1141 1146/277/1117
f 1144/276/1119 1178/278/1143 1177/279/1142 1145/277/1118
f 1143/276/1120 1179/278/1144 1178/279/1143 1144/277/1119
f 1142/276/1114 1173/278/1138 1179/279/1144 1143/277/1120
f 1172/276/1137 1180/278/1145 1181/279/1146 1173/277/1138
f 1173/276/1138 1181/278/1146 1182/279/1147 1179/277/1144
f 1179/276/1144 1182/278/1147 1183/279/1148 1178/277/1143
f 1178/276/1143 1183/278/1148 1184/279/1149 1177/277/1142
f 1177/276/1142 1184/278/1149 1185/279/1150 1176/277/1141
f 1176/276/1141 1185/278/1150 1186/279/1151 1175/277/1140
f 1175/276/1140 1186/278/1151 1187/279/1152 1174/277/1139
f 1174/276/1139 1187/278/1152 1180/279/1145 1172/277/1137
f 1255//1153 1257//1154 1239//1155 1238//1156
f 1257//1154 1259//1157 1240//1158 1239//1155
f 1259//1157 1261//1159 1241//1160 1240//1158
f 1261//1159 1263//1161 1242//1162 1241//1160
f 1263//1161 1265//1163 1243//1164 1242//1162
f 1265//1163 1267//1165 1244//1166 1243//1164
f 1267//1165 1254//1167 1237//1168 1244//1166
f 1254//1167 1255//1153 1238//1156 1237//1168
f 1204/196/1169 1205/198/1170 1197/164/1171 1196/162/1172
f 1205/198/1170 1206/200/1173 1198/166/1174 1197/164/1171
f 1206/200/1173 1207/202/1175 1199/168/1176 1198/166/1174
f 1207/202/1175 1208/204/1177 1200/170/1178 1199/168/1176
f 1208/204/1177 1209/206/1179 1201/172/1180 1200/170/1178
f 1209/206/1179 1210/208/1181 1202/174/1182 1201/172/1180
f 1210/208/1181 1211/210/1183 1203/176/1184 1202/174/1182
f 1211/210/1183 1204/212/1169 1196/178/1172 1203/176/1184
f 1212/230/1185 1213/232/1186 1205/198/1170 1204/196/1169
f 1213/232/1186 1214/234/1187 1206/200/1173 1205/198/1170
f 1214/234/1187 1215/236/1188 1207/202/1175 1206/200/1173
f 1215/236/1188 1216/238/1189 1208/204/1177 1207/202/1175
f 1216/238/1189 1217/240/1190 1209/206/1179 1208/204/1177
f 1217/240/1190 1218/242/1191 1210/208/1181 1209/206/1179
f 1218/242/1191 1219/244/1192 1211/210/1183 1210/208/1181
f 1219/244/1192 1212/246/1185 1204/212/1169 1211/210/1183
f 1220/272/1193 1212/246/1185 1219/244/1192 1218/242/1191
f 1220/273/1193 1218/242/1191 1217/240/1190 1216/238/1189
f 1220/274/1193 1216/238/1189 1215/236/1188 1214/234/1187
f 1220/275/1193 1214/234/1187 1213/232/1186 1212/230/1185
f 1203/176/1184 1196/178/1172 1222/144/1194 1221//1195
f 1196/162/1172 1197/164/1171 1223//1196 1222/128/1194
f 1197/164/1171 1198/166/1174 1224/132/1197 1223//1196
f 1198/166/1174 1199/168/1176 1225//1198 1224/132/1197
f 1199/168/1176 1200/170/1178 1226/136/1199 1225//1198
f 1200/170/1178 1201/172/1180 1227//1200 1226/136/1199
f 1202/174/1182 1203/176/1184 1221//1195 1228/140/1201
f 1201/172/1180 1202/174/1182 1228/140/1201 1227//1200
f 1230//1202 1229//1203 1221//1195 1222/128/1194
f 1229//1203 1230//1202 1190//1204 1189//1205
f 1231//1206 1230//1202 1222/128/1194 1223//1196
f 1230//1202 1231//1206 1191//1207 1190//1204
f 1232//1208 1231//1206 1223//1196 1224/132/1197
f 1231//1206 1232//1208 1192//1209 1191//1207
f 1233//1210 1232//1208 1224/132/1197 1225//1198
f 1232//1208 1233//1210 1193//1211 1192//1209
f 1234//1212 1233//1210 1225//1198 1226/136/1199
f 1233//1210 1234//1212 1194//1213 1193//1211
f 1235//1214 1234//1212 1226/136/1199 1227//1200
f 1234//1212 1235//1214 1195//1215 1194//1213
f 1229//1203 1236//1216 1228/140/1201 1221//1195
f 1236//1216 1229//1203 1189//1205 1188//1217
f 1236//1216 1235//1214 1227//1200 1228/140/1201
f 1235//1214 1236//1216 1188//1217 1195//1215
f 1239//1155 1247/277/1218 1246/276/1219 1238//1156
f 1238//1156 1246/276/1219 1245/276/1220 1237//1168
f 1237//1168 1245/276/1220 1252/276/1221 1244//1166
f 1244//1166 1252/276/1221 1251/276/1222 1243//1164
f 1243//1164 1251/276/1222 1250/276/1223 1242//1162
f 1242//1162 1250/276/1223 1249/276/1224 1241//1160
f 1241//1160 1249/276/1224 1248/276/1225 1240//1158
f 1240//1158 1248/276/1225 1247/277/1218 1239//1155
f 1254//1167 1253//1226 1256//1227 1255//1153
f 1255//1153 1256//1227 1258//1228 1257//1154
f 1257//1154 1258//1228 1260//1229 1259//1157
f 1259//1157 1260//1229 1262//1230 1261//1159
f 1261//1159 1262//1230 1264//1231 1263//1161
f 1263//1161 1264//1231 1266//1232 1265//1163
f 1265//1163 1266//1232 1268//1233 1267//1165
f 1267//1165 1268//1233 1253//1226 1254//1167
f 1270//1234 1269//1235 1253//1226 1268//1233
f 1269//1235 1270//1234 1195//1215 1188//1217
f 1271//1236 1270//1234 1268//1233 1266//1232
f 1270//1234 1271//1236 1194//1213 1195//1215
f 1272//1237 1271//1236 1266//1232 1264//1231
f 1271//1236 1272//1237 1193//1211 1194//1213
f 1273//1238 1272//1237 1264//1231 1262//1230
f 1272//1237 1273//1238 1192//1209 1193//1211
f 1274//1239 1273//1238 1262//1230 1260//1229
f 1273//1238 1274//1239 1191//1207 1192//1209
f 1275//1240 1274//1239 1260//1229 1258//1228
f 1274//1239 1275//1240 1190//1204 1191//1207
f 1276//1241 1275//1240 1258//1228 1256//1227
f 1275//1240 1276//1241 1189//1205 1190//1204
f 1269//1235 1276//1241 1256//1227 1253//1226
f 1276//1241 1269//1235 1188//1217 1189//1205
f 1246/276/1219 1247/277/1218 1278/279/1242 1277/278/1243
f 1245/276/1220 1246/277/1219 1277/279/1243 1279/278/1244
f 1252/276/1221 1245/277/1220 1279/279/1244 1280/278/1245
f 1251/276/1222 1252/277/1221 1280/279/1245 1281/278/1246
f 1250/276/1223 1251/277/1222 1281/279/1246 1282/278/1247
f 1249/276/1224 1250/277/1223 1282/279/1247 1283/278/1248
f 1248/276/1225 1249/277/1224 1283/279/1248 1284/278/1249
f 1247/276/1218 1248/277/1225 1284/279/1249 1278/278/1242
f 1277/276/1243 1278/277/1242 1286/279/1250 1285/278/1251
f 1278/276/1242 1284/277/1249 1287/279/1252 1286/278/1250
f 1284/276/1249 1283/277/1248 1288/279/1253 1287/278/1252
f 1283/276/1248 1282/277/1247 1289/279/1254 1288/278/1253
f 1282/276/1247 1281/277/1246 1290/279/1255 1289/278/1254
f 1281/276/1246 1280/277/1245 1291/279/1256 1290/278/1255
f 1280/276/1245 1279/277/1244 1292/279/1257 1291/278/1256
f 1279/276/1244 1277/277/1243 1285/279/1251 1292/278/1257
